INFO flwr 2026-07-11 08:32:13,409 | app.py:225 | app_fit: losses_distributed [(1, 1013.3297237816231), (2, 596.113857390154), (3, 565.1376789093887), (4, 554.8536562827228), (5, 586.9344755389682), (6, 579.801625794584), (7, 559.1612601279126), (8, 543.9121797873378), (9, 507.05104662145436), (10, 631.3485088639686), (11, 635.8180142140263), (12, 589.4872741420965), (13, 584.9531574931862), (14, 528.499678031551), (15, 505.7096074358434), (16, 600.9696685464066), (17, 492.1449748713796), (18, 476.3781080695962), (19, 614.3108788884417), (20, 569.3525726895738), (21, 502.6929359966458), (22, 516.3570861468588), (23, 533.6530191157601), (24, 533.4723546219655), (25, 583.3371362627463), (26, 670.6280801397862), (27, 568.8349907246596), (28, 564.9977279951776), (29, 494.9435545288949), (30, 535.2323265588716), (31, 545.7187347377328), (32, 492.7716865409119), (33, 563.8533494095882), (34, 567.1900576888659), (35, 429.2814684994595), (36, 471.87546460177975), (37, 509.75050635388914), (38, 454.5624989008941), (39, 528.5832273275889), (40, 502.6875883041114), (41, 482.1371236244203), (42, 462.2403536905915), (43, 495.26085753796286), (44, 440.94421176636496), (45, 451.6227918615748), (46, 432.82482359212054), (47, 465.92169375883736), (48, 410.7677174540568), (49, 455.40819008181353), (50, 468.27573424861674)]
INFO flwr 2026-07-11 08:32:13,410 | app.py:226 | app_fit: metrics_distributed_fit {}
INFO flwr 2026-07-11 08:32:13,411 | app.py:227 | app_fit: metrics_distributed {'mae': [(1, 26.13953336268317), (2, 20.582366804666826), (3, 20.08682510231632), (4, 19.988196273205464), (5, 20.424855517232395), (6, 20.647079915154734), (7, 20.157917664429853), (8, 19.76070954953453), (9, 19.318603733446214), (10, 20.93360512539768), (11, 20.703170807670833), (12, 20.167223234070118), (13, 20.09134470163784), (14, 19.11705787463913), (15, 18.583718766159638), (16, 20.030458850308435), (17, 18.14155975213104), (18, 17.611301874282937), (19, 20.10964100491846), (20, 19.29140634408485), (21, 17.85910418953688), (22, 17.75981728558337), (23, 18.18522856472999), (24, 18.376125122654646), (25, 18.54404313770274), (26, 19.877822699023998), (27, 19.03618709606817), (28, 18.434710854138388), (29, 17.15847597541748), (30, 17.599113680872364), (31, 18.04298243925896), (32, 17.46568376946781), (33, 18.066467381675828), (34, 17.981294632392782), (35, 16.101415055907342), (36, 16.904449957662166), (37, 17.351529867251806), (38, 16.829382248829134), (39, 17.72830052720351), (40, 17.53375819084284), (41, 17.08747523038024), (42, 16.71628797073312), (43, 17.082898764070084), (44, 16.52293244695131), (45, 16.246245252697513), (46, 15.94181805383053), (47, 16.66861722636174), (48, 15.640115705307073), (49, 15.990403817296164), (50, 16.45593905791297)]}
INFO flwr 2026-07-11 08:32:13,412 | app.py:228 | app_fit: losses_centralized [(0, 0.0), (1, 0.0), (2, 0.0), (3, 0.0), (4, 0.0), (5, 0.0), (6, 0.0), (7, 0.0), (8, 0.0), (9, 0.0), (10, 0.0), (11, 0.0), (12, 0.0), (13, 0.0), (14, 0.0), (15, 0.0), (16, 0.0), (17, 0.0), (18, 0.0), (19, 0.0), (20, 0.0), (21, 0.0), (22, 0.0), (23, 0.0), (24, 0.0), (25, 0.0), (26, 0.0), (27, 0.0), (28, 0.0), (29, 0.0), (30, 0.0), (31, 0.0), (32, 0.0), (33, 0.0), (34, 0.0), (35, 0.0), (36, 0.0), (37, 0.0), (38, 0.0), (39, 0.0), (40, 0.0), (41, 0.0), (42, 0.0), (43, 0.0), (44, 0.0), (45, 0.0), (46, 0.0), (47, 0.0), (48, 0.0), (49, 0.0), (50, 0.0)]
INFO flwr 2026-07-11 08:32:13,413 | app.py:229 | app_fit: metrics_centralized {'mae': [(0, 74.50365953207016), (1, 24.458808541297913), (2, 18.975368976593018), (3, 18.281180992126465), (4, 17.195805435180663), (5, 16.258854265213014), (6, 16.402264757156374), (7, 15.730002264976502), (8, 15.500138401985168), (9, 15.212244772911072), (10, 16.94914092063904), (11, 16.450926876068117), (12, 16.091213731765748), (13, 15.683258261680603), (14, 15.309467520713806), (15, 14.371075344085693), (16, 15.783030657768249), (17, 14.173495225906372), (18, 12.972046823501588), (19, 16.003555817604067), (20, 15.218876399993896), (21, 13.520375137329102), (22, 13.989276390075684), (23, 14.377566995620727), (24, 13.936616458892821), (25, 15.499759140014648), (26, 16.122160692214965), (27, 13.78114719390869), (28, 14.357669486999512), (29, 14.28908836364746), (30, 14.956190118789673), (31, 14.237272748947143), (32, 13.5400350856781), (33, 15.60069224357605), (34, 15.731782341003418), (35, 12.937546052932738), (36, 13.442250509262085), (37, 13.81693066596985), (38, 12.990461587905884), (39, 14.318615264892578), (40, 13.388828105926514), (41, 13.187123050689697), (42, 12.56923397064209), (43, 13.769377937316895), (44, 13.067957057952881), (45, 13.147256412506103), (46, 12.791130905151368), (47, 13.580694637298585), (48, 12.054805126190185), (49, 13.111683750152588), (50, 12.857542839050293)], 'nasa_score': [(0, 463135.2335845616), (1, 15197.745874357564), (2, 2775.596568554096), (3, 2538.92840018698), (4, 1826.614068031771), (5, 1251.4754363605825), (6, 881.6039573867441), (7, 867.1459233207706), (8, 736.2212902887984), (9, 847.6926031597167), (10, 821.8199723674007), (11, 830.7846608965191), (12, 737.0065459793512), (13, 699.8760605644085), (14, 591.9695386774764), (15, 541.8203565066178), (16, 643.2371720781238), (17, 472.3101232882651), (18, 393.45680982007264), (19, 632.1342543292064), (20, 518.5052017339464), (21, 426.3347784011323), (22, 458.7057448537809), (23, 481.24495059126656), (24, 453.77924173684164), (25, 598.6755318402088), (26, 642.3616986573211), (27, 442.3063413988579), (28, 508.1893691432785), (29, 486.2285181614039), (30, 524.4487815142812), (31, 486.26059668001903), (32, 417.1007857202599), (33, 686.6183089091126), (34, 693.7642295568702), (35, 400.1471394670924), (36, 422.7169087208428), (37, 460.34540755919295), (38, 398.6851253308084), (39, 555.805443228808), (40, 436.8415020831133), (41, 398.77336015487805), (42, 389.4744852424672), (43, 469.874699639248), (44, 376.8503183094679), (45, 444.44507326300925), (46, 397.9651020286014), (47, 446.4963576094571), (48, 340.66362755194643), (49, 434.3191519822613), (50, 446.45598730068446)]}

FedAvg 42: {'method': 'fedavg', 'dataset': 'FD003', 'seed': 42, 'test_mae': 12.8575, 'nasa_score': 446.46, 'comm_kb': 28900.78}
INFO flwr 2026-07-11 08:59:20,685 | app.py:225 | app_fit: losses_distributed [(1, 847.0772375676004), (2, 498.3820395021764), (3, 376.59620785098815), (4, 383.2295129638063), (5, 381.0924874017958), (6, 354.9898523281538), (7, 393.27564659340624), (8, 421.97670211538315), (9, 365.6846768576605), (10, 335.1746264368122), (11, 343.189887819742), (12, 346.22715581067877), (13, 345.37860321463495), (14, 348.5208359874494), (15, 338.8567340181752), (16, 328.15440845885877), (17, 322.1807630702246), (18, 336.05690691496864), (19, 373.5584319662473), (20, 330.7566123195023), (21, 345.564763463148), (22, 362.5139968694495), (23, 333.43052549988454), (24, 309.29904170048206), (25, 332.7300426803424), (26, 326.3722232270023), (27, 320.04798668142365), (28, 333.41556425720876), (29, 309.4286535806886), (30, 310.7688185643476), (31, 306.2842648316698), (32, 315.214037390223), (33, 304.72103137288207), (34, 307.9145558992229), (35, 284.2694766265793), (36, 283.7704015019925), (37, 272.6138088483168), (38, 301.2098369487404), (39, 286.5969476422368), (40, 292.6639324768523), (41, 285.9606247962958), (42, 291.2776627512842), (43, 266.30881911204045), (44, 272.82466992436105), (45, 264.016748978511), (46, 252.97461823790843), (47, 250.99384933814147), (48, 262.6319799034772), (49, 260.26682451141943), (50, 252.26291685033024)]
INFO flwr 2026-07-11 08:59:20,685 | app.py:226 | app_fit: metrics_distributed_fit {}
INFO flwr 2026-07-11 08:59:20,686 | app.py:227 | app_fit: metrics_distributed {'mae': [(1, 26.10453272618954), (2, 17.713550576941728), (3, 15.977921080014553), (4, 16.278294806072143), (5, 16.416527850966798), (6, 15.025810271625408), (7, 16.026506771173263), (8, 16.493500346059317), (9, 15.194184596401795), (10, 14.605499225166175), (11, 14.814828926389255), (12, 14.384142296371714), (13, 14.573481798964744), (14, 14.962061415487593), (15, 14.748780218244887), (16, 14.442905421665284), (17, 14.710551705047278), (18, 14.634204017253886), (19, 15.112853312829287), (20, 14.698160336003735), (21, 15.203587921876661), (22, 15.0114690421129), (23, 14.648724356593435), (24, 13.38062118156097), (25, 15.112980612297408), (26, 14.270041550781364), (27, 14.459572408561993), (28, 14.211915262322176), (29, 13.922517930678497), (30, 14.032280259794328), (31, 13.910114220550232), (32, 13.786127833257789), (33, 13.751608862246659), (34, 13.93244943535536), (35, 13.115858648978762), (36, 13.474453178922632), (37, 13.090930535410804), (38, 13.722444791944445), (39, 13.508383420736514), (40, 13.68233484936474), (41, 13.344663166742174), (42, 13.659288285874567), (43, 13.065769169792372), (44, 13.18960372626732), (45, 12.662348917693965), (46, 12.305986973809285), (47, 12.102842218758955), (48, 12.702539708548947), (49, 12.596208582297029), (50, 12.650630068996998)]}
INFO flwr 2026-07-11 08:59:20,687 | app.py:228 | app_fit: losses_centralized [(0, 0.0), (1, 0.0), (2, 0.0), (3, 0.0), (4, 0.0), (5, 0.0), (6, 0.0), (7, 0.0), (8, 0.0), (9, 0.0), (10, 0.0), (11, 0.0), (12, 0.0), (13, 0.0), (14, 0.0), (15, 0.0), (16, 0.0), (17, 0.0), (18, 0.0), (19, 0.0), (20, 0.0), (21, 0.0), (22, 0.0), (23, 0.0), (24, 0.0), (25, 0.0), (26, 0.0), (27, 0.0), (28, 0.0), (29, 0.0), (30, 0.0), (31, 0.0), (32, 0.0), (33, 0.0), (34, 0.0), (35, 0.0), (36, 0.0), (37, 0.0), (38, 0.0), (39, 0.0), (40, 0.0), (41, 0.0), (42, 0.0), (43, 0.0), (44, 0.0), (45, 0.0), (46, 0.0), (47, 0.0), (48, 0.0), (49, 0.0), (50, 0.0)]
INFO flwr 2026-07-11 08:59:20,687 | app.py:229 | app_fit: metrics_centralized {'mae': [(0, 73.10681427717209), (1, 23.269146480560302), (2, 20.731563129425048), (3, 14.81289529800415), (4, 15.248975467681884), (5, 14.676699981689453), (6, 15.504568305015564), (7, 16.428687582015993), (8, 16.87519986629486), (9, 13.937547850608826), (10, 13.05840121269226), (11, 13.054455890655518), (12, 13.514028968811035), (13, 13.444966650009155), (14, 13.591235070228576), (15, 13.637924628257752), (16, 13.382388801574708), (17, 12.866613306999206), (18, 14.087989540100098), (19, 16.060240955352782), (20, 13.161444830894471), (21, 14.418659706115722), (22, 15.521009016036988), (23, 13.47548680305481), (24, 13.315768127441407), (25, 12.89278413772583), (26, 13.232639427185058), (27, 13.929775171279907), (28, 14.575145444869996), (29, 12.882913675308227), (30, 13.412001647949218), (31, 12.703073558807374), (32, 13.205857048034668), (33, 12.933870410919189), (34, 12.633456439971924), (35, 12.414001026153564), (36, 12.190917997360229), (37, 11.715175304412842), (38, 12.999632043838501), (39, 12.057202701568604), (40, 12.367346067428588), (41, 11.907345514297486), (42, 12.000671253204345), (43, 12.147659254074096), (44, 11.914559841156006), (45, 11.95451678276062), (46, 12.439634819030761), (47, 12.51884786605835), (48, 12.608351716995239), (49, 12.881080436706544), (50, 12.11820520401001)], 'nasa_score': [(0, 418059.23964838736), (1, 3950.553052886191), (2, 10265.287932825144), (3, 1527.024445609228), (4, 1512.4575059086599), (5, 1040.5396537102386), (6, 1755.670940321763), (7, 2095.39443292695), (8, 2133.0217398239542), (9, 1080.0494027798914), (10, 1035.4966095816217), (11, 829.7316435578191), (12, 1206.5723470541013), (13, 766.1423055494259), (14, 1032.820068592955), (15, 809.121886934678), (16, 461.68026005527486), (17, 788.0907827829559), (18, 1144.1075742918056), (19, 2044.7272291770353), (20, 837.233811628036), (21, 1242.3395004806096), (22, 1622.819749880846), (23, 937.2641377456569), (24, 1023.1323838946353), (25, 662.188451105851), (26, 866.0741084873654), (27, 1010.290798275469), (28, 1716.9010890707532), (29, 650.647709855055), (30, 879.7081923478386), (31, 654.4515399446238), (32, 715.9591362078544), (33, 687.9275425253002), (34, 688.1684085485149), (35, 670.4993934596292), (36, 588.5091527951155), (37, 495.75174365997987), (38, 812.3612064228408), (39, 527.5271617994094), (40, 574.9484579935455), (41, 548.7445187201592), (42, 429.79478936673803), (43, 522.5882884537003), (44, 558.3698894558328), (45, 547.5336592876395), (46, 618.2938669401701), (47, 688.6528249966008), (48, 593.733007530714), (49, 759.4870137843359), (50, 553.5044118314531)]}

FedAvg 101: {'method': 'fedavg', 'dataset': 'FD003', 'seed': 101, 'test_mae': 12.1182, 'nasa_score': 553.5, 'comm_kb': 28900.78}

INFO flwr 2026-07-11 09:27:21,314 | app.py:225 | app_fit: losses_distributed [(1, 756.3623182846143), (2, 695.3376325368197), (3, 722.8377727658212), (4, 514.9247825221012), (5, 470.7204025925632), (6, 612.4897052498411), (7, 524.0048973441238), (8, 512.4761231344853), (9, 506.4182955071116), (10, 471.6161676113001), (11, 424.47212846235794), (12, 385.74709944875616), (13, 384.1963283060612), (14, 309.74110962206095), (15, 292.20038184937107), (16, 351.9369959751841), (17, 322.3874402089096), (18, 322.393015113356), (19, 342.2346062560743), (20, 287.4599539549613), (21, 277.44117096385315), (22, 272.3723987283661), (23, 286.323928570177), (24, 267.8615925590844), (25, 277.5051071269204), (26, 258.06463635020276), (27, 258.16468598142194), (28, 262.97385212145355), (29, 273.37564562053774), (30, 232.26034640225498), (31, 235.51241571307753), (32, 265.1192985133121), (33, 245.49028890071304), (34, 262.5211963649914), (35, 278.5338878197191), (36, 236.01823250072425), (37, 266.6509893419184), (38, 273.58467820455013), (39, 253.80369555021588), (40, 246.57949984463778), (41, 255.90247228887094), (42, 249.15801455265026), (43, 248.2539816211171), (44, 258.94632915880123), (45, 214.966717999472), (46, 269.96748267652885), (47, 247.90507749712637), (48, 224.03924506228506), (49, 242.2185992314827), (50, 247.7089063463713)]
INFO flwr 2026-07-11 09:27:21,314 | app.py:226 | app_fit: metrics_distributed_fit {}
INFO flwr 2026-07-11 09:27:21,315 | app.py:227 | app_fit: metrics_distributed {'mae': [(1, 24.961127814333974), (2, 20.944232359160647), (3, 21.006685399689744), (4, 18.948299001666346), (5, 17.348760868054256), (6, 20.301253664299633), (7, 18.931532360606216), (8, 18.786013206226404), (9, 18.55567150627027), (10, 17.916926871304305), (11, 16.45578977593965), (12, 15.277163325040535), (13, 15.623257684844532), (14, 14.06411180268064), (15, 13.92450313805393), (16, 14.916935901185543), (17, 14.837987763619308), (18, 14.266676687943308), (19, 14.853359131151409), (20, 13.85128924228358), (21, 13.712980256879158), (22, 13.638541384975305), (23, 13.897071310527016), (24, 13.173316738730982), (25, 13.926100768312883), (26, 12.656257091869007), (27, 13.126512693925337), (28, 13.31790243449964), (29, 13.3479672796076), (30, 12.517680924155496), (31, 12.330401931653183), (32, 13.126069106690622), (33, 12.427153143266741), (34, 13.03488039463901), (35, 13.363756923584276), (36, 12.33546602185263), (37, 13.105161276821885), (38, 13.366453937366249), (39, 12.853041841242302), (40, 12.39993803690495), (41, 12.582691376243481), (42, 12.344339158820194), (43, 12.518610485022148), (44, 13.028139917291522), (45, 11.43067848278575), (46, 12.90141857694781), (47, 12.511590353860809), (48, 11.763521804262005), (49, 12.104910743567363), (50, 11.927234171634655)]}
INFO flwr 2026-07-11 09:27:21,316 | app.py:228 | app_fit: losses_centralized [(0, 0.0), (1, 0.0), (2, 0.0), (3, 0.0), (4, 0.0), (5, 0.0), (6, 0.0), (7, 0.0), (8, 0.0), (9, 0.0), (10, 0.0), (11, 0.0), (12, 0.0), (13, 0.0), (14, 0.0), (15, 0.0), (16, 0.0), (17, 0.0), (18, 0.0), (19, 0.0), (20, 0.0), (21, 0.0), (22, 0.0), (23, 0.0), (24, 0.0), (25, 0.0), (26, 0.0), (27, 0.0), (28, 0.0), (29, 0.0), (30, 0.0), (31, 0.0), (32, 0.0), (33, 0.0), (34, 0.0), (35, 0.0), (36, 0.0), (37, 0.0), (38, 0.0), (39, 0.0), (40, 0.0), (41, 0.0), (42, 0.0), (43, 0.0), (44, 0.0), (45, 0.0), (46, 0.0), (47, 0.0), (48, 0.0), (49, 0.0), (50, 0.0)]
INFO flwr 2026-07-11 09:27:21,317 | app.py:229 | app_fit: metrics_centralized {'mae': [(0, 75.02694769352675), (1, 21.494989151954652), (2, 18.371918382644655), (3, 18.59838176727295), (4, 16.812110557556153), (5, 16.052600579261778), (6, 17.61947085380554), (7, 17.021708798408508), (8, 15.907729434967042), (9, 15.366455283164978), (10, 15.137661380767822), (11, 13.4780961561203), (12, 13.507887587547302), (13, 13.401130194664), (14, 12.022312350273133), (15, 11.674007501602173), (16, 11.831061682701112), (17, 11.366287984848022), (18, 11.334561853408813), (19, 10.68917296886444), (20, 10.685097551345825), (21, 10.44616153717041), (22, 10.850568189620972), (23, 10.788075895309449), (24, 10.16479224205017), (25, 11.29893798828125), (26, 10.983660955429077), (27, 10.706568183898925), (28, 10.734679756164551), (29, 11.012852420806885), (30, 10.825383596420288), (31, 10.616654186248779), (32, 10.756936817169189), (33, 10.866124486923217), (34, 10.204507093429566), (35, 11.783863067626953), (36, 10.89866979598999), (37, 11.663339281082154), (38, 11.430976362228394), (39, 10.939855108261108), (40, 11.647254552841186), (41, 11.240867643356323), (42, 11.856671438217163), (43, 10.828463954925537), (44, 11.1587353515625), (45, 11.20594425201416), (46, 11.452774858474731), (47, 11.826591758728027), (48, 10.935800170898437), (49, 11.03794527053833), (50, 12.701713943481446)], 'nasa_score': [(0, 480990.78067866265), (1, 2825.1105422507367), (2, 2880.822004358404), (3, 3284.388641457729), (4, 2280.4786548028615), (5, 1771.7399567691807), (6, 1846.0322403082448), (7, 2314.2056850738236), (8, 1384.3475818026213), (9, 1131.7485926814275), (10, 1149.1510435300165), (11, 968.1257055983024), (12, 996.3563270555935), (13, 640.821490826632), (14, 467.05030837160297), (15, 437.7793225479143), (16, 474.8018183057825), (17, 401.2635680273607), (18, 414.4940767297025), (19, 357.3661462654061), (20, 359.39846834928414), (21, 322.2987398285941), (22, 348.25374129792533), (23, 329.6329256298431), (24, 348.34611045844616), (25, 419.70216363759965), (26, 434.1238389558672), (27, 393.96819199798193), (28, 364.0205303243099), (29, 383.36865457203885), (30, 351.5191764955745), (31, 352.7706873502964), (32, 372.3245728499175), (33, 385.7927218014321), (34, 346.1793420955473), (35, 475.8787199572088), (36, 406.0552511854343), (37, 485.77439670062523), (38, 436.54490904886916), (39, 368.8152609257745), (40, 489.14658680816444), (41, 436.03303421054864), (42, 494.72965380254567), (43, 408.43255530261763), (44, 398.1004180948033), (45, 531.8083012976076), (46, 416.4026512845798), (47, 563.6939603685047), (48, 399.34431872014875), (49, 502.2342996829314), (50, 991.1575548282839)]}

FedAvg 202: {'method': 'fedavg', 'dataset': 'FD003', 'seed': 202, 'test_mae': 12.7017, 'nasa_score': 991.16, 'comm_kb': 28900.78}

INFO flwr 2026-07-11 09:54:04,356 | app.py:225 | app_fit: losses_distributed [(1, 8873.44491792486), (2, 762.3148689595769), (3, 742.1295320592302), (4, 699.1506814403748), (5, 733.7677281891898), (6, 709.725562428678), (7, 651.5646214860209), (8, 644.1973435991266), (9, 621.6374546693952), (10, 669.5428924629126), (11, 611.61210153644), (12, 718.4648830319522), (13, 576.6091376692525), (14, 609.1636278748244), (15, 575.7487445959885), (16, 592.705073681092), (17, 598.8130089097613), (18, 553.9431345187412), (19, 572.6377470895146), (20, 554.8453626516964), (21, 551.6575565432431), (22, 539.9898325099302), (23, 565.7657609438093), (24, 520.3643093014834), (25, 523.0541323269618), (26, 491.9804250790028), (27, 479.98224632006014), (28, 474.4936357065265), (29, 524.666640974752), (30, 470.2855269597086), (31, 493.4996696214997), (32, 462.4571011935459), (33, 435.3040789177712), (34, 493.82119302471034), (35, 476.89420540456024), (36, 422.4215792469496), (37, 415.61570806953347), (38, 452.29342634908267), (39, 401.60985049129874), (40, 431.8717935763584), (41, 431.7797012912022), (42, 425.158352709138), (43, 431.6001754246401), (44, 386.9076507636938), (45, 413.64173996828913), (46, 382.2226934883032), (47, 386.4332698521989), (48, 380.8081402862206), (49, 402.22900082020277), (50, 374.48609012218003)]
INFO flwr 2026-07-11 09:54:04,357 | app.py:226 | app_fit: metrics_distributed_fit {}
INFO flwr 2026-07-11 09:54:04,358 | app.py:227 | app_fit: metrics_distributed {'mae': [(1, 83.72712734093827), (2, 24.772884753795154), (3, 23.357791068687867), (4, 22.245641956115037), (5, 23.07297822887978), (6, 22.532207864054133), (7, 21.375579755547342), (8, 21.19191237160329), (9, 20.9627230303475), (10, 21.586631311138024), (11, 20.898213810009903), (12, 22.693422829703), (13, 20.15533222027039), (14, 20.74581762078103), (15, 20.265916015539275), (16, 20.301803266975316), (17, 20.667031361011976), (18, 19.853202113890916), (19, 20.099455272374527), (20, 19.970724128551698), (21, 19.52860511072566), (22, 19.584446360555926), (23, 19.834244246107808), (24, 19.1252344817258), (25, 19.183223048435167), (26, 18.83063249309411), (27, 18.569776046838655), (28, 18.328234235570672), (29, 19.13162574168002), (30, 18.31961687580923), (31, 18.564536663869795), (32, 17.997388633342272), (33, 17.423922015843768), (34, 18.53695765806048), (35, 18.140837794528917), (36, 17.23712510848313), (37, 17.102374403449925), (38, 17.803587661485995), (39, 16.869320546482385), (40, 17.405856314241216), (41, 17.36366117863173), (42, 17.201256325968195), (43, 17.294271011781156), (44, 16.887929802369534), (45, 17.413718733198188), (46, 16.480449190461233), (47, 16.52100126737959), (48, 16.50725442843491), (49, 16.67843832401747), (50, 16.20347898890463)]}
INFO flwr 2026-07-11 09:54:04,359 | app.py:228 | app_fit: losses_centralized [(0, 0.0), (1, 0.0), (2, 0.0), (3, 0.0), (4, 0.0), (5, 0.0), (6, 0.0), (7, 0.0), (8, 0.0), (9, 0.0), (10, 0.0), (11, 0.0), (12, 0.0), (13, 0.0), (14, 0.0), (15, 0.0), (16, 0.0), (17, 0.0), (18, 0.0), (19, 0.0), (20, 0.0), (21, 0.0), (22, 0.0), (23, 0.0), (24, 0.0), (25, 0.0), (26, 0.0), (27, 0.0), (28, 0.0), (29, 0.0), (30, 0.0), (31, 0.0), (32, 0.0), (33, 0.0), (34, 0.0), (35, 0.0), (36, 0.0), (37, 0.0), (38, 0.0), (39, 0.0), (40, 0.0), (41, 0.0), (42, 0.0), (43, 0.0), (44, 0.0), (45, 0.0), (46, 0.0), (47, 0.0), (48, 0.0), (49, 0.0), (50, 0.0)]
INFO flwr 2026-07-11 09:54:04,360 | app.py:229 | app_fit: metrics_centralized {'mae': [(0, 75.3654422312975), (1, 70.18239434719085), (2, 22.22150088310242), (3, 17.335470151901244), (4, 16.737198143005372), (5, 16.927308645248413), (6, 16.391852989196778), (7, 15.802388362884521), (8, 15.884134645462035), (9, 15.805229845046997), (10, 16.004336414337157), (11, 15.94634271621704), (12, 17.00790421962738), (13, 15.014069757461549), (14, 15.632954444885254), (15, 15.16982834339142), (16, 14.916556577682496), (17, 15.244455757141113), (18, 15.026543254852294), (19, 14.886732349395752), (20, 14.86299153327942), (21, 14.13495862007141), (22, 14.826711740493774), (23, 15.066181993484497), (24, 15.081056661605835), (25, 14.810815534591676), (26, 14.704302806854248), (27, 14.560678882598877), (28, 14.981747035980225), (29, 15.656978797912597), (30, 14.845055885314942), (31, 13.784561004638672), (32, 13.777750778198243), (33, 13.84387677192688), (34, 13.567986116409301), (35, 15.317562561035157), (36, 14.263608121871949), (37, 14.209803609848022), (38, 13.467581520080566), (39, 13.332292118072509), (40, 13.297539176940917), (41, 14.266441173553467), (42, 13.05097915649414), (43, 13.026968441009522), (44, 14.624761295318603), (45, 14.982532958984375), (46, 13.126124515533448), (47, 13.276557369232178), (48, 12.722958908081054), (49, 12.903213024139404), (50, 12.987808799743652)], 'nasa_score': [(0, 498119.9742514725), (1, 329268.08756701375), (2, 3972.344809668152), (3, 642.3153609650946), (4, 705.9404783038362), (5, 645.1279611236909), (6, 603.0161206947374), (7, 594.7718903715795), (8, 619.004793948096), (9, 640.9611619514972), (10, 652.4249638519636), (11, 744.0460179268912), (12, 767.9778517385776), (13, 555.1965168635708), (14, 754.9075957569647), (15, 736.2518314997128), (16, 616.0337624382972), (17, 689.8262605583681), (18, 731.2087349302805), (19, 707.2012728573274), (20, 735.7759436251157), (21, 636.4665040294525), (22, 741.7354019129879), (23, 780.9123125057836), (24, 838.4734137165088), (25, 763.9500014558394), (26, 722.3670954460545), (27, 710.0833665783962), (28, 791.8652508667449), (29, 848.0223005423898), (30, 760.1372293547536), (31, 673.6108469749496), (32, 730.385980953027), (33, 710.1091475067481), (34, 638.5526283420928), (35, 843.1081500015109), (36, 724.0995877344611), (37, 736.3432831415834), (38, 668.1137506375097), (39, 713.6838044178038), (40, 613.398104352319), (41, 789.2841372963401), (42, 611.7568209694741), (43, 501.5998662466164), (44, 895.6008500322869), (45, 867.298401410004), (46, 740.7477205361348), (47, 738.697596762794), (48, 616.3699258184457), (49, 571.744941062296), (50, 716.3722233973324)]}

FedAvg 303: {'method': 'fedavg', 'dataset': 'FD003', 'seed': 303, 'test_mae': 12.9878, 'nasa_score': 716.37, 'comm_kb': 28900.78}

INFO flwr 2026-07-11 10:20:09,191 | app.py:225 | app_fit: losses_distributed [(1, 700.0543524604019), (2, 571.7373001111708), (3, 501.73181378545166), (4, 466.33204097143073), (5, 360.769035009206), (6, 420.59384472347676), (7, 368.9832335327462), (8, 336.601027239462), (9, 488.5819985553967), (10, 357.61780578168725), (11, 369.61900245908396), (12, 285.83485446593244), (13, 318.3642357186364), (14, 312.1304408075877), (15, 310.08885098075706), (16, 295.1031470670594), (17, 297.29311549980207), (18, 214.49431520542123), (19, 338.4191445462604), (20, 322.4928609656797), (21, 337.83558659034605), (22, 281.1709050829838), (23, 236.43186574770837), (24, 276.65432124395295), (25, 314.6195438911288), (26, 270.96773314945904), (27, 302.4879500741313), (28, 393.5694391337234), (29, 319.8147124851884), (30, 337.3065995164886), (31, 311.95083235059934), (32, 311.401865726265), (33, 331.91145719578867), (34, 294.2424829314689), (35, 319.4657454241415), (36, 279.2560957456718), (37, 298.83452328352615), (38, 316.2145142608355), (39, 281.78552557611016), (40, 256.8490666942711), (41, 249.62717296204815), (42, 244.79476254683024), (43, 256.6293375722955), (44, 248.40435861948728), (45, 264.5130858433584), (46, 217.75748303371714), (47, 268.6851985869289), (48, 246.3147300550237), (49, 205.52261192694422), (50, 220.5706118769184)]
INFO flwr 2026-07-11 10:20:09,192 | app.py:226 | app_fit: metrics_distributed_fit {}
INFO flwr 2026-07-11 10:20:09,193 | app.py:227 | app_fit: metrics_distributed {'mae': [(1, 23.563603870257825), (2, 18.657290851344587), (3, 17.956764881898934), (4, 16.88102550678204), (5, 14.950613548741345), (6, 16.075189503422127), (7, 15.093692834906427), (8, 14.80653053772378), (9, 17.797307965279444), (10, 14.888327417970215), (11, 15.219142709517948), (12, 13.604508222834923), (13, 14.367195710016299), (14, 13.903007783742675), (15, 14.04300687878992), (16, 13.317823479087718), (17, 13.506094263472308), (18, 11.825697813671475), (19, 14.896362486106264), (20, 14.011757800184771), (21, 14.126874003332706), (22, 13.309889150462604), (23, 12.325314957970928), (24, 13.068298189682949), (25, 14.119631843272701), (26, 13.145022833970437), (27, 14.070907794213642), (28, 15.994891268837216), (29, 14.279391398262344), (30, 14.663691923367027), (31, 14.243025179693815), (32, 13.962804098464325), (33, 14.314062076444388), (34, 13.625473900748402), (35, 13.945381091411233), (36, 13.120328714220362), (37, 13.759498713051242), (38, 13.986336866605967), (39, 13.186155953770943), (40, 12.865823873415296), (41, 12.725827393413304), (42, 12.51695615364735), (43, 12.707695342376892), (44, 12.475288004372604), (45, 13.023753782368768), (46, 11.704586538373658), (47, 12.817935120477161), (48, 12.065958784090318), (49, 11.111716598144636), (50, 11.354320423768542)]}
INFO flwr 2026-07-11 10:20:09,194 | app.py:228 | app_fit: losses_centralized [(0, 0.0), (1, 0.0), (2, 0.0), (3, 0.0), (4, 0.0), (5, 0.0), (6, 0.0), (7, 0.0), (8, 0.0), (9, 0.0), (10, 0.0), (11, 0.0), (12, 0.0), (13, 0.0), (14, 0.0), (15, 0.0), (16, 0.0), (17, 0.0), (18, 0.0), (19, 0.0), (20, 0.0), (21, 0.0), (22, 0.0), (23, 0.0), (24, 0.0), (25, 0.0), (26, 0.0), (27, 0.0), (28, 0.0), (29, 0.0), (30, 0.0), (31, 0.0), (32, 0.0), (33, 0.0), (34, 0.0), (35, 0.0), (36, 0.0), (37, 0.0), (38, 0.0), (39, 0.0), (40, 0.0), (41, 0.0), (42, 0.0), (43, 0.0), (44, 0.0), (45, 0.0), (46, 0.0), (47, 0.0), (48, 0.0), (49, 0.0), (50, 0.0)]
INFO flwr 2026-07-11 10:20:09,194 | app.py:229 | app_fit: metrics_centralized {'mae': [(0, 73.85515463858843), (1, 21.456521978378294), (2, 15.26588041305542), (3, 14.509375715255738), (4, 13.945715937614441), (5, 13.079047288894653), (6, 13.349524993896484), (7, 12.845387930870055), (8, 12.795047702789306), (9, 14.07550018787384), (10, 12.977392067909241), (11, 12.904445085525513), (12, 11.323846764564514), (13, 11.484350967407227), (14, 12.528629050254821), (15, 11.866469330787659), (16, 11.502685561180115), (17, 11.097820196151734), (18, 11.57132140636444), (19, 12.559944424629212), (20, 11.440479593276978), (21, 12.966281042098998), (22, 10.9955078458786), (23, 11.027176280021667), (24, 10.720758609771728), (25, 11.800068197250367), (26, 10.141402673721313), (27, 11.93801754951477), (28, 13.41639479637146), (29, 11.810651159286499), (30, 12.339717073440552), (31, 11.8120246219635), (32, 12.036146297454835), (33, 11.647854347229003), (34, 12.212024698257446), (35, 11.813436727523804), (36, 10.634619436264039), (37, 11.92747013092041), (38, 12.099442672729491), (39, 11.858464736938476), (40, 10.614147005081177), (41, 10.801738586425781), (42, 9.987898302078246), (43, 10.493058586120606), (44, 10.663329601287842), (45, 11.069097061157226), (46, 10.04199571609497), (47, 10.706650924682616), (48, 10.028798847198486), (49, 9.160884637832641), (50, 9.861375217437745)], 'nasa_score': [(0, 444059.9155821746), (1, 3302.059077831457), (2, 1007.0890312215291), (3, 838.5099774950033), (4, 866.5125733913528), (5, 833.3591027717423), (6, 796.8667759413955), (7, 803.455128760124), (8, 591.698956877169), (9, 681.4255000757471), (10, 651.0749546477426), (11, 614.416885518251), (12, 521.0840142580786), (13, 534.2514282381011), (14, 684.1506387710342), (15, 564.179534181304), (16, 541.3032090822621), (17, 411.8355396209081), (18, 681.1077626971788), (19, 533.9310246857177), (20, 550.1546984291159), (21, 711.2965736969871), (22, 406.14203746725417), (23, 510.90440273087944), (24, 475.32706886693904), (25, 478.0652341726609), (26, 386.5185980668214), (27, 653.4350458845679), (28, 1030.7060513272972), (29, 540.2757644830672), (30, 664.745479479434), (31, 574.5976373145355), (32, 648.4154209305013), (33, 485.7246977085972), (34, 749.2995018656497), (35, 586.5708566161817), (36, 438.9639284669492), (37, 797.434312261372), (38, 568.0707476002583), (39, 768.9190400420277), (40, 448.899602269994), (41, 441.2029852232393), (42, 334.74884702307753), (43, 617.1316357780564), (44, 470.20622964433835), (45, 626.2269158057522), (46, 400.49776141348195), (47, 484.43988812797886), (48, 396.7962360760669), (49, 336.86998085554933), (50, 492.49708045885416)]}

FedAvg 2026: {'method': 'fedavg', 'dataset': 'FD003', 'seed': 2026, 'test_mae': 9.8614, 'nasa_score': 492.5, 'comm_kb': 28900.78}

  [Round 1] Val NASA per client: [2888.2, 2868.8, 8603.5, 10343.6]
  [Round 2] Val NASA per client: [2538.1, 3360.8, 4713.6, 6236.2]
  [Round 3] Val NASA per client: [2848.9, 2838.5, 4666.8, 5616.3]
  [Round 4] Val NASA per client: [2167.7, 2259.3, 6683.0, 4869.9]
  ⚠️ Spectral produced invalid clusters {0: 3, 1: 1}. Falling back to KMeans.
  KMeans fallback result: {1: 3, 0: 1}
  [Round 5] Re-clustered (α=1.0). Changes: {0: (0, 1), 1: (0, 1), 2: (1, 0)}
  [Round 5] Assignments: {'0': 1, '1': 1, '2': 0, '3': 1}
  [Round 5] Cluster 0 val NASA: 4719.84
  [Round 5] Cluster 1 val NASA: 3698.71
  [Round 5] Val NASA per client: [1974.4, 3256.2, 4719.8, 5865.5]
  [Round 6] Val NASA per client: [8393.9, 3208.5, 5825.8, 6238.8]
  [Round 7] Val NASA per client: [2605.2, 2388.6, 7649.4, 6153.6]
  [Round 8] Val NASA per client: [2352.8, 2085.6, 5803.3, 5691.2]
  [Round 9] Val NASA per client: [2542.3, 2436.8, 6225.8, 5292.2]
  [Round 10] Re-clustered (α=1.0). Changes: {0: (1, 0), 1: (1, 0), 2: (0, 1)}
  [Round 10] Assignments: {'0': 0, '1': 0, '2': 1, '3': 1}
  [Round 10] Cluster 0 val NASA: 2095.88
  [Round 10] Cluster 1 val NASA: 5418.48
  [Round 10] Val NASA per client: [2030.5, 2161.3, 5297.2, 5539.8]
  [Round 11] Val NASA per client: [2521.8, 2793.5, 4127.3, 6154.1]
  [Round 12] Val NASA per client: [2393.5, 2589.3, 4064.6, 5407.0]
  [Round 13] Val NASA per client: [1855.5, 2498.1, 4331.1, 5301.0]
  [Round 14] Val NASA per client: [2375.4, 1643.0, 4308.8, 5280.7]
  ⚠️ Spectral produced invalid clusters {0: 3, 1: 1}. Falling back to KMeans.
  KMeans fallback result: {0: 3, 1: 1}
  [Round 15] Re-clustered (α=1.0). Changes: {2: (1, 0)}
  [Round 15] Assignments: {'0': 0, '1': 0, '2': 0, '3': 1}
  [Round 15] Cluster 0 val NASA: 3509.98
  [Round 15] Cluster 1 val NASA: 5634.62
  [Round 15] Val NASA per client: [2246.8, 1876.9, 6406.3, 5634.6]
  [Round 16] Val NASA per client: [2350.8, 1947.6, 5508.1, 6363.8]
  [Round 17] Val NASA per client: [2163.9, 1744.6, 5680.3, 5065.0]
  [Round 18] Val NASA per client: [2180.3, 1812.9, 5768.5, 5083.2]
  [Round 19] Val NASA per client: [2153.8, 2040.2, 4817.7, 5194.1]
  [Round 20] Re-clustered (α=1.0). Changes: {2: (0, 1)}
  [Round 20] Assignments: {'0': 0, '1': 0, '2': 1, '3': 1}
  [Round 20] Cluster 0 val NASA: 2276.45
  [Round 20] Cluster 1 val NASA: 5507.19
  [Round 20] Val NASA per client: [2624.6, 1928.3, 5891.5, 5122.9]
  [Round 21] Val NASA per client: [2682.9, 2007.4, 4705.3, 7887.4]
  [Round 22] Val NASA per client: [2006.5, 1498.6, 5101.3, 6104.1]
  [Round 23] Val NASA per client: [2048.8, 1564.2, 3878.5, 5366.4]
  [Round 24] Val NASA per client: [2067.8, 2224.9, 5253.8, 5626.0]
  ⚠️ Spectral produced invalid clusters {0: 3, 1: 1}. Falling back to KMeans.
  KMeans fallback result: {1: 3, 0: 1}
  [Round 25] Re-clustered (α=1.0). Changes: {0: (0, 1), 1: (0, 1), 2: (1, 0)}
  [Round 25] Assignments: {'0': 1, '1': 1, '2': 0, '3': 1}
  [Round 25] Cluster 0 val NASA: 4391.27
  [Round 25] Cluster 1 val NASA: 3287.25
  [Round 25] Val NASA per client: [1813.5, 1763.8, 4391.3, 6284.5]
  [Round 26] Val NASA per client: [2375.8, 1689.7, 4586.8, 6591.3]
  [Round 27] Val NASA per client: [2675.3, 2287.9, 5255.4, 6295.4]
  [Round 28] Val NASA per client: [2167.5, 2520.7, 3674.0, 4843.0]
  [Round 29] Val NASA per client: [2376.5, 2152.0, 3595.5, 4841.3]
  [Round 30] Re-clustered (α=1.0). Changes: {0: (1, 0), 1: (1, 0), 2: (0, 1)}
  [Round 30] Assignments: {'0': 0, '1': 0, '2': 1, '3': 1}
  [Round 30] Cluster 0 val NASA: 2499.93
  [Round 30] Cluster 1 val NASA: 6223.72
  [Round 30] Val NASA per client: [2556.8, 2443.0, 6407.3, 6040.1]
  [Round 31] Val NASA per client: [2603.6, 2073.9, 4374.5, 5985.9]
  [Round 32] Val NASA per client: [1972.4, 1573.4, 5526.8, 5597.0]
  [Round 33] Val NASA per client: [1951.8, 1663.3, 5347.7, 4816.0]
  [Round 34] Val NASA per client: [1893.4, 1499.8, 4245.7, 5484.4]
  [Round 35] Re-clustered (α=1.0). Changes: {}
  [Round 35] Assignments: {'0': 0, '1': 0, '2': 1, '3': 1}
  [Round 35] Cluster 0 val NASA: 1869.03
  [Round 35] Cluster 1 val NASA: 5600.70
  [Round 35] Val NASA per client: [1687.0, 2051.1, 5299.3, 5902.0]
  [Round 36] Val NASA per client: [1830.4, 1500.6, 4883.5, 5636.5]
  [Round 37] Val NASA per client: [2391.8, 1751.4, 5911.4, 5463.5]
  [Round 38] Val NASA per client: [1978.5, 1889.3, 4732.7, 6483.8]
  [Round 39] Val NASA per client: [2248.6, 1872.0, 5564.1, 5355.2]
  ⚠️ Spectral produced invalid clusters {0: 3, 1: 1}. Falling back to KMeans.
  KMeans fallback result: {1: 3, 0: 1}
  [Round 40] Re-clustered (α=1.0). Changes: {0: (0, 1), 1: (0, 1), 2: (1, 0)}
  [Round 40] Assignments: {'0': 1, '1': 1, '2': 0, '3': 1}
  [Round 40] Cluster 0 val NASA: 4784.58
  [Round 40] Cluster 1 val NASA: 3076.77
  [Round 40] Val NASA per client: [1793.6, 1628.3, 4784.6, 5808.4]
  [Round 41] Val NASA per client: [2196.2, 1799.3, 7004.0, 6728.7]
  [Round 42] Val NASA per client: [2065.2, 1906.8, 5044.3, 5272.0]
  [Round 43] Val NASA per client: [1870.9, 2491.9, 4516.1, 6870.4]
  [Round 44] Val NASA per client: [2472.5, 2383.5, 3944.6, 6914.5]
  [Round 45] Re-clustered (α=1.0). Changes: {0: (1, 0), 1: (1, 0), 2: (0, 1)}
  [Round 45] Assignments: {'0': 0, '1': 0, '2': 1, '3': 1}
  [Round 45] Cluster 0 val NASA: 2073.96
  [Round 45] Cluster 1 val NASA: 5515.56
  [Round 45] Val NASA per client: [2264.2, 1883.8, 4707.3, 6323.8]
  [Round 46] Val NASA per client: [2093.0, 1609.6, 4874.4, 6248.6]
  [Round 47] Val NASA per client: [2015.2, 1789.8, 6926.5, 4743.2]
  [Round 48] Val NASA per client: [1865.1, 1477.9, 5220.9, 5770.1]
  [Round 49] Val NASA per client: [1901.1, 1691.0, 5370.8, 5645.4]
  [Round 50] Val NASA per client: [2238.6, 1598.1, 5593.6, 6170.0]

  [Final] MAE: 13.2829 | NASA: 7214.24
AC-PFL 42: {'method': 'acpfl', 'dataset': 'FD003', 'seed': 42, 'test_mae': 13.2829, 'nasa_score': 7214.24, 'comm_kb': 27650.0}
  [Round 1] Val NASA per client: [4962.0, 4504.2, 4892.4, 2475.3]
  [Round 2] Val NASA per client: [5230.4, 3571.8, 3948.0, 3556.9]
  [Round 3] Val NASA per client: [4815.3, 4190.0, 4829.5, 3256.9]
  [Round 4] Val NASA per client: [4735.5, 3548.8, 5083.7, 4025.7]
  ⚠️ Spectral produced invalid clusters {0: 3, 1: 1}. Falling back to KMeans.
  KMeans fallback result: {0: 2, 1: 2}
  [Round 5] Re-clustered (α=1.0). Changes: {1: (0, 1), 2: (1, 0)}
  [Round 5] Assignments: {'0': 0, '1': 1, '2': 0, '3': 1}
  [Round 5] Cluster 0 val NASA: 5233.89
  [Round 5] Cluster 1 val NASA: 3433.12
  [Round 5] Val NASA per client: [5247.1, 3517.6, 5220.7, 3348.6]
  [Round 6] Val NASA per client: [4077.3, 3706.2, 4843.8, 3649.7]
  [Round 7] Val NASA per client: [4235.9, 3796.0, 5859.7, 3001.6]
  [Round 8] Val NASA per client: [4446.7, 3397.4, 5111.0, 2930.4]
  [Round 9] Val NASA per client: [3663.3, 4302.2, 3959.3, 2820.4]
  ⚠️ Spectral produced invalid clusters {0: 3, 1: 1}. Falling back to KMeans.
  KMeans fallback result: {1: 2, 0: 2}
  [Round 10] Re-clustered (α=1.0). Changes: {0: (0, 1), 3: (1, 0)}
  [Round 10] Assignments: {'0': 1, '1': 1, '2': 0, '3': 0}
  [Round 10] Cluster 0 val NASA: 3216.35
  [Round 10] Cluster 1 val NASA: 3524.29
  [Round 10] Val NASA per client: [4011.0, 3037.6, 3799.0, 2633.7]
  [Round 11] Val NASA per client: [4826.1, 3898.0, 4420.5, 2905.1]
  [Round 12] Val NASA per client: [2733.5, 3480.9, 4005.6, 3223.5]
  [Round 13] Val NASA per client: [4143.6, 2708.6, 5485.9, 2784.3]
  [Round 14] Val NASA per client: [4627.9, 2461.8, 3284.2, 3412.7]
  ⚠️ Spectral produced invalid clusters {0: 1, 1: 3}. Falling back to KMeans.
  KMeans fallback result: {1: 1, 0: 3}
  [Round 15] Re-clustered (α=1.0). Changes: {1: (1, 0)}
  [Round 15] Assignments: {'0': 1, '1': 0, '2': 0, '3': 0}
  [Round 15] Cluster 0 val NASA: 3180.99
  [Round 15] Cluster 1 val NASA: 3484.82
  [Round 15] Val NASA per client: [3484.8, 2732.4, 3746.7, 3063.9]
  [Round 16] Val NASA per client: [4108.7, 3137.6, 4081.7, 3234.6]
  [Round 17] Val NASA per client: [4500.8, 2906.6, 3837.3, 2932.1]
  [Round 18] Val NASA per client: [5326.6, 3210.5, 4819.5, 3720.5]
  [Round 19] Val NASA per client: [4391.4, 3190.5, 3987.1, 3892.7]
  [Round 20] Re-clustered (α=1.0). Changes: {0: (1, 0), 2: (0, 1), 3: (0, 1)}
  [Round 20] Assignments: {'0': 0, '1': 0, '2': 1, '3': 1}
  [Round 20] Cluster 0 val NASA: 3167.15
  [Round 20] Cluster 1 val NASA: 3774.44
  [Round 20] Val NASA per client: [3179.7, 3154.6, 4320.3, 3228.6]
  [Round 21] Val NASA per client: [4282.8, 2940.4, 4602.3, 4138.0]
  [Round 22] Val NASA per client: [4031.2, 3254.7, 4613.2, 3190.7]
  [Round 23] Val NASA per client: [5282.0, 3430.9, 4007.4, 3243.8]
  [Round 24] Val NASA per client: [3755.7, 2846.6, 6064.9, 3300.9]
  [Round 25] Re-clustered (α=1.0). Changes: {}
  [Round 25] Assignments: {'0': 0, '1': 0, '2': 1, '3': 1}
  [Round 25] Cluster 0 val NASA: 5192.17
  [Round 25] Cluster 1 val NASA: 5062.91
  [Round 25] Val NASA per client: [4261.2, 6123.1, 6045.1, 4080.8]
  [Round 26] Val NASA per client: [3473.2, 2830.6, 4342.1, 3083.2]
  [Round 27] Val NASA per client: [3534.9, 3471.4, 3741.6, 3518.2]
  [Round 28] Val NASA per client: [3963.8, 3111.3, 4090.7, 2542.3]
  [Round 29] Val NASA per client: [4413.9, 3426.8, 4075.4, 3185.1]
  [Round 30] Re-clustered (α=1.0). Changes: {}
  [Round 30] Assignments: {'0': 0, '1': 0, '2': 1, '3': 1}
  [Round 30] Cluster 0 val NASA: 3870.01
  [Round 30] Cluster 1 val NASA: 3286.07
  [Round 30] Val NASA per client: [4597.7, 3142.3, 3269.1, 3303.1]
  [Round 31] Val NASA per client: [5596.5, 3005.2, 4289.3, 3013.3]
  [Round 32] Val NASA per client: [4114.9, 2872.9, 4748.1, 3098.6]
  [Round 33] Val NASA per client: [3190.6, 3037.6, 4128.6, 3016.1]
  [Round 34] Val NASA per client: [3340.0, 2921.1, 3594.3, 3317.0]
  ⚠️ Spectral produced invalid clusters {0: 3, 1: 1}. Falling back to KMeans.
  KMeans fallback result: {0: 2, 1: 2}
  [Round 35] Re-clustered (α=1.0). Changes: {1: (0, 1), 2: (1, 0)}
  [Round 35] Assignments: {'0': 0, '1': 1, '2': 0, '3': 1}
  [Round 35] Cluster 0 val NASA: 4296.40
  [Round 35] Cluster 1 val NASA: 3290.09
  [Round 35] Val NASA per client: [4041.7, 2159.4, 4551.1, 4420.8]
  [Round 36] Val NASA per client: [3028.9, 3230.9, 3715.7, 3462.8]
  [Round 37] Val NASA per client: [2793.0, 3749.6, 3738.7, 3339.2]
  [Round 38] Val NASA per client: [3070.0, 3987.9, 3933.9, 3712.2]
  [Round 39] Val NASA per client: [3082.0, 4883.6, 4728.8, 2903.6]
  ⚠️ Spectral produced invalid clusters {0: 3, 1: 1}. Falling back to KMeans.
  KMeans fallback result: {0: 2, 1: 2}
  [Round 40] Re-clustered (α=1.0). Changes: {1: (1, 0), 2: (0, 1)}
  [Round 40] Assignments: {'0': 0, '1': 0, '2': 1, '3': 1}
  [Round 40] Cluster 0 val NASA: 3457.95
  [Round 40] Cluster 1 val NASA: 3192.24
  [Round 40] Val NASA per client: [3309.5, 3606.4, 2954.1, 3430.4]
  [Round 41] Val NASA per client: [3694.6, 2803.5, 4158.0, 4503.0]
  [Round 42] Val NASA per client: [3180.5, 2733.7, 3504.8, 3709.8]
  [Round 43] Val NASA per client: [2960.7, 2281.6, 3286.2, 4151.5]
  [Round 44] Val NASA per client: [3248.5, 2940.4, 4093.2, 4217.1]
  [Round 45] Re-clustered (α=1.0). Changes: {1: (0, 1), 3: (1, 0)}
  [Round 45] Assignments: {'0': 0, '1': 1, '2': 1, '3': 0}
  [Round 45] Cluster 0 val NASA: 3209.39
  [Round 45] Cluster 1 val NASA: 3358.73
  [Round 45] Val NASA per client: [3602.0, 2891.4, 3826.0, 2816.8]
  [Round 46] Val NASA per client: [3049.5, 2704.0, 4594.9, 3200.4]
  [Round 47] Val NASA per client: [3104.2, 2985.7, 3369.3, 3701.3]
  [Round 48] Val NASA per client: [3140.8, 3699.8, 3875.6, 3052.0]
  [Round 49] Val NASA per client: [3450.4, 3426.2, 5905.2, 2975.5]
  [Round 50] Val NASA per client: [3447.3, 3529.9, 3632.8, 3215.3]

  [Final] MAE: 13.8726 | NASA: 440.49
AC-PFL 101: {'method': 'acpfl', 'dataset': 'FD003', 'seed': 101, 'test_mae': 13.8726, 'nasa_score': 440.49, 'comm_kb': 27650.0}
  [Round 1] Val NASA per client: [27960.0, 8966.6, 4935.4, 3558.8]
  [Round 2] Val NASA per client: [8313.7, 5615.6, 4591.8, 3704.3]
  [Round 3] Val NASA per client: [8679.6, 3444.5, 3901.3, 5185.0]
  [Round 4] Val NASA per client: [8207.9, 4125.5, 3882.7, 3885.0]
  ⚠️ Spectral produced invalid clusters {0: 3, 1: 1}. Falling back to KMeans.
  KMeans fallback result: {1: 3, 0: 1}
  [Round 5] Re-clustered (α=1.0). Changes: {0: (0, 1), 1: (0, 1), 2: (1, 0)}
  [Round 5] Assignments: {'0': 1, '1': 1, '2': 0, '3': 1}
  [Round 5] Cluster 0 val NASA: 4170.48
  [Round 5] Cluster 1 val NASA: 5715.24
  [Round 5] Val NASA per client: [10170.3, 3323.1, 4170.5, 3652.3]
  [Round 6] Val NASA per client: [5989.4, 3856.6, 8510.6, 4101.1]
  [Round 7] Val NASA per client: [10426.8, 3369.4, 3801.2, 3805.7]
  [Round 8] Val NASA per client: [13067.3, 7092.4, 3877.0, 3510.5]
  [Round 9] Val NASA per client: [9340.6, 3906.1, 3705.2, 3014.6]
  [Round 10] Re-clustered (α=1.0). Changes: {0: (1, 0), 1: (1, 0), 2: (0, 1)}
  [Round 10] Assignments: {'0': 0, '1': 0, '2': 1, '3': 1}
  [Round 10] Cluster 0 val NASA: 4954.35
  [Round 10] Cluster 1 val NASA: 3160.26
  [Round 10] Val NASA per client: [6295.0, 3613.7, 3136.3, 3184.3]
  [Round 11] Val NASA per client: [9811.7, 3495.8, 3601.0, 3625.4]
  [Round 12] Val NASA per client: [10755.6, 3511.2, 3756.2, 3421.9]
  [Round 13] Val NASA per client: [7289.7, 3158.7, 4512.4, 3477.8]
  [Round 14] Val NASA per client: [7814.0, 3465.3, 3317.8, 2689.7]
  [Round 15] Re-clustered (α=1.0). Changes: {}
  [Round 15] Assignments: {'0': 0, '1': 0, '2': 1, '3': 1}
  [Round 15] Cluster 0 val NASA: 5638.52
  [Round 15] Cluster 1 val NASA: 3246.92
  [Round 15] Val NASA per client: [7668.7, 3608.3, 3025.1, 3468.7]
  [Round 16] Val NASA per client: [6657.7, 2990.4, 3123.7, 3121.7]
  [Round 17] Val NASA per client: [7118.7, 2973.3, 2987.6, 4438.8]
  [Round 18] Val NASA per client: [6279.8, 4006.5, 3330.6, 3889.6]
  [Round 19] Val NASA per client: [8241.2, 3209.6, 3297.7, 3199.7]
  [Round 20] Re-clustered (α=1.0). Changes: {}
  [Round 20] Assignments: {'0': 0, '1': 0, '2': 1, '3': 1}
  [Round 20] Cluster 0 val NASA: 8157.99
  [Round 20] Cluster 1 val NASA: 3064.43
  [Round 20] Val NASA per client: [12524.8, 3791.2, 3239.5, 2889.4]
  [Round 21] Val NASA per client: [8665.8, 4352.4, 3156.1, 5639.9]
  [Round 22] Val NASA per client: [11275.6, 2681.3, 3435.8, 3671.8]
  [Round 23] Val NASA per client: [7268.0, 3545.9, 3225.7, 3615.9]
  [Round 24] Val NASA per client: [13600.1, 3001.5, 3412.9, 2973.6]
  ⚠️ Spectral produced invalid clusters {0: 3, 1: 1}. Falling back to KMeans.
  KMeans fallback result: {0: 2, 1: 2}
  [Round 25] Re-clustered (α=1.0). Changes: {1: (0, 1), 2: (1, 0)}
  [Round 25] Assignments: {'0': 0, '1': 1, '2': 0, '3': 1}
  [Round 25] Cluster 0 val NASA: 5019.22
  [Round 25] Cluster 1 val NASA: 3281.84
  [Round 25] Val NASA per client: [6474.2, 3555.9, 3564.3, 3007.8]
  [Round 26] Val NASA per client: [11023.0, 3444.9, 3238.4, 3812.3]
  [Round 27] Val NASA per client: [9754.7, 3378.1, 3056.2, 3593.9]
  [Round 28] Val NASA per client: [8654.3, 4021.2, 3350.2, 2721.1]
  [Round 29] Val NASA per client: [7206.1, 3812.4, 3003.8, 3634.4]
  [Round 30] Re-clustered (α=1.0). Changes: {1: (1, 0), 2: (0, 1)}
  [Round 30] Assignments: {'0': 0, '1': 0, '2': 1, '3': 1}
  [Round 30] Cluster 0 val NASA: 5575.16
  [Round 30] Cluster 1 val NASA: 3075.45
  [Round 30] Val NASA per client: [7671.5, 3478.8, 2962.2, 3188.7]
  [Round 31] Val NASA per client: [6956.7, 4837.9, 3361.1, 3155.5]
  [Round 32] Val NASA per client: [6390.3, 3131.9, 3557.5, 3957.7]
  [Round 33] Val NASA per client: [8336.8, 3428.4, 3483.3, 3885.7]
  [Round 34] Val NASA per client: [6986.9, 2958.2, 2993.3, 3083.1]
  ⚠️ Spectral produced invalid clusters {0: 3, 1: 1}. Falling back to KMeans.
  KMeans fallback result: {0: 3, 1: 1}
  [Round 35] Re-clustered (α=1.0). Changes: {2: (1, 0)}
  [Round 35] Assignments: {'0': 0, '1': 0, '2': 0, '3': 1}
  [Round 35] Cluster 0 val NASA: 4854.40
  [Round 35] Cluster 1 val NASA: 3172.28
  [Round 35] Val NASA per client: [7715.6, 3184.8, 3662.8, 3172.3]
  [Round 36] Val NASA per client: [7486.8, 3663.8, 3743.5, 3995.1]
  [Round 37] Val NASA per client: [7898.8, 2673.3, 3599.2, 2914.5]
  [Round 38] Val NASA per client: [7399.7, 3448.7, 3437.5, 2752.1]
  [Round 39] Val NASA per client: [8885.2, 3233.0, 2813.4, 3012.3]
  [Round 40] Re-clustered (α=1.0). Changes: {2: (0, 1)}
  [Round 40] Assignments: {'0': 0, '1': 0, '2': 1, '3': 1}
  [Round 40] Cluster 0 val NASA: 4979.63
  [Round 40] Cluster 1 val NASA: 3632.17
  [Round 40] Val NASA per client: [6581.1, 3378.1, 3743.4, 3520.9]
  [Round 41] Val NASA per client: [5246.4, 3121.4, 3312.6, 3375.2]
  [Round 42] Val NASA per client: [6859.6, 3387.3, 3625.1, 3748.1]
  [Round 43] Val NASA per client: [6197.9, 2720.3, 3773.5, 3426.2]
  [Round 44] Val NASA per client: [6676.0, 3131.3, 3227.7, 3214.1]
  ⚠️ Spectral produced invalid clusters {0: 3, 1: 1}. Falling back to KMeans.
  KMeans fallback result: {1: 2, 0: 2}
  [Round 45] Re-clustered (α=1.0). Changes: {0: (0, 1), 2: (1, 0)}
  [Round 45] Assignments: {'0': 1, '1': 0, '2': 0, '3': 1}
  [Round 45] Cluster 0 val NASA: 3003.46
  [Round 45] Cluster 1 val NASA: 6228.73
  [Round 45] Val NASA per client: [8613.9, 2695.2, 3311.7, 3843.6]
  [Round 46] Val NASA per client: [5593.0, 3104.0, 3147.7, 3536.5]
  [Round 47] Val NASA per client: [6889.7, 3418.5, 3594.6, 5103.8]
  [Round 48] Val NASA per client: [4868.0, 2643.5, 3757.5, 4023.0]
  [Round 49] Val NASA per client: [6453.4, 3259.7, 3776.0, 4032.5]
  [Round 50] Val NASA per client: [4284.2, 3467.0, 3371.5, 4900.0]

  [Final] MAE: 14.8871 | NASA: 503.15
AC-PFL 202: {'method': 'acpfl', 'dataset': 'FD003', 'seed': 202, 'test_mae': 14.8871, 'nasa_score': 503.15, 'comm_kb': 27650.0}
  [Round 1] Val NASA per client: [4848.1, 3586.3, 4466.2, 10121.1]
  [Round 2] Val NASA per client: [3408.8, 3106.8, 4360.5, 5581.8]
  [Round 3] Val NASA per client: [2747.5, 2326.6, 5332.9, 4879.7]
  [Round 4] Val NASA per client: [2770.0, 2516.1, 5254.4, 4552.1]
  ⚠️ Spectral produced invalid clusters {0: 3, 1: 1}. Falling back to KMeans.
  KMeans fallback result: {1: 3, 0: 1}
  [Round 5] Re-clustered (α=1.0). Changes: {0: (0, 1), 1: (0, 1), 2: (1, 0)}
  [Round 5] Assignments: {'0': 1, '1': 1, '2': 0, '3': 1}
  [Round 5] Cluster 0 val NASA: 4888.06
  [Round 5] Cluster 1 val NASA: 3608.61
  [Round 5] Val NASA per client: [2610.6, 3055.3, 4888.1, 5159.9]
  [Round 6] Val NASA per client: [5151.0, 4934.8, 5804.5, 5459.2]
  [Round 7] Val NASA per client: [6357.6, 7506.3, 5391.6, 4950.5]
  [Round 8] Val NASA per client: [3745.7, 4766.3, 5751.2, 4498.2]
  [Round 9] Val NASA per client: [4286.0, 3809.2, 6540.9, 5235.0]
  [Round 10] Re-clustered (α=1.0). Changes: {0: (1, 0), 1: (1, 0), 2: (0, 1)}
  [Round 10] Assignments: {'0': 0, '1': 0, '2': 1, '3': 1}
  [Round 10] Cluster 0 val NASA: 3221.49
  [Round 10] Cluster 1 val NASA: 4927.21
  [Round 10] Val NASA per client: [3321.0, 3122.0, 4456.2, 5398.3]
  [Round 11] Val NASA per client: [2846.4, 3260.7, 4762.2, 5542.4]
  [Round 12] Val NASA per client: [3091.8, 2313.9, 4888.7, 5482.0]
  [Round 13] Val NASA per client: [2676.6, 2501.4, 5112.6, 4843.5]
  [Round 14] Val NASA per client: [1865.4, 1686.6, 4697.6, 4200.2]
  ⚠️ Spectral produced invalid clusters {0: 3, 1: 1}. Falling back to KMeans.
  KMeans fallback result: {1: 3, 0: 1}
  [Round 15] Re-clustered (α=1.0). Changes: {0: (0, 1), 1: (0, 1), 2: (1, 0)}
  [Round 15] Assignments: {'0': 1, '1': 1, '2': 0, '3': 1}
  [Round 15] Cluster 0 val NASA: 5013.39
  [Round 15] Cluster 1 val NASA: 3999.34
  [Round 15] Val NASA per client: [2467.5, 1971.4, 5013.4, 7559.1]
  [Round 16] Val NASA per client: [2532.8, 2695.1, 7208.5, 4684.3]
  [Round 17] Val NASA per client: [2475.9, 2339.0, 7081.6, 4836.7]
  [Round 18] Val NASA per client: [2702.4, 2941.3, 8189.8, 4879.2]
  [Round 19] Val NASA per client: [2313.6, 2483.7, 5696.1, 7159.4]
  [Round 20] Re-clustered (α=1.0). Changes: {0: (1, 0), 1: (1, 0), 2: (0, 1)}
  [Round 20] Assignments: {'0': 0, '1': 0, '2': 1, '3': 1}
  [Round 20] Cluster 0 val NASA: 2308.45
  [Round 20] Cluster 1 val NASA: 5548.99
  [Round 20] Val NASA per client: [2465.1, 2151.8, 5696.2, 5401.8]
  [Round 21] Val NASA per client: [2347.1, 3630.7, 4995.4, 5464.8]
  [Round 22] Val NASA per client: [2218.9, 2158.6, 5051.8, 4905.7]
  [Round 23] Val NASA per client: [2081.2, 2233.1, 5033.9, 4319.2]
  [Round 24] Val NASA per client: [2176.8, 1964.2, 4880.5, 5107.3]
  [Round 25] Re-clustered (α=1.0). Changes: {}
  [Round 25] Assignments: {'0': 0, '1': 0, '2': 1, '3': 1}
  [Round 25] Cluster 0 val NASA: 2170.47
  [Round 25] Cluster 1 val NASA: 4982.85
  [Round 25] Val NASA per client: [2179.3, 2161.6, 4948.0, 5017.7]
  [Round 26] Val NASA per client: [1940.7, 2368.7, 5177.3, 6662.6]
  [Round 27] Val NASA per client: [1838.5, 1722.7, 4880.3, 4902.4]
  [Round 28] Val NASA per client: [2115.3, 1816.4, 5548.6, 5042.3]
  [Round 29] Val NASA per client: [2187.0, 1951.5, 7761.5, 4525.5]
  ⚠️ Spectral produced invalid clusters {0: 3, 1: 1}. Falling back to KMeans.
  KMeans fallback result: {1: 2, 0: 2}
  [Round 30] Re-clustered (α=1.0). Changes: {0: (0, 1), 2: (1, 0)}
  [Round 30] Assignments: {'0': 1, '1': 0, '2': 0, '3': 1}
  [Round 30] Cluster 0 val NASA: 3424.00
  [Round 30] Cluster 1 val NASA: 4122.00
  [Round 30] Val NASA per client: [2115.0, 2059.7, 4788.3, 6129.0]
  [Round 31] Val NASA per client: [2422.8, 2376.5, 5095.5, 5909.4]
  [Round 32] Val NASA per client: [2402.6, 2198.3, 6055.5, 6663.4]
  [Round 33] Val NASA per client: [2119.0, 1925.8, 7199.9, 8016.1]
  [Round 34] Val NASA per client: [2499.5, 3278.5, 6825.3, 5694.3]
  [Round 35] Re-clustered (α=1.0). Changes: {0: (1, 0), 1: (0, 1)}
  [Round 35] Assignments: {'0': 0, '1': 1, '2': 0, '3': 1}
  [Round 35] Cluster 0 val NASA: 5248.24
  [Round 35] Cluster 1 val NASA: 4534.18
  [Round 35] Val NASA per client: [2389.0, 1864.0, 8107.5, 7204.3]
  [Round 36] Val NASA per client: [2028.9, 3329.5, 6175.4, 6197.4]
  [Round 37] Val NASA per client: [2185.8, 1750.9, 7321.9, 7287.7]
  [Round 38] Val NASA per client: [2319.4, 2474.2, 5902.5, 7494.5]
  [Round 39] Val NASA per client: [2213.6, 1663.0, 6625.1, 7797.1]
  ⚠️ Spectral produced invalid clusters {0: 3, 1: 1}. Falling back to KMeans.
  KMeans fallback result: {1: 2, 0: 2}
  [Round 40] Re-clustered (α=1.0). Changes: {0: (0, 1), 3: (1, 0)}
  [Round 40] Assignments: {'0': 1, '1': 1, '2': 0, '3': 0}
  [Round 40] Cluster 0 val NASA: 8333.06
  [Round 40] Cluster 1 val NASA: 2007.85
  [Round 40] Val NASA per client: [2565.5, 1450.2, 9433.2, 7233.0]
  [Round 41] Val NASA per client: [1933.1, 1425.7, 7523.1, 6462.1]
  [Round 42] Val NASA per client: [2071.4, 2456.2, 6128.9, 4934.4]
  [Round 43] Val NASA per client: [2165.2, 2271.5, 10517.2, 5417.2]
  [Round 44] Val NASA per client: [1980.6, 1770.2, 7513.6, 5020.9]
  ⚠️ Spectral produced invalid clusters {1: 3, 0: 1}. Falling back to KMeans.
  KMeans fallback result: {0: 3, 1: 1}
  [Round 45] Re-clustered (α=1.0). Changes: {0: (1, 0), 1: (1, 0), 3: (0, 1)}
  [Round 45] Assignments: {'0': 0, '1': 0, '2': 0, '3': 1}
  [Round 45] Cluster 0 val NASA: 4556.41
  [Round 45] Cluster 1 val NASA: 5232.79
  [Round 45] Val NASA per client: [2051.6, 1457.6, 10160.1, 5232.8]
  [Round 46] Val NASA per client: [2331.6, 1780.3, 7464.1, 7045.6]
  [Round 47] Val NASA per client: [2262.7, 2849.0, 5970.1, 8210.7]
  [Round 48] Val NASA per client: [2334.5, 1658.3, 7541.9, 9111.6]
  [Round 49] Val NASA per client: [2228.9, 2003.2, 8016.6, 6969.4]
  [Round 50] Val NASA per client: [2092.2, 1874.3, 8438.4, 10609.3]

  [Final] MAE: 12.1083 | NASA: 656.52
AC-PFL 303: {'method': 'acpfl', 'dataset': 'FD003', 'seed': 303, 'test_mae': 12.1083, 'nasa_score': 656.52, 'comm_kb': 27650.0}
  [Round 1] Val NASA per client: [5728.0, 18992.0, 3753.8, 3488.2]
  [Round 2] Val NASA per client: [5674.9, 10691.6, 3275.8, 3615.5]
  [Round 3] Val NASA per client: [4940.9, 10782.9, 3412.5, 3251.4]
  [Round 4] Val NASA per client: [5130.2, 8156.4, 3354.2, 4810.1]
  [Round 5] Re-clustered (α=1.0). Changes: {}
  [Round 5] Assignments: {'0': 0, '1': 0, '2': 1, '3': 1}
  [Round 5] Cluster 0 val NASA: 6274.82
  [Round 5] Cluster 1 val NASA: 3239.30
  [Round 5] Val NASA per client: [4586.6, 7963.0, 3162.0, 3316.6]
  [Round 6] Val NASA per client: [4419.5, 6790.1, 3900.1, 2901.4]
  [Round 7] Val NASA per client: [4613.2, 7260.4, 2587.8, 3409.8]
  [Round 8] Val NASA per client: [4028.5, 7715.5, 3059.8, 3094.1]
  [Round 9] Val NASA per client: [3459.4, 8020.5, 2183.5, 3412.7]
  [Round 10] Re-clustered (α=1.0). Changes: {}
  [Round 10] Assignments: {'0': 0, '1': 0, '2': 1, '3': 1}
  [Round 10] Cluster 0 val NASA: 5718.83
  [Round 10] Cluster 1 val NASA: 3547.86
  [Round 10] Val NASA per client: [4933.6, 6504.1, 2574.6, 4521.1]
  [Round 11] Val NASA per client: [4517.8, 8380.4, 2455.7, 3467.8]
  [Round 12] Val NASA per client: [4631.8, 7987.6, 2157.4, 2816.1]
  [Round 13] Val NASA per client: [3562.7, 6659.6, 2280.3, 3711.3]
  [Round 14] Val NASA per client: [2929.9, 4549.8, 2341.6, 3955.0]
  [Round 15] Re-clustered (α=1.0). Changes: {}
  [Round 15] Assignments: {'0': 0, '1': 0, '2': 1, '3': 1}
  [Round 15] Cluster 0 val NASA: 4961.89
  [Round 15] Cluster 1 val NASA: 4133.22
  [Round 15] Val NASA per client: [4156.6, 5767.2, 2933.5, 5332.9]
  [Round 16] Val NASA per client: [4763.8, 5909.6, 2222.5, 3340.8]
  [Round 17] Val NASA per client: [4226.6, 5711.5, 2375.1, 3756.7]
  [Round 18] Val NASA per client: [4393.4, 6130.2, 2284.8, 3563.6]
  [Round 19] Val NASA per client: [4183.7, 5431.9, 2589.4, 3325.0]
  ⚠️ Spectral produced invalid clusters {0: 3, 1: 1}. Falling back to KMeans.
  KMeans fallback result: {1: 3, 0: 1}
  [Round 20] Re-clustered (α=1.0). Changes: {0: (0, 1), 1: (0, 1), 2: (1, 0)}
  [Round 20] Assignments: {'0': 1, '1': 1, '2': 0, '3': 1}
  [Round 20] Cluster 0 val NASA: 2909.63
  [Round 20] Cluster 1 val NASA: 3960.79
  [Round 20] Val NASA per client: [3094.4, 5470.0, 2909.6, 3318.0]
  [Round 21] Val NASA per client: [4584.2, 7746.2, 4116.3, 2826.9]
  [Round 22] Val NASA per client: [4078.3, 7076.9, 2811.6, 3158.4]
  [Round 23] Val NASA per client: [5182.0, 6121.3, 2539.1, 3620.0]
  [Round 24] Val NASA per client: [6560.6, 6195.0, 2617.7, 2678.1]
  [Round 25] Re-clustered (α=1.0). Changes: {0: (1, 0), 1: (1, 0), 2: (0, 1)}
  [Round 25] Assignments: {'0': 0, '1': 0, '2': 1, '3': 1}
  [Round 25] Cluster 0 val NASA: 5679.12
  [Round 25] Cluster 1 val NASA: 3038.98
  [Round 25] Val NASA per client: [4558.3, 6799.9, 2600.2, 3477.8]
  [Round 26] Val NASA per client: [5301.0, 7949.4, 2792.8, 3387.3]
  [Round 27] Val NASA per client: [4758.7, 5278.8, 2985.1, 4424.6]
  [Round 28] Val NASA per client: [3416.7, 4896.9, 2417.1, 3243.1]
  [Round 29] Val NASA per client: [5047.6, 6101.1, 2578.8, 4176.1]
  [Round 30] Re-clustered (α=1.0). Changes: {}
  [Round 30] Assignments: {'0': 0, '1': 0, '2': 1, '3': 1}
  [Round 30] Cluster 0 val NASA: 5211.93
  [Round 30] Cluster 1 val NASA: 2945.08
  [Round 30] Val NASA per client: [4525.1, 5898.7, 2730.8, 3159.4]
  [Round 31] Val NASA per client: [3490.3, 4039.8, 2336.2, 3137.1]
  [Round 32] Val NASA per client: [2992.7, 3857.5, 2217.1, 3191.9]
  [Round 33] Val NASA per client: [4155.0, 4580.7, 2289.3, 3826.0]
  [Round 34] Val NASA per client: [4511.0, 4647.0, 2232.4, 3795.0]
  ⚠️ Spectral produced invalid clusters {0: 3, 1: 1}. Falling back to KMeans.
  KMeans fallback result: {1: 3, 0: 1}
  [Round 35] Re-clustered (α=1.0). Changes: {0: (0, 1), 1: (0, 1), 2: (1, 0)}
  [Round 35] Assignments: {'0': 1, '1': 1, '2': 0, '3': 1}
  [Round 35] Cluster 0 val NASA: 2547.35
  [Round 35] Cluster 1 val NASA: 3527.43
  [Round 35] Val NASA per client: [3680.1, 3509.8, 2547.4, 3392.4]
  [Round 36] Val NASA per client: [6042.3, 9728.8, 2590.1, 3856.0]
  [Round 37] Val NASA per client: [4735.4, 9305.2, 2872.3, 3513.0]
  [Round 38] Val NASA per client: [4109.7, 6642.6, 2863.0, 3134.1]
  [Round 39] Val NASA per client: [5120.7, 5292.4, 2806.1, 3454.4]
  [Round 40] Re-clustered (α=1.0). Changes: {0: (1, 0), 1: (1, 0), 2: (0, 1)}
  [Round 40] Assignments: {'0': 0, '1': 0, '2': 1, '3': 1}
  [Round 40] Cluster 0 val NASA: 5048.62
  [Round 40] Cluster 1 val NASA: 2973.71
  [Round 40] Val NASA per client: [4913.1, 5184.2, 2792.3, 3155.1]
  [Round 41] Val NASA per client: [3764.4, 6735.3, 2576.4, 3461.3]
  [Round 42] Val NASA per client: [3840.1, 4711.8, 2414.0, 3352.4]
  [Round 43] Val NASA per client: [3890.7, 4138.0, 2593.9, 3490.1]
  [Round 44] Val NASA per client: [3649.3, 4025.2, 2418.2, 3397.6]
  [Round 45] Re-clustered (α=1.0). Changes: {}
  [Round 45] Assignments: {'0': 0, '1': 0, '2': 1, '3': 1}
  [Round 45] Cluster 0 val NASA: 4240.76
  [Round 45] Cluster 1 val NASA: 3503.78
  [Round 45] Val NASA per client: [3624.1, 4857.4, 3252.1, 3755.5]
  [Round 46] Val NASA per client: [3703.1, 4215.5, 2532.4, 3657.9]
  [Round 47] Val NASA per client: [2613.2, 4958.8, 2336.0, 2695.3]
  [Round 48] Val NASA per client: [3048.1, 4614.3, 2997.4, 3502.2]
  [Round 49] Val NASA per client: [2773.1, 3834.4, 2597.0, 3050.4]
  [Round 50] Val NASA per client: [2753.4, 3979.0, 2571.6, 3642.8]

  [Final] MAE: 14.0972 | NASA: 12689.57
AC-PFL 2026: {'method': 'acpfl', 'dataset': 'FD003', 'seed': 2026, 'test_mae': 14.0972, 'nasa_score': 12689.57, 'comm_kb': 27650.0}
NFO flwr 2026-07-12 08:37:44,953 | app.py:225 | app_fit: losses_distributed [(1, 4033.9028877378296), (2, 3465.9367376379255), (3, 2193.110775372149), (4, 1897.4982372011768), (5, 1692.8571153496837), (6, 1536.2121998856708), (7, 1397.9046209303588), (8, 1101.0284776237631), (9, 1077.2747114332385), (10, 944.1900838448024), (11, 1048.8515371788274), (12, 1107.4235601101266), (13, 1052.3881360678567), (14, 965.517070310274), (15, 840.0444333015827), (16, 825.5783019143029), (17, 875.3339346230696), (18, 847.8566526817738), (19, 800.2177043329591), (20, 812.1683752939482), (21, 831.5071177398911), (22, 801.8255524245106), (23, 785.8970519309981), (24, 856.7921879952933), (25, 792.4258658533246), (26, 697.3323651973114), (27, 769.636894565197), (28, 664.1651561659671), (29, 799.6046513074184), (30, 757.4603310857407), (31, 712.3064675366984), (32, 827.2517077322291), (33, 864.3349012240533), (34, 767.0066771236617), (35, 640.2943506599532), (36, 692.1775581145955), (37, 620.1921225470184), (38, 727.1562751124817), (39, 591.0892501354543), (40, 674.9507855045135), (41, 620.8023588147064), (42, 746.7609562348852), (43, 624.5509717987804), (44, 566.7256589028241), (45, 550.5823589504947), (46, 630.0826386798888), (47, 520.9638549303829), (48, 670.9461316955859), (49, 597.9782879153117), (50, 596.0137177313654)]
INFO flwr 2026-07-12 08:37:44,954 | app.py:226 | app_fit: metrics_distributed_fit {}
INFO flwr 2026-07-12 08:37:44,955 | app.py:227 | app_fit: metrics_distributed {'mae': [(1, 56.16156049423618), (2, 51.46426520816063), (3, 40.45901037354879), (4, 36.95451654538984), (5, 35.32475734447221), (6, 32.96219809831941), (7, 31.065516309909896), (8, 27.70142862186471), (9, 26.94734320717736), (10, 24.678040079465074), (11, 26.638386250955246), (12, 26.705177301911633), (13, 26.61215814382198), (14, 24.510988968500712), (15, 23.206191816171263), (16, 22.59295173046772), (17, 23.409445689809818), (18, 22.961626723711003), (19, 22.581932536991033), (20, 22.805083584182213), (21, 22.30192834520655), (22, 22.463953502525467), (23, 21.232643979596254), (24, 22.680217565097813), (25, 21.640740798278905), (26, 19.811842561664847), (27, 21.206699428727912), (28, 20.16327166812741), (29, 21.529925278332556), (30, 20.787215428714305), (31, 20.536096112016722), (32, 21.48445264521943), (33, 22.194531194870798), (34, 21.386685746390537), (35, 19.42701709843834), (36, 19.88047973566727), (37, 19.260687957843672), (38, 20.38197849213683), (39, 18.578499068587796), (40, 19.374743281830302), (41, 18.422823840511505), (42, 20.41736410874453), (43, 18.967009298943267), (44, 17.962084794767303), (45, 17.502713875371665), (46, 18.75875623453878), (47, 17.343912164632894), (48, 19.180108706228875), (49, 18.262452036203488), (50, 18.390721967395844)]}
INFO flwr 2026-07-12 08:37:44,956 | app.py:228 | app_fit: losses_centralized []
INFO flwr 2026-07-12 08:37:44,956 | app.py:229 | app_fit: metrics_centralized {}
I0000 00:00:1783845465.589046     165 cuda_dnn.cc:529] Loaded cuDNN version 91002

WARNING:tensorflow:5 out of the last 9 calls to <function TensorFlowTrainer.make_predict_function.<locals>.one_step_on_data_distributed at 0x7c9d5c134180> triggered tf.function retracing. Tracing is expensive and the excessive number of tracings could be due to (1) creating @tf.function repeatedly in a loop, (2) passing tensors with different shapes, (3) passing Python objects instead of tensors. For (1), please define your @tf.function outside of the loop. For (2), @tf.function has reduce_retracing=True option that can avoid unnecessary retracing. For (3), please refer to https://www.tensorflow.org/guide/function#controlling_retracing and https://www.tensorflow.org/api_docs/python/tf/function for  more details.
WARNING:tensorflow:6 out of the last 12 calls to <function TensorFlowTrainer.make_predict_function.<locals>.one_step_on_data_distributed at 0x7c9d5c134180> triggered tf.function retracing. Tracing is expensive and the excessive number of tracings could be due to (1) creating @tf.function repeatedly in a loop, (2) passing tensors with different shapes, (3) passing Python objects instead of tensors. For (1), please define your @tf.function outside of the loop. For (2), @tf.function has reduce_retracing=True option that can avoid unnecessary retracing. For (3), please refer to https://www.tensorflow.org/guide/function#controlling_retracing and https://www.tensorflow.org/api_docs/python/tf/function for  more details.
FedPer 42: {'method': 'fedper', 'dataset': 'FD003', 'seed': 42, 'test_mae': 16.6874, 'nasa_score': 988.39, 'comm_kb': 27650.0}

INFO flwr 2026-07-12 09:04:17,246 | app.py:225 | app_fit: losses_distributed [(1, 6473.23631200471), (2, 5273.021529979067), (3, 4112.7808748411335), (4, 3186.4465356795754), (5, 2672.450144802258), (6, 2226.5908412688773), (7, 1895.161255653783), (8, 1487.8600003037157), (9, 1449.9842026180286), (10, 1166.9836062140214), (11, 1088.800670323714), (12, 959.6483118259849), (13, 701.6805092726712), (14, 667.8908790756299), (15, 567.4683600174753), (16, 580.9062212755122), (17, 621.6632419597133), (18, 683.2259438838685), (19, 442.4027173844479), (20, 389.80611391204394), (21, 408.12424195504076), (22, 462.46887039987666), (23, 375.7168465032988), (24, 318.00860760994505), (25, 367.3260061397279), (26, 344.2800593822424), (27, 363.34356338427966), (28, 379.4396074942995), (29, 309.0216904460414), (30, 369.98496369430325), (31, 327.29895617033304), (32, 305.89078980076255), (33, 295.4248565878252), (34, 285.82013058019027), (35, 316.25229909212396), (36, 249.99440770199425), (37, 302.5972746138139), (38, 295.9620701664829), (39, 291.0162049069929), (40, 282.90504923113224), (41, 287.6213068035801), (42, 291.52554112192547), (43, 280.7938196676884), (44, 284.93968191630535), (45, 281.81529798005755), (46, 260.8902372953424), (47, 267.28344702907725), (48, 289.6333206687818), (49, 269.9362481105385), (50, 281.09894574763103)]
INFO flwr 2026-07-12 09:04:17,247 | app.py:226 | app_fit: metrics_distributed_fit {}
INFO flwr 2026-07-12 09:04:17,247 | app.py:227 | app_fit: metrics_distributed {'mae': [(1, 69.55117865676515), (2, 65.86032990743098), (3, 57.787796351966676), (4, 50.04774224897321), (5, 46.060268638647344), (6, 41.619760230397496), (7, 38.27728826130406), (8, 33.68588455674751), (9, 32.46169567089902), (10, 29.307413374248306), (11, 28.40919083079653), (12, 26.298496968027507), (13, 22.145628821268037), (14, 22.09322895360335), (15, 20.155636717691376), (16, 20.53752961646997), (17, 21.226926762886595), (18, 22.27275123030375), (19, 17.530839158564664), (20, 16.55372024025073), (21, 16.953139914553702), (22, 17.63454864866996), (23, 16.04737910804566), (24, 14.724673875142512), (25, 15.721499829452004), (26, 15.302445170571358), (27, 15.735037174133593), (28, 16.053620246449157), (29, 14.303506441618266), (30, 15.721262947155529), (31, 14.941896605605715), (32, 14.298908899845689), (33, 13.921987243177789), (34, 13.933371416301819), (35, 14.731574476506722), (36, 12.678050869480845), (37, 14.181194245917945), (38, 13.689380846890536), (39, 13.477379338205147), (40, 13.86802335383219), (41, 13.854582257065477), (42, 14.103220006039269), (43, 13.629469008377294), (44, 13.854397383694444), (45, 13.77960817054128), (46, 13.258495465146298), (47, 13.039114454534065), (48, 13.623527130053944), (49, 13.470773376391834), (50, 13.74419902965783)]}
INFO flwr 2026-07-12 09:04:17,248 | app.py:228 | app_fit: losses_centralized []
INFO flwr 2026-07-12 09:04:17,249 | app.py:229 | app_fit: metrics_centralized {}

FedPer 202: {'method': 'fedper', 'dataset': 'FD003', 'seed': 202, 'test_mae': 13.9603, 'nasa_score': 1495.44, 'comm_kb': 27650.0}

INFO flwr 2026-07-12 09:30:39,047 | app.py:225 | app_fit: losses_distributed [(1, 2760.1468845789173), (2, 1957.3661466425692), (3, 1327.5885169329688), (4, 899.1924004939231), (5, 727.3935353635057), (6, 567.2801560475642), (7, 457.46569473507594), (8, 425.9976493188568), (9, 366.99349423517117), (10, 345.0584935024195), (11, 309.0297969396374), (12, 299.5683628916245), (13, 314.29394440559776), (14, 268.98040679842853), (15, 257.78953246245857), (16, 274.5519071374451), (17, 257.5103779108645), (18, 243.21768399347192), (19, 232.61783427351827), (20, 250.43498631427414), (21, 267.11230102183913), (22, 242.60943637128085), (23, 239.43753482060737), (24, 239.15635523554295), (25, 224.99528309987767), (26, 211.2112119964828), (27, 226.87442516032002), (28, 218.3355943928732), (29, 244.38270757521377), (30, 271.6420005868102), (31, 275.1210907407334), (32, 255.31722848690853), (33, 247.3089233074997), (34, 248.1106546929947), (35, 241.08464124494063), (36, 266.3269561012883), (37, 238.74721419920252), (38, 266.5928911477055), (39, 249.68066533723675), (40, 255.0554597494707), (41, 260.6141412184819), (42, 280.61166597463045), (43, 271.47506990377246), (44, 216.73046934297454), (45, 216.37307777309655), (46, 241.38353242184456), (47, 254.40088085323598), (48, 248.16845060365952), (49, 270.18923795134054), (50, 247.86392667267785)]
INFO flwr 2026-07-12 09:30:39,047 | app.py:226 | app_fit: metrics_distributed_fit {}
INFO flwr 2026-07-12 09:30:39,048 | app.py:227 | app_fit: metrics_distributed {'mae': [(1, 44.24772800768997), (2, 38.04630811156973), (3, 31.796166532949318), (4, 25.955945514780428), (5, 23.129708016602475), (6, 20.21444327654882), (7, 17.937121751203403), (8, 17.51161478126634), (9, 16.07979392054075), (10, 15.708847681284942), (11, 14.616519159212373), (12, 14.394229684585547), (13, 14.887156649817056), (14, 13.167435152175916), (15, 13.274017411673555), (16, 13.759233455903711), (17, 13.037173301898134), (18, 12.938945303732222), (19, 12.459691137843398), (20, 12.911992679113958), (21, 13.45083369023584), (22, 12.808357882479877), (23, 12.81288639367469), (24, 12.803108565329712), (25, 12.368781131401919), (26, 11.642199957261756), (27, 12.131891580987551), (28, 12.165082693496348), (29, 12.821244420949757), (30, 13.475285342407544), (31, 13.560694185179269), (32, 12.883189750133905), (33, 12.908816989619634), (34, 12.641820646580912), (35, 12.439560531479858), (36, 12.903165593507978), (37, 12.428632104783285), (38, 13.158212166672831), (39, 12.974935898261574), (40, 12.400897105931245), (41, 13.096958842558951), (42, 13.32553946783616), (43, 13.27818370915807), (44, 11.507602692046763), (45, 11.558466829266631), (46, 12.466713009728855), (47, 12.508475874427548), (48, 12.609252345433159), (49, 12.955955110385036), (50, 12.369605818492417)]}
INFO flwr 2026-07-12 09:30:39,049 | app.py:228 | app_fit: losses_centralized []
INFO flwr 2026-07-12 09:30:39,049 | app.py:229 | app_fit: metrics_centralized {}

FedPer 101: {'method': 'fedper', 'dataset': 'FD003', 'seed': 101, 'test_mae': 13.0888, 'nasa_score': 715.8, 'comm_kb': 27650.0}

INFO flwr 2026-07-12 09:56:45,836 | app.py:225 | app_fit: losses_distributed [(1, 4018.0884789216116), (2, 3108.0140674925387), (3, 2641.591116902212), (4, 1805.1576704321014), (5, 1492.3620821354898), (6, 991.8604735505179), (7, 775.7573478647296), (8, 672.1140995051352), (9, 555.7589402239511), (10, 465.6806297250812), (11, 434.51792478411386), (12, 353.2752427724774), (13, 323.17796188183047), (14, 282.953062956735), (15, 326.8689153675551), (16, 269.6228472008866), (17, 258.84179494107707), (18, 259.8988963883646), (19, 265.2183616792486), (20, 264.71215652980163), (21, 277.8678268775511), (22, 251.50472480688202), (23, 263.0525406192394), (24, 286.7843028002107), (25, 238.6132891914282), (26, 256.2183037369974), (27, 261.5044137538953), (28, 268.86464858151555), (29, 258.29347937080297), (30, 264.03621869719433), (31, 246.0601143106182), (32, 263.2849099937182), (33, 249.44693738615914), (34, 261.22614442632437), (35, 260.4383934895376), (36, 254.91473725051023), (37, 273.24337057049354), (38, 254.99474497934406), (39, 240.8593533942405), (40, 250.2055186376679), (41, 278.4318236961793), (42, 242.75763335838747), (43, 241.86877140688094), (44, 257.613636495183), (45, 241.10828422975004), (46, 265.2763903945751), (47, 260.11324687829176), (48, 233.62391790154274), (49, 232.06042124544638), (50, 258.0741251501876)]
INFO flwr 2026-07-12 09:56:45,836 | app.py:226 | app_fit: metrics_distributed_fit {}
INFO flwr 2026-07-12 09:56:45,837 | app.py:227 | app_fit: metrics_distributed {'mae': [(1, 54.92790921243389), (2, 47.32130148555456), (3, 44.33366333865048), (4, 36.697681558587576), (5, 32.73753871832001), (6, 26.6525807519977), (7, 23.390288269385863), (8, 21.96300080803003), (9, 19.613333270898025), (10, 18.302333629693877), (11, 17.749249397020662), (12, 15.784007402270028), (13, 15.10250762596559), (14, 13.846938565500666), (15, 15.304580417161578), (16, 13.569628338760204), (17, 12.823263791759363), (18, 13.384257391811756), (19, 13.642602321324723), (20, 13.336507376767276), (21, 13.663721287759502), (22, 13.168620612326633), (23, 13.39946314093772), (24, 13.993779458678171), (25, 12.502785323710924), (26, 12.95492263472482), (27, 13.265160530176056), (28, 13.5738791095005), (29, 13.081221410558465), (30, 13.282483072602346), (31, 12.67964742189043), (32, 13.226222997944006), (33, 12.954190140199126), (34, 13.402495359785101), (35, 13.215843432565753), (36, 13.11691757652197), (37, 13.271741891496637), (38, 12.97697496692786), (39, 12.397515243144518), (40, 12.621800348946218), (41, 13.415542004188795), (42, 12.871796559108777), (43, 12.492603844203305), (44, 12.988609918958685), (45, 12.523034818627861), (46, 13.2414632743664), (47, 12.750757254911273), (48, 11.73885144801622), (49, 12.089270765111687), (50, 12.726496608819854)]}
INFO flwr 2026-07-12 09:56:45,838 | app.py:228 | app_fit: losses_centralized []
INFO flwr 2026-07-12 09:56:45,838 | app.py:229 | app_fit: metrics_centralized {}


FedPer 303: {'method': 'fedper', 'dataset': 'FD003', 'seed': 303, 'test_mae': 12.9368, 'nasa_score': 764.05, 'comm_kb': 27650.0}

INFO flwr 2026-07-12 10:23:29,543 | app.py:225 | app_fit: losses_distributed [(1, 4194.026779266332), (2, 5282.135729112274), (3, 4611.483515591527), (4, 4103.625171076261), (5, 3870.0152940398725), (6, 3848.3902591551687), (7, 2795.458044527735), (8, 2806.6524692721723), (9, 2606.9098280095195), (10, 2054.276166325874), (11, 2049.324041868339), (12, 1978.7594079391101), (13, 1507.9867644976016), (14, 1579.263132861872), (15, 1331.0298334822862), (16, 1137.9678418993847), (17, 1067.4077961062812), (18, 874.9039243095025), (19, 891.6506630081137), (20, 1015.7296506461672), (21, 923.2081849425904), (22, 872.2127833950693), (23, 853.2876025856103), (24, 850.1335470400617), (25, 915.5731858986509), (26, 685.982857803044), (27, 690.3547332423716), (28, 598.8639610898525), (29, 620.7333779878461), (30, 585.8604811314548), (31, 604.1325086317414), (32, 674.8146724096199), (33, 765.9559666520015), (34, 828.6622963768862), (35, 604.6933501438903), (36, 592.8124674949875), (37, 620.2350434121048), (38, 626.8790749334942), (39, 652.0856775906522), (40, 607.9957144507609), (41, 475.135044323448), (42, 566.5693743786652), (43, 549.555492672434), (44, 536.7939570279027), (45, 470.2037944679293), (46, 536.0160414851825), (47, 478.6127327115697), (48, 399.9734111710706), (49, 425.9198418350024), (50, 427.14026915771694)]
INFO flwr 2026-07-12 10:23:29,544 | app.py:226 | app_fit: metrics_distributed_fit {}
INFO flwr 2026-07-12 10:23:29,545 | app.py:227 | app_fit: metrics_distributed {'mae': [(1, 56.45296901581935), (2, 63.12666787422919), (3, 58.19649255469812), (4, 54.52425462482521), (5, 50.416224150343034), (6, 52.0766571195287), (7, 44.50161361776056), (8, 44.63927364185925), (9, 40.937959539042446), (10, 37.76059147018393), (11, 37.36485429043022), (12, 36.94974343308855), (13, 31.75404752250809), (14, 32.72555704533594), (15, 30.214530788330105), (16, 27.705514886589672), (17, 26.78515745823263), (18, 24.07346231710635), (19, 23.859100161603912), (20, 25.502426385266617), (21, 24.065812513372688), (22, 23.822395470577526), (23, 23.256392615415546), (24, 23.098328619403723), (25, 23.950663771298366), (26, 20.944485344433232), (27, 21.048820593261066), (28, 19.354217503963625), (29, 19.736577705327733), (30, 19.12049332580305), (31, 19.723545837729226), (32, 20.506655176991362), (33, 21.7853116609137), (34, 22.705966114691414), (35, 19.79914936900854), (36, 19.10169909198568), (37, 19.414778651390304), (38, 19.705365706838496), (39, 19.596813335516764), (40, 19.175395334287902), (41, 17.19029749532796), (42, 18.66455291128608), (43, 18.375547006177207), (44, 18.223046487891583), (45, 16.546671721295812), (46, 17.47117767644521), (47, 17.00586251509731), (48, 15.449570974327093), (49, 16.15186949315598), (50, 15.88554555121506)]}
INFO flwr 2026-07-12 10:23:29,546 | app.py:228 | app_fit: losses_centralized []
INFO flwr 2026-07-12 10:23:29,546 | app.py:229 | app_fit: metrics_centralized {}

FedPer 2026: {'method': 'fedper', 'dataset': 'FD003', 'seed': 2026, 'test_mae': 13.4409, 'nasa_score': 571.97, 'comm_kb': 27650.0}



  [Round 1] Global MAE: 22.8881
  [Round 2] Global MAE: 16.1772
  [Round 3] Global MAE: 14.703
  [Round 4] Global MAE: 14.9558
  [Round 5] CFL one-shot clustering: {0: 0, 1: 0, 2: 1, 3: 1}
  [Round 5] Cluster MAEs: [14.71, 14.71] | Avg: 14.7123
  [Round 6] Cluster MAEs: [21.56, 24.19] | Avg: 22.8757
  [Round 7] Cluster MAEs: [26.51, 27.73] | Avg: 27.1187
  [Round 8] Cluster MAEs: [24.5, 29.21] | Avg: 26.854
  [Round 9] Cluster MAEs: [27.35, 29.36] | Avg: 28.3569
  [Round 10] Cluster MAEs: [27.3, 30.13] | Avg: 28.7152
  [Round 11] Cluster MAEs: [29.09, 30.76] | Avg: 29.9234
  [Round 12] Cluster MAEs: [27.32, 30.52] | Avg: 28.9215
  [Round 13] Cluster MAEs: [28.05, 30.16] | Avg: 29.1051
  [Round 14] Cluster MAEs: [28.07, 29.86] | Avg: 28.962
  [Round 15] Cluster MAEs: [28.27, 28.21] | Avg: 28.2416
  [Round 16] Cluster MAEs: [27.92, 28.9] | Avg: 28.407
  [Round 17] Cluster MAEs: [27.64, 29.08] | Avg: 28.3568
  [Round 18] Cluster MAEs: [27.57, 28.34] | Avg: 27.9568
  [Round 19] Cluster MAEs: [27.87, 27.88] | Avg: 27.8756
  [Round 20] Cluster MAEs: [28.12, 27.07] | Avg: 27.5944
  [Round 21] Cluster MAEs: [28.06, 28.39] | Avg: 28.2289
  [Round 22] Cluster MAEs: [27.41, 25.75] | Avg: 26.5781
  [Round 23] Cluster MAEs: [28.14, 27.36] | Avg: 27.7494
  [Round 24] Cluster MAEs: [29.05, 28.41] | Avg: 28.7256
  [Round 25] Cluster MAEs: [27.38, 29.25] | Avg: 28.3134
  [Round 26] Cluster MAEs: [28.44, 28.62] | Avg: 28.528
  [Round 27] Cluster MAEs: [28.23, 29.25] | Avg: 28.7386
  [Round 28] Cluster MAEs: [28.85, 29.14] | Avg: 28.991
  [Round 29] Cluster MAEs: [28.65, 28.93] | Avg: 28.7854
  [Round 30] Cluster MAEs: [28.61, 29.24] | Avg: 28.9247
  [Round 31] Cluster MAEs: [28.63, 29.36] | Avg: 28.9943
  [Round 32] Cluster MAEs: [28.85, 30.22] | Avg: 29.5349
  [Round 33] Cluster MAEs: [28.85, 29.24] | Avg: 29.044
  [Round 34] Cluster MAEs: [28.91, 29.59] | Avg: 29.2477
  [Round 35] Cluster MAEs: [28.8, 29.08] | Avg: 28.9407
  [Round 36] Cluster MAEs: [28.85, 29.14] | Avg: 28.9944
  [Round 37] Cluster MAEs: [27.41, 29.65] | Avg: 28.527
  [Round 38] Cluster MAEs: [29.05, 29.6] | Avg: 29.3275
  [Round 39] Cluster MAEs: [28.61, 29.54] | Avg: 29.0754
  [Round 40] Cluster MAEs: [29.1, 29.88] | Avg: 29.4906
  [Round 41] Cluster MAEs: [29.49, 29.45] | Avg: 29.4695
  [Round 42] Cluster MAEs: [29.72, 29.88] | Avg: 29.7989
  [Round 43] Cluster MAEs: [29.02, 27.43] | Avg: 28.2262
  [Round 44] Cluster MAEs: [28.68, 28.48] | Avg: 28.5804
  [Round 45] Cluster MAEs: [28.66, 30.6] | Avg: 29.6297
  [Round 46] Cluster MAEs: [29.07, 29.41] | Avg: 29.2393
  [Round 47] Cluster MAEs: [29.3, 28.75] | Avg: 29.0226
  [Round 48] Cluster MAEs: [29.18, 28.52] | Avg: 28.8498
  [Round 49] Cluster MAEs: [29.59, 29.64] | Avg: 29.6149
  [Round 50] Cluster MAEs: [29.65, 29.58] | Avg: 29.6123
CFL: {'method': 'cfl', 'dataset': 'FD003', 'seed': 42, 'test_mae': 15.0657, 'nasa_score': 18036.99, 'comm_kb': 27650.0}
  [Round 1] Global MAE: 25.4202
  [Round 2] Global MAE: 16.6064
  [Round 3] Global MAE: 16.1858
  [Round 4] Global MAE: 14.6863
  [Round 5] CFL one-shot clustering: {0: 0, 1: 0, 2: 1, 3: 1}
  [Round 5] Cluster MAEs: [15.36, 15.36] | Avg: 15.3575
  [Round 6] Cluster MAEs: [24.27, 19.78] | Avg: 22.0272
  [Round 7] Cluster MAEs: [25.8, 21.16] | Avg: 23.4797
  [Round 8] Cluster MAEs: [27.6, 23.3] | Avg: 25.4504
  [Round 9] Cluster MAEs: [27.67, 22.64] | Avg: 25.1544
  [Round 10] Cluster MAEs: [26.38, 20.82] | Avg: 23.6017
  [Round 11] Cluster MAEs: [27.9, 25.32] | Avg: 26.6082
  [Round 12] Cluster MAEs: [28.25, 27.78] | Avg: 28.0155
  [Round 13] Cluster MAEs: [27.35, 26.51] | Avg: 26.9273
  [Round 14] Cluster MAEs: [27.61, 26.83] | Avg: 27.2202
  [Round 15] Cluster MAEs: [27.97, 27.26] | Avg: 27.6155
  [Round 16] Cluster MAEs: [28.23, 28.53] | Avg: 28.3816
  [Round 17] Cluster MAEs: [28.28, 28.07] | Avg: 28.1741
  [Round 18] Cluster MAEs: [27.63, 28.7] | Avg: 28.163
  [Round 19] Cluster MAEs: [28.24, 28.44] | Avg: 28.3394
  [Round 20] Cluster MAEs: [28.63, 26.93] | Avg: 27.7796
  [Round 21] Cluster MAEs: [26.95, 26.83] | Avg: 26.8903
  [Round 22] Cluster MAEs: [27.86, 22.79] | Avg: 25.3247
  [Round 23] Cluster MAEs: [28.13, 25.95] | Avg: 27.039
  [Round 24] Cluster MAEs: [28.55, 25.18] | Avg: 26.8664
  [Round 25] Cluster MAEs: [27.48, 19.22] | Avg: 23.3537
  [Round 26] Cluster MAEs: [28.03, 24.25] | Avg: 26.1391
  [Round 27] Cluster MAEs: [27.38, 21.56] | Avg: 24.4737
  [Round 28] Cluster MAEs: [27.9, 22.9] | Avg: 25.3974
  [Round 29] Cluster MAEs: [28.3, 24.81] | Avg: 26.5551
  [Round 30] Cluster MAEs: [27.87, 24.87] | Avg: 26.3656
  [Round 31] Cluster MAEs: [28.45, 24.15] | Avg: 26.3008
  [Round 32] Cluster MAEs: [28.19, 24.31] | Avg: 26.2512
  [Round 33] Cluster MAEs: [27.87, 26.54] | Avg: 27.2049
  [Round 34] Cluster MAEs: [28.62, 26.18] | Avg: 27.3993
  [Round 35] Cluster MAEs: [27.6, 24.91] | Avg: 26.2531
  [Round 36] Cluster MAEs: [28.15, 22.06] | Avg: 25.1063
  [Round 37] Cluster MAEs: [28.21, 25.21] | Avg: 26.7091
  [Round 38] Cluster MAEs: [28.07, 27.2] | Avg: 27.6354
  [Round 39] Cluster MAEs: [28.05, 26.38] | Avg: 27.2139
  [Round 40] Cluster MAEs: [28.68, 28.58] | Avg: 28.627
  [Round 41] Cluster MAEs: [29.37, 25.56] | Avg: 27.4639
  [Round 42] Cluster MAEs: [28.11, 26.78] | Avg: 27.4444
  [Round 43] Cluster MAEs: [29.14, 27.27] | Avg: 28.2081
  [Round 44] Cluster MAEs: [28.33, 25.27] | Avg: 26.796
  [Round 45] Cluster MAEs: [28.06, 27.83] | Avg: 27.943
  [Round 46] Cluster MAEs: [29.08, 27.77] | Avg: 28.4283
  [Round 47] Cluster MAEs: [28.35, 26.31] | Avg: 27.33
  [Round 48] Cluster MAEs: [29.36, 29.36] | Avg: 29.3563
  [Round 49] Cluster MAEs: [28.81, 29.51] | Avg: 29.1606
  [Round 50] Cluster MAEs: [28.69, 28.05] | Avg: 28.3685
CFL: {'method': 'cfl', 'dataset': 'FD003', 'seed': 101, 'test_mae': 14.1244, 'nasa_score': 15086.84, 'comm_kb': 27650.0}
  [Round 1] Global MAE: 20.3932
  [Round 2] Global MAE: 16.6922
  [Round 3] Global MAE: 14.6852
  [Round 4] Global MAE: 17.272
  [Round 5] CFL one-shot clustering: {0: 0, 1: 0, 2: 1, 3: 1}
  [Round 5] Cluster MAEs: [13.78, 13.78] | Avg: 13.7825
  [Round 6] Cluster MAEs: [25.93, 24.69] | Avg: 25.3084
  [Round 7] Cluster MAEs: [25.56, 27.62] | Avg: 26.5918
  [Round 8] Cluster MAEs: [27.48, 28.32] | Avg: 27.899
  [Round 9] Cluster MAEs: [27.17, 28.09] | Avg: 27.6274
  [Round 10] Cluster MAEs: [26.95, 29.02] | Avg: 27.9825
  [Round 11] Cluster MAEs: [27.01, 28.58] | Avg: 27.7955
  [Round 12] Cluster MAEs: [26.95, 29.16] | Avg: 28.0554
  [Round 13] Cluster MAEs: [26.82, 29.09] | Avg: 27.9534
  [Round 14] Cluster MAEs: [27.62, 29.32] | Avg: 28.4725
  [Round 15] Cluster MAEs: [27.06, 28.94] | Avg: 28.001
  [Round 16] Cluster MAEs: [27.36, 29.17] | Avg: 28.2654
  [Round 17] Cluster MAEs: [27.32, 28.75] | Avg: 28.0374
  [Round 18] Cluster MAEs: [26.99, 28.68] | Avg: 27.8337
  [Round 19] Cluster MAEs: [26.81, 29.19] | Avg: 28.0002
  [Round 20] Cluster MAEs: [26.84, 28.62] | Avg: 27.7287
  [Round 21] Cluster MAEs: [26.6, 28.35] | Avg: 27.4747
  [Round 22] Cluster MAEs: [27.69, 28.92] | Avg: 28.3033
  [Round 23] Cluster MAEs: [27.07, 28.22] | Avg: 27.6406
  [Round 24] Cluster MAEs: [28.33, 28.42] | Avg: 28.3755
  [Round 25] Cluster MAEs: [27.94, 27.1] | Avg: 27.523
  [Round 26] Cluster MAEs: [27.49, 29.26] | Avg: 28.3779
  [Round 27] Cluster MAEs: [26.54, 29.23] | Avg: 27.8823
  [Round 28] Cluster MAEs: [27.37, 29.45] | Avg: 28.4071
  [Round 29] Cluster MAEs: [27.8, 28.19] | Avg: 27.9943
  [Round 30] Cluster MAEs: [27.19, 29.13] | Avg: 28.1594
  [Round 31] Cluster MAEs: [27.26, 29.38] | Avg: 28.3183
  [Round 32] Cluster MAEs: [27.14, 28.93] | Avg: 28.0365
  [Round 33] Cluster MAEs: [27.66, 27.9] | Avg: 27.7781
  [Round 34] Cluster MAEs: [28.1, 28.93] | Avg: 28.5162
  [Round 35] Cluster MAEs: [28.18, 28.58] | Avg: 28.3786
  [Round 36] Cluster MAEs: [26.59, 29.39] | Avg: 27.9891
  [Round 37] Cluster MAEs: [28.14, 29.43] | Avg: 28.7853
  [Round 38] Cluster MAEs: [28.21, 29.62] | Avg: 28.9127
  [Round 39] Cluster MAEs: [27.68, 28.85] | Avg: 28.2625
  [Round 40] Cluster MAEs: [28.11, 29.22] | Avg: 28.6617
  [Round 41] Cluster MAEs: [28.09, 28.61] | Avg: 28.3487
  [Round 42] Cluster MAEs: [27.89, 29.22] | Avg: 28.5586
  [Round 43] Cluster MAEs: [27.74, 29.68] | Avg: 28.7082
  [Round 44] Cluster MAEs: [27.69, 28.71] | Avg: 28.199
  [Round 45] Cluster MAEs: [28.5, 29.66] | Avg: 29.0826
  [Round 46] Cluster MAEs: [27.8, 29.16] | Avg: 28.4817
  [Round 47] Cluster MAEs: [28.27, 29.34] | Avg: 28.808
  [Round 48] Cluster MAEs: [28.02, 29.11] | Avg: 28.5681
  [Round 49] Cluster MAEs: [28.67, 30.32] | Avg: 29.4928
  [Round 50] Cluster MAEs: [28.22, 29.73] | Avg: 28.9733
CFL: {'method': 'cfl', 'dataset': 'FD003', 'seed': 202, 'test_mae': 14.0532, 'nasa_score': 13150.18, 'comm_kb': 27650.0}
  [Round 1] Global MAE: 19.7973
  [Round 2] Global MAE: 16.9176
  [Round 3] Global MAE: 14.6748
  [Round 4] Global MAE: 13.945
  [Round 5] CFL one-shot clustering: {0: 0, 1: 0, 2: 1, 3: 1}
  [Round 5] Cluster MAEs: [16.2, 16.2] | Avg: 16.1998
  [Round 6] Cluster MAEs: [24.66, 16.99] | Avg: 20.8256
  [Round 7] Cluster MAEs: [26.51, 19.47] | Avg: 22.9906
  [Round 8] Cluster MAEs: [25.54, 22.53] | Avg: 24.0382
  [Round 9] Cluster MAEs: [25.55, 21.63] | Avg: 23.5895
  [Round 10] Cluster MAEs: [26.74, 21.75] | Avg: 24.243
  [Round 11] Cluster MAEs: [25.21, 23.67] | Avg: 24.4404
  [Round 12] Cluster MAEs: [26.05, 22.5] | Avg: 24.2745
  [Round 13] Cluster MAEs: [26.2, 24.43] | Avg: 25.3144
  [Round 14] Cluster MAEs: [25.48, 25.43] | Avg: 25.4512
  [Round 15] Cluster MAEs: [26.46, 24.9] | Avg: 25.6821
  [Round 16] Cluster MAEs: [26.84, 26.41] | Avg: 26.6239
  [Round 17] Cluster MAEs: [24.27, 26.26] | Avg: 25.262
  [Round 18] Cluster MAEs: [26.3, 26.53] | Avg: 26.4132
  [Round 19] Cluster MAEs: [27.22, 26.4] | Avg: 26.81
  [Round 20] Cluster MAEs: [26.48, 27.99] | Avg: 27.2332
  [Round 21] Cluster MAEs: [26.81, 28.88] | Avg: 27.8467
  [Round 22] Cluster MAEs: [26.28, 29.19] | Avg: 27.7374
  [Round 23] Cluster MAEs: [26.44, 28.1] | Avg: 27.2697
  [Round 24] Cluster MAEs: [25.5, 28.9] | Avg: 27.199
  [Round 25] Cluster MAEs: [26.71, 29.23] | Avg: 27.9697
  [Round 26] Cluster MAEs: [26.42, 29.03] | Avg: 27.722
  [Round 27] Cluster MAEs: [26.71, 29.55] | Avg: 28.1268
  [Round 28] Cluster MAEs: [27.53, 29.43] | Avg: 28.4781
  [Round 29] Cluster MAEs: [26.44, 29.65] | Avg: 28.0485
  [Round 30] Cluster MAEs: [26.75, 29.48] | Avg: 28.1165
  [Round 31] Cluster MAEs: [26.9, 29.82] | Avg: 28.3559
  [Round 32] Cluster MAEs: [26.39, 30.13] | Avg: 28.2589
  [Round 33] Cluster MAEs: [26.31, 29.48] | Avg: 27.8942
  [Round 34] Cluster MAEs: [26.4, 29.44] | Avg: 27.918
  [Round 35] Cluster MAEs: [25.5, 30.09] | Avg: 27.796
  [Round 36] Cluster MAEs: [27.02, 29.67] | Avg: 28.3464
  [Round 37] Cluster MAEs: [25.48, 30.4] | Avg: 27.9429
  [Round 38] Cluster MAEs: [26.61, 30.04] | Avg: 28.3223
  [Round 39] Cluster MAEs: [26.0, 29.94] | Avg: 27.9682
  [Round 40] Cluster MAEs: [26.49, 29.49] | Avg: 27.9898
  [Round 41] Cluster MAEs: [27.67, 28.46] | Avg: 28.0651
  [Round 42] Cluster MAEs: [26.59, 28.54] | Avg: 27.5622
  [Round 43] Cluster MAEs: [27.66, 29.95] | Avg: 28.805
  [Round 44] Cluster MAEs: [27.31, 29.68] | Avg: 28.494
  [Round 45] Cluster MAEs: [27.12, 30.35] | Avg: 28.7329
  [Round 46] Cluster MAEs: [27.24, 29.83] | Avg: 28.5376
  [Round 47] Cluster MAEs: [27.77, 30.01] | Avg: 28.8883
  [Round 48] Cluster MAEs: [27.83, 29.8] | Avg: 28.8196
  [Round 49] Cluster MAEs: [28.12, 30.3] | Avg: 29.2134
  [Round 50] Cluster MAEs: [27.3, 30.64] | Avg: 28.9686
CFL: {'method': 'cfl', 'dataset': 'FD003', 'seed': 303, 'test_mae': 14.7087, 'nasa_score': 10852.94, 'comm_kb': 27650.0}
  [Round 1] Global MAE: 27.6083
  [Round 2] Global MAE: 19.1505
  [Round 3] Global MAE: 19.0357
  [Round 4] Global MAE: 19.4798
  [Round 5] CFL one-shot clustering: {0: 0, 1: 0, 2: 1, 3: 1}
  [Round 5] Cluster MAEs: [18.71, 18.71] | Avg: 18.7115
  [Round 6] Cluster MAEs: [25.67, 23.08] | Avg: 24.3739
  [Round 7] Cluster MAEs: [25.75, 26.27] | Avg: 26.0066
  [Round 8] Cluster MAEs: [25.85, 26.51] | Avg: 26.176
  [Round 9] Cluster MAEs: [26.26, 27.83] | Avg: 27.0454
  [Round 10] Cluster MAEs: [26.34, 28.7] | Avg: 27.5232
  [Round 11] Cluster MAEs: [25.74, 28.2] | Avg: 26.97
  [Round 12] Cluster MAEs: [26.37, 29.73] | Avg: 28.0492
  [Round 13] Cluster MAEs: [25.87, 30.46] | Avg: 28.1664
  [Round 14] Cluster MAEs: [26.74, 29.55] | Avg: 28.1428
  [Round 15] Cluster MAEs: [25.98, 29.82] | Avg: 27.9
  [Round 16] Cluster MAEs: [26.09, 29.0] | Avg: 27.5447
  [Round 17] Cluster MAEs: [26.47, 29.86] | Avg: 28.1646
  [Round 18] Cluster MAEs: [26.34, 29.28] | Avg: 27.8138
  [Round 19] Cluster MAEs: [26.0, 29.08] | Avg: 27.5418
  [Round 20] Cluster MAEs: [25.64, 29.05] | Avg: 27.3475
  [Round 21] Cluster MAEs: [27.28, 28.0] | Avg: 27.6394
  [Round 22] Cluster MAEs: [26.44, 28.59] | Avg: 27.5176
  [Round 23] Cluster MAEs: [26.51, 24.95] | Avg: 25.7303
  [Round 24] Cluster MAEs: [27.09, 27.11] | Avg: 27.0975
  [Round 25] Cluster MAEs: [25.95, 27.99] | Avg: 26.9676
  [Round 26] Cluster MAEs: [26.11, 24.38] | Avg: 25.2428
  [Round 27] Cluster MAEs: [26.51, 25.02] | Avg: 25.7663
  [Round 28] Cluster MAEs: [26.45, 26.54] | Avg: 26.4939
  [Round 29] Cluster MAEs: [25.62, 23.67] | Avg: 24.6419
  [Round 30] Cluster MAEs: [25.51, 26.59] | Avg: 26.0474
  [Round 31] Cluster MAEs: [25.54, 26.68] | Avg: 26.1113
  [Round 32] Cluster MAEs: [25.06, 25.76] | Avg: 25.4072
  [Round 33] Cluster MAEs: [24.35, 21.23] | Avg: 22.786
  [Round 34] Cluster MAEs: [23.93, 23.06] | Avg: 23.4905
  [Round 35] Cluster MAEs: [23.51, 23.05] | Avg: 23.2754
  [Round 36] Cluster MAEs: [23.98, 24.78] | Avg: 24.3783
  [Round 37] Cluster MAEs: [24.79, 23.52] | Avg: 24.1567
  [Round 38] Cluster MAEs: [23.38, 23.92] | Avg: 23.6497
  [Round 39] Cluster MAEs: [23.98, 23.7] | Avg: 23.8398
  [Round 40] Cluster MAEs: [26.14, 25.57] | Avg: 25.8545
  [Round 41] Cluster MAEs: [24.69, 24.38] | Avg: 24.5373
  [Round 42] Cluster MAEs: [25.03, 23.78] | Avg: 24.4052
  [Round 43] Cluster MAEs: [23.97, 24.47] | Avg: 24.2164
  [Round 44] Cluster MAEs: [24.14, 26.42] | Avg: 25.2816
  [Round 45] Cluster MAEs: [25.08, 26.51] | Avg: 25.7916
  [Round 46] Cluster MAEs: [25.85, 28.94] | Avg: 27.3965
  [Round 47] Cluster MAEs: [24.7, 27.98] | Avg: 26.3401
  [Round 48] Cluster MAEs: [25.62, 26.63] | Avg: 26.1224
  [Round 49] Cluster MAEs: [24.61, 28.32] | Avg: 26.4638
  [Round 50] Cluster MAEs: [23.9, 27.99] | Avg: 25.9452
CFL: {'method': 'cfl', 'dataset': 'FD003', 'seed': 2026, 'test_mae': 13.276, 'nasa_score': 8938.08, 'comm_kb': 27650.0}
INFO flwr 2026-07-13 07:47:20,278 | app.py:225 | app_fit: losses_distributed [(1, 962.7987584774432), (2, 440.2619508155068), (3, 477.8556038974626), (4, 462.75196911311605), (5, 506.07092888277964), (6, 462.7429174548472), (7, 457.6885130542175), (8, 395.46895918366516), (9, 399.80197919812287), (10, 427.57162047502703), (11, 423.75678632423865), (12, 475.949207594468), (13, 406.4064223621651), (14, 415.5185880399404), (15, 340.9518584253782), (16, 331.37592817958154), (17, 354.08680921698846), (18, 354.75585958428513), (19, 343.77025446967093), (20, 316.04757607984027), (21, 351.8397754596257), (22, 339.4187444241366), (23, 297.1343891812877), (24, 318.5000103057075), (25, 341.25787561532366), (26, 306.9613516943116), (27, 321.49059458008827), (28, 318.2239386700434), (29, 310.0823454313841), (30, 281.6882755314422), (31, 310.3449852008772), (32, 295.7018283675932), (33, 290.54043634276735), (34, 268.86964734553897), (35, 257.4271141553262), (36, 303.0541998973412), (37, 287.082103003092), (38, 278.4572354139929), (39, 281.3517023595491), (40, 275.1241544595086), (41, 268.83824230013346), (42, 262.40330550082007), (43, 268.42678138878773), (44, 278.82287356027047), (45, 272.8411097506732), (46, 258.15755430619515), (47, 268.7619573826207), (48, 261.21316823856296), (49, 273.4898025626851), (50, 257.7472371888577)]
INFO flwr 2026-07-13 07:47:20,279 | app.py:226 | app_fit: metrics_distributed_fit {}
INFO flwr 2026-07-13 07:47:20,280 | app.py:227 | app_fit: metrics_distributed {'mae': [(1, 27.05099461698968), (2, 18.01996085352434), (3, 18.66640590353004), (4, 18.451429499255948), (5, 18.883723984335425), (6, 18.784478846729943), (7, 18.130677328640882), (8, 17.178207014762453), (9, 17.29893260584805), (10, 17.70451301608795), (11, 17.604008231277973), (12, 18.490343541575786), (13, 17.48122013001668), (14, 17.469650576933166), (15, 15.51499538865569), (16, 15.787432565752507), (17, 16.273169665958914), (18, 16.190618955187272), (19, 16.007300526324848), (20, 15.068486505018505), (21, 16.084220620660314), (22, 15.885314409076821), (23, 14.814141291335337), (24, 15.289485640854808), (25, 15.643518203511796), (26, 14.866624532693242), (27, 15.519720732323448), (28, 14.851172507651528), (29, 14.687430409917411), (30, 14.059068548015427), (31, 15.024169063726665), (32, 14.336921684165251), (33, 14.198051810363681), (34, 13.777616548617482), (35, 13.592311685717512), (36, 14.654948929995175), (37, 13.920007773864695), (38, 13.902973289798917), (39, 14.123932729437266), (40, 13.816164408142331), (41, 13.820850298192633), (42, 13.447326627059073), (43, 13.825304386720791), (44, 13.932547312623148), (45, 13.847025180794454), (46, 13.54490884739661), (47, 13.60417709901545), (48, 13.332966762290631), (49, 14.004094910046902), (50, 13.17499000691218)]}
INFO flwr 2026-07-13 07:47:20,281 | app.py:228 | app_fit: losses_centralized [(0, 0.0), (1, 0.0), (2, 0.0), (3, 0.0), (4, 0.0), (5, 0.0), (6, 0.0), (7, 0.0), (8, 0.0), (9, 0.0), (10, 0.0), (11, 0.0), (12, 0.0), (13, 0.0), (14, 0.0), (15, 0.0), (16, 0.0), (17, 0.0), (18, 0.0), (19, 0.0), (20, 0.0), (21, 0.0), (22, 0.0), (23, 0.0), (24, 0.0), (25, 0.0), (26, 0.0), (27, 0.0), (28, 0.0), (29, 0.0), (30, 0.0), (31, 0.0), (32, 0.0), (33, 0.0), (34, 0.0), (35, 0.0), (36, 0.0), (37, 0.0), (38, 0.0), (39, 0.0), (40, 0.0), (41, 0.0), (42, 0.0), (43, 0.0), (44, 0.0), (45, 0.0), (46, 0.0), (47, 0.0), (48, 0.0), (49, 0.0), (50, 0.0)]
INFO flwr 2026-07-13 07:47:20,282 | app.py:229 | app_fit: metrics_centralized {'mae': [(0, 74.01467432171107), (1, 20.985009684562684), (2, 16.398660583496095), (3, 17.690748682022093), (4, 17.341970233917237), (5, 18.679419059753418), (6, 16.930156717300417), (7, 17.83960322380066), (8, 16.227917981147765), (9, 15.360136222839355), (10, 17.040765895843506), (11, 16.702256264686586), (12, 18.334947290420534), (13, 16.187958183288575), (14, 16.189162073135375), (15, 13.818053669929505), (16, 14.40857668876648), (17, 15.063853478431701), (18, 15.501970577239991), (19, 14.008510837554931), (20, 13.648005743026733), (21, 15.188520126342773), (22, 13.368834428787231), (23, 13.747005968093871), (24, 14.943098335266113), (25, 14.908746385574341), (26, 14.01916039466858), (27, 13.68266303062439), (28, 13.838610582351684), (29, 14.093200654983521), (30, 11.387368564605714), (31, 14.03204083442688), (32, 13.472684345245362), (33, 13.26950343132019), (34, 12.32074891090393), (35, 11.774590110778808), (36, 13.395816621780396), (37, 13.201983575820924), (38, 12.87654408454895), (39, 12.285753831863403), (40, 12.54425539970398), (41, 11.673510465621948), (42, 12.279562215805054), (43, 13.025665435791016), (44, 13.551932239532471), (45, 12.75473671913147), (46, 12.40584503173828), (47, 12.970799102783204), (48, 12.95701198577881), (49, 12.853752613067627), (50, 12.397984085083008)], 'nasa_score': [(0, 448204.3574016485), (1, 1680.7665790648325), (2, 1351.0595574059994), (3, 1831.9917432746488), (4, 1641.0728033843502), (5, 3147.4083744114528), (6, 1191.0978028299596), (7, 2001.5845436926872), (8, 1067.666698266279), (9, 891.0636196359235), (10, 1301.3398538312663), (11, 1285.8830514049434), (12, 1855.0177765194233), (13, 1032.2288362779384), (14, 1176.5208976218817), (15, 787.7553373165698), (16, 795.5902813740461), (17, 990.0329101009753), (18, 1092.8915160237013), (19, 685.191844512252), (20, 757.1456934073635), (21, 989.7596390638649), (22, 513.201038528147), (23, 677.9011764113607), (24, 1019.7774881338948), (25, 1069.5141510519577), (26, 762.2059513355545), (27, 572.6097065186491), (28, 997.9892210999661), (29, 1070.16408163143), (30, 327.17651488679746), (31, 867.2333675118468), (32, 793.8245663970652), (33, 728.031909286834), (34, 540.8285869270964), (35, 378.4420922048397), (36, 757.3964241841885), (37, 694.1723877484402), (38, 579.0733874748369), (39, 449.37132556453594), (40, 631.8487346617491), (41, 379.6428010805361), (42, 520.2464068748494), (43, 543.326559379609), (44, 792.4194351588601), (45, 549.6847659924058), (46, 440.7887159614471), (47, 821.1631496833069), (48, 841.0132949409818), (49, 683.9295426481044), (50, 505.55092598083695)]}

FedProx: {'method': 'fedprox', 'dataset': 'FD003', 'seed': 101, 'test_mae': 12.398, 'nasa_score': 505.55, 'comm_kb': 28900.78}

INFO flwr 2026-07-13 08:16:49,576 | app.py:225 | app_fit: losses_distributed [(1, 1070.5197265291094), (2, 567.2007406776903), (3, 448.6840754853095), (4, 434.5047929710317), (5, 408.34406196519456), (6, 380.06732929021916), (7, 368.810814862048), (8, 373.84327219503734), (9, 356.6162805498557), (10, 334.31798656942743), (11, 325.26216603738453), (12, 368.1295664995766), (13, 377.19776139129993), (14, 354.9902213179008), (15, 348.05904155911196), (16, 335.5016533195334), (17, 380.46385595296874), (18, 404.6064928314369), (19, 330.5691429539914), (20, 338.52080077290236), (21, 392.23939495725784), (22, 326.20204602587813), (23, 321.96458104283386), (24, 317.37040811664343), (25, 296.06216050846473), (26, 317.008697516722), (27, 324.88135013271636), (28, 278.07762794677234), (29, 277.9871144308869), (30, 309.9573131010857), (31, 267.66480363820176), (32, 315.8699618518448), (33, 284.99370146960746), (34, 269.0958416540747), (35, 281.59423970730506), (36, 275.49469047704645), (37, 300.4606132289938), (38, 260.8362268500484), (39, 257.98139857963247), (40, 260.6989579001836), (41, 246.54686948360168), (42, 275.66547168586476), (43, 252.58044012037965), (44, 259.0365805172665), (45, 251.31866909328832), (46, 241.60263452471213), (47, 250.72647402197944), (48, 239.3037024368206), (49, 248.74447960872055), (50, 238.50176562310787)]
INFO flwr 2026-07-13 08:16:49,576 | app.py:226 | app_fit: metrics_distributed_fit {}
INFO flwr 2026-07-13 08:16:49,578 | app.py:227 | app_fit: metrics_distributed {'mae': [(1, 26.593717094649207), (2, 17.975070415120314), (3, 16.207145522226092), (4, 16.41143754481291), (5, 15.358205670073495), (6, 15.15119421093508), (7, 14.93256139483516), (8, 14.555069307979865), (9, 14.26276987257106), (10, 13.611679240188268), (11, 13.786177460196786), (12, 14.373415836745524), (13, 14.47789669058604), (14, 14.275526743259087), (15, 13.709289120356097), (16, 13.713826891444988), (17, 15.229530971849702), (18, 15.474179455053026), (19, 13.779074504322741), (20, 14.251992192386847), (21, 14.802798004011263), (22, 14.25882482039567), (23, 13.978022005173784), (24, 14.072828585448828), (25, 13.228737370473855), (26, 13.84127670837639), (27, 14.25307329211334), (28, 13.185639604664566), (29, 12.959955970654597), (30, 14.170827800384654), (31, 12.843362397801938), (32, 13.442409611030893), (33, 12.871418986636792), (34, 12.109814130610475), (35, 12.52580811913801), (36, 13.414656626708094), (37, 12.940918445695852), (38, 12.4971323793723), (39, 12.505134460130964), (40, 12.597659708618275), (41, 12.325983830511312), (42, 12.46286579425117), (43, 12.33705880752261), (44, 12.402833664691718), (45, 12.409201485055819), (46, 12.085095807526143), (47, 12.050012313724515), (48, 11.640701607633947), (49, 12.18107397115554), (50, 11.871743195687879)]}
INFO flwr 2026-07-13 08:16:49,579 | app.py:228 | app_fit: losses_centralized [(0, 0.0), (1, 0.0), (2, 0.0), (3, 0.0), (4, 0.0), (5, 0.0), (6, 0.0), (7, 0.0), (8, 0.0), (9, 0.0), (10, 0.0), (11, 0.0), (12, 0.0), (13, 0.0), (14, 0.0), (15, 0.0), (16, 0.0), (17, 0.0), (18, 0.0), (19, 0.0), (20, 0.0), (21, 0.0), (22, 0.0), (23, 0.0), (24, 0.0), (25, 0.0), (26, 0.0), (27, 0.0), (28, 0.0), (29, 0.0), (30, 0.0), (31, 0.0), (32, 0.0), (33, 0.0), (34, 0.0), (35, 0.0), (36, 0.0), (37, 0.0), (38, 0.0), (39, 0.0), (40, 0.0), (41, 0.0), (42, 0.0), (43, 0.0), (44, 0.0), (45, 0.0), (46, 0.0), (47, 0.0), (48, 0.0), (49, 0.0), (50, 0.0)]
INFO flwr 2026-07-13 08:16:49,580 | app.py:229 | app_fit: metrics_centralized {'mae': [(0, 73.99344935297967), (1, 27.798163414001465), (2, 20.96567503452301), (3, 17.357459993362426), (4, 16.553781003952025), (5, 16.476850986480713), (6, 15.20449788093567), (7, 15.342771797180175), (8, 15.359907875061035), (9, 14.024600100517272), (10, 13.0407080078125), (11, 13.106898460388184), (12, 14.93673327922821), (13, 15.123898077011109), (14, 13.997910270690918), (15, 13.750672464370728), (16, 13.342019500732421), (17, 14.665142307281494), (18, 14.860742483139038), (19, 13.12883231163025), (20, 13.410225381851197), (21, 14.968852939605712), (22, 12.42920841217041), (23, 12.17934920310974), (24, 12.135188446044921), (25, 11.535715303421021), (26, 12.472937650680542), (27, 11.781392860412598), (28, 10.733661136627198), (29, 10.616104202270508), (30, 12.54681344985962), (31, 12.227581138610839), (32, 12.422748594284057), (33, 11.482216033935547), (34, 10.961946477890015), (35, 11.361464977264404), (36, 11.769786319732667), (37, 12.78560302734375), (38, 10.412949647903442), (39, 11.038235473632813), (40, 12.122451095581054), (41, 10.996559534072876), (42, 11.101741380691529), (43, 10.794153537750244), (44, 11.524585342407226), (45, 11.061287126541139), (46, 11.363574171066285), (47, 10.59444522857666), (48, 11.106977729797363), (49, 11.0263747215271), (50, 11.447540550231933)], 'nasa_score': [(0, 444080.5973986388), (1, 18648.308683189316), (2, 5276.542304262854), (3, 3084.473228249267), (4, 2361.912307792672), (5, 2374.742425218242), (6, 1695.5623836865338), (7, 1553.9443201923098), (8, 1994.5973103345764), (9, 1182.194684256911), (10, 850.7066209919393), (11, 829.5916331244227), (12, 1592.2134074418707), (13, 1590.7793659336808), (14, 1112.6516583148511), (15, 1336.4912630784838), (16, 930.4647798232777), (17, 1236.3411812211132), (18, 1591.9101225157804), (19, 914.3406468251412), (20, 786.0930817164066), (21, 1061.2456024947783), (22, 510.37923673544594), (23, 540.6169645803992), (24, 561.4349097121708), (25, 608.1794370988626), (26, 554.1261448963846), (27, 391.3976552323395), (28, 350.94714981097525), (29, 380.96925426165063), (30, 600.0355959733729), (31, 671.108171460193), (32, 683.0727985223429), (33, 552.8198023343919), (34, 497.41405505294836), (35, 511.7711379977225), (36, 574.3766236452922), (37, 841.4255883521524), (38, 421.77706909496357), (39, 441.0931568079715), (40, 572.5314775851798), (41, 439.7376664439969), (42, 475.0425437448996), (43, 448.1766074440846), (44, 542.0147833747627), (45, 584.6629705886097), (46, 582.0745694730214), (47, 451.7873746558608), (48, 754.7950051006289), (49, 673.9038176541466), (50, 583.6318430614991)]}

FedProx: {'method': 'fedprox', 'dataset': 'FD003', 'seed': 42, 'test_mae': 11.4475, 'nasa_score': 583.63, 'comm_kb': 28900.78}
INFO flwr 2026-07-13 08:45:40,740 | app.py:225 | app_fit: losses_distributed [(1, 662.1794288189901), (2, 608.321875648316), (3, 579.6192743065939), (4, 493.0703447113767), (5, 588.7449526203649), (6, 501.67293582021904), (7, 400.7192810233814), (8, 471.10571637167317), (9, 406.4922085615094), (10, 453.5233528801585), (11, 450.01087357370477), (12, 381.1348090388102), (13, 413.77589483379745), (14, 401.49545809659094), (15, 328.90777418510766), (16, 370.5978727933893), (17, 312.1072895017195), (18, 295.4890607974404), (19, 330.9284781219628), (20, 331.6189995899839), (21, 302.8347694214451), (22, 265.5343937047931), (23, 336.15510516737066), (24, 307.8503096701882), (25, 293.9176194566061), (26, 365.2022418913773), (27, 338.10957360080556), (28, 332.22855193653743), (29, 270.20487260298296), (30, 290.93551008744674), (31, 296.8725658157568), (32, 304.3211264636756), (33, 250.72134798916903), (34, 295.6827854693107), (35, 259.7829927143298), (36, 334.89125036796315), (37, 256.7725891376112), (38, 263.57677400287827), (39, 258.87469631651373), (40, 284.36719436572497), (41, 268.85857539272763), (42, 248.2290557160446), (43, 228.7148507675828), (44, 236.50835123600572), (45, 250.69095563532633), (46, 252.8132284210059), (47, 321.5056268310547), (48, 259.85299605520146), (49, 243.1946908058276), (50, 290.70326821651184)]
INFO flwr 2026-07-13 08:45:40,741 | app.py:226 | app_fit: metrics_distributed_fit {}
INFO flwr 2026-07-13 08:45:40,742 | app.py:227 | app_fit: metrics_distributed {'mae': [(1, 19.300415897460645), (2, 20.58471176256974), (3, 19.942207481347772), (4, 18.07073512154903), (5, 18.644992579592472), (6, 18.255253310500148), (7, 16.633629001818207), (8, 17.156053057401373), (9, 16.18529442235043), (10, 17.739756624139666), (11, 17.423852429914703), (12, 16.42575870240134), (13, 16.966638208051616), (14, 16.338470298548064), (15, 15.411499333358838), (16, 16.099707082721036), (17, 14.717392315111661), (18, 14.004847101457951), (19, 15.241614159396962), (20, 14.9761260396784), (21, 14.711232153057482), (22, 13.34598578202097), (23, 15.468992997128428), (24, 14.558922687512265), (25, 14.200997375415273), (26, 15.623048536309785), (27, 15.261802365791285), (28, 15.31242722835267), (29, 14.066443258039119), (30, 14.381682253933409), (31, 14.782035566448595), (32, 14.15180401943517), (33, 13.113432367315703), (34, 14.597746626748993), (35, 13.315971977197382), (36, 14.359194255993126), (37, 13.236421990463038), (38, 13.096097135224412), (39, 13.183265070572995), (40, 13.62967258964429), (41, 13.448080119812888), (42, 13.012671015068674), (43, 12.491994062542345), (44, 12.310257796876169), (45, 12.91484683515923), (46, 12.813030741568387), (47, 13.993981783926202), (48, 12.780624198731052), (49, 12.721563551688309), (50, 13.452993951642343)]}
INFO flwr 2026-07-13 08:45:40,742 | app.py:228 | app_fit: losses_centralized [(0, 0.0), (1, 0.0), (2, 0.0), (3, 0.0), (4, 0.0), (5, 0.0), (6, 0.0), (7, 0.0), (8, 0.0), (9, 0.0), (10, 0.0), (11, 0.0), (12, 0.0), (13, 0.0), (14, 0.0), (15, 0.0), (16, 0.0), (17, 0.0), (18, 0.0), (19, 0.0), (20, 0.0), (21, 0.0), (22, 0.0), (23, 0.0), (24, 0.0), (25, 0.0), (26, 0.0), (27, 0.0), (28, 0.0), (29, 0.0), (30, 0.0), (31, 0.0), (32, 0.0), (33, 0.0), (34, 0.0), (35, 0.0), (36, 0.0), (37, 0.0), (38, 0.0), (39, 0.0), (40, 0.0), (41, 0.0), (42, 0.0), (43, 0.0), (44, 0.0), (45, 0.0), (46, 0.0), (47, 0.0), (48, 0.0), (49, 0.0), (50, 0.0)]
INFO flwr 2026-07-13 08:45:40,743 | app.py:229 | app_fit: metrics_centralized {'mae': [(0, 73.42753870844841), (1, 25.44594136238098), (2, 19.707989978790284), (3, 19.45722421646118), (4, 18.29089699745178), (5, 21.0490261220932), (6, 17.919681725502013), (7, 14.880446910858154), (8, 19.21177119255066), (9, 15.2173784160614), (10, 17.302582354545592), (11, 16.18988185405731), (12, 15.122440099716187), (13, 16.360889563560487), (14, 16.70235809326172), (15, 13.942785968780518), (16, 14.365445718765258), (17, 13.945982141494751), (18, 14.265958552360535), (19, 14.368591513633728), (20, 14.551688165664673), (21, 14.4091100025177), (22, 12.307365322113037), (23, 14.468812036514283), (24, 14.599814596176147), (25, 14.312280912399292), (26, 16.789196681976318), (27, 15.669444513320922), (28, 14.862113170623779), (29, 12.870677375793457), (30, 14.467528734207153), (31, 14.69570339202881), (32, 15.28003336906433), (33, 13.238067674636842), (34, 13.988392171859742), (35, 14.060830411911011), (36, 15.565820055007935), (37, 13.621129674911499), (38, 14.383994903564453), (39, 13.515581283569336), (40, 14.565335445404052), (41, 13.31923080444336), (42, 13.462933378219605), (43, 13.17440625190735), (44, 13.622221221923828), (45, 13.977990264892577), (46, 14.352025318145753), (47, 15.843011293411255), (48, 14.316179065704345), (49, 13.486655597686768), (50, 15.662909698486327)], 'nasa_score': [(0, 434171.71302144503), (1, 33335.0385958346), (2, 7487.665448596909), (3, 7788.975840511492), (4, 4205.050617302776), (5, 18333.2057254533), (6, 3271.5853578481883), (7, 955.7368191302479), (8, 3996.7395060173353), (9, 1132.0852166378843), (10, 1847.2072972443254), (11, 1567.1084933627787), (12, 1140.2208219007762), (13, 1550.87440181429), (14, 2066.5914321227738), (15, 699.326124372522), (16, 913.634821618922), (17, 793.176641446347), (18, 992.760752315655), (19, 826.5027947553554), (20, 957.2168776473577), (21, 769.3386920058473), (22, 534.2367103880886), (23, 829.8197721376476), (24, 995.8999676827463), (25, 983.7040489172058), (26, 1708.0509856366566), (27, 1496.1030166402024), (28, 1176.2580684515349), (29, 610.7832865304554), (30, 952.2149361041256), (31, 862.2722592459047), (32, 1213.0653070157955), (33, 693.434834988024), (34, 764.3380045686198), (35, 989.2511985130534), (36, 1812.011307082677), (37, 815.9431948028777), (38, 963.4076450076758), (39, 779.3307410075233), (40, 1128.770140884737), (41, 708.4665623388671), (42, 710.8460092834348), (43, 658.0398800880808), (44, 843.2200083702097), (45, 942.8817762123142), (46, 1085.3118403087378), (47, 1693.8888479786908), (48, 1049.0882824481012), (49, 691.0685390569884), (50, 2142.7265264520142)]}

FedProx: {'method': 'fedprox', 'dataset': 'FD003', 'seed': 202, 'test_mae': 15.6629, 'nasa_score': 2142.73, 'comm_kb': 28900.78}
INFO flwr 2026-07-13 09:14:54,490 | app.py:225 | app_fit: losses_distributed [(1, 1015.786105970747), (2, 669.2588324043188), (3, 391.1278314894773), (4, 402.8553998762838), (5, 413.5545504657874), (6, 346.9899975071596), (7, 423.48194557790004), (8, 392.07318232504167), (9, 396.03451707818533), (10, 485.7244871400983), (11, 382.1352544548806), (12, 373.6385211044483), (13, 337.0644506218728), (14, 315.07387148739247), (15, 315.6327968228801), (16, 297.2388114466292), (17, 325.46580628127197), (18, 296.8914145240355), (19, 292.5012327970012), (20, 307.4598572703158), (21, 334.7432932718684), (22, 277.1239843441395), (23, 276.0239860346076), (24, 282.0921986440594), (25, 263.9061667247301), (26, 259.8472912117604), (27, 275.95514908008363), (28, 244.23869950883844), (29, 252.62396933909213), (30, 301.37193978298916), (31, 249.90621228507396), (32, 232.42482215795624), (33, 237.98872813364093), (34, 242.96883633731457), (35, 235.63056243896483), (36, 250.8471488592598), (37, 232.7869318792793), (38, 230.97162513647186), (39, 239.24133504460366), (40, 255.59605658027564), (41, 234.92692453105798), (42, 243.2952242699098), (43, 254.66832002446893), (44, 255.8030465012454), (45, 257.1256576846691), (46, 242.10109864652827), (47, 255.9274906081296), (48, 241.327208200519), (49, 248.4492019207558), (50, 236.93604939321455)]
INFO flwr 2026-07-13 09:14:54,491 | app.py:226 | app_fit: metrics_distributed_fit {}
INFO flwr 2026-07-13 09:14:54,492 | app.py:227 | app_fit: metrics_distributed {'mae': [(1, 25.721255917066937), (2, 17.89354047925285), (3, 15.548026686679112), (4, 15.414038395613767), (5, 15.42600281083182), (6, 15.032312843022721), (7, 15.010846624267236), (8, 15.356579917950576), (9, 15.816213219460476), (10, 17.15289734743954), (11, 14.519526405977398), (12, 14.565419603197762), (13, 14.046533584809035), (14, 14.065995351812813), (15, 13.889278394934836), (16, 13.716504149704837), (17, 13.97292142503717), (18, 13.214616512341445), (19, 13.34565427672997), (20, 13.99551941603757), (21, 13.8133261995637), (22, 12.985700856112363), (23, 12.432806942328979), (24, 12.315064364872622), (25, 12.504800187657388), (26, 11.837090674411044), (27, 12.74779965282826), (28, 11.54136422360881), (29, 12.07216718888015), (30, 13.196590285997711), (31, 12.050645616509941), (32, 11.767646833484092), (33, 11.914245170207506), (34, 12.044004348797744), (35, 11.747896388836121), (36, 12.056009011215039), (37, 11.188174698647488), (38, 11.602425219503681), (39, 11.994877908042307), (40, 12.385949459290236), (41, 11.195046453583107), (42, 11.846818799651071), (43, 12.02736153699039), (44, 11.85371754592724), (45, 12.098403945237063), (46, 11.694424541130495), (47, 12.034495777172989), (48, 11.297611922789155), (49, 12.029137340502793), (50, 11.656517302695285)]}
INFO flwr 2026-07-13 09:14:54,492 | app.py:228 | app_fit: losses_centralized [(0, 0.0), (1, 0.0), (2, 0.0), (3, 0.0), (4, 0.0), (5, 0.0), (6, 0.0), (7, 0.0), (8, 0.0), (9, 0.0), (10, 0.0), (11, 0.0), (12, 0.0), (13, 0.0), (14, 0.0), (15, 0.0), (16, 0.0), (17, 0.0), (18, 0.0), (19, 0.0), (20, 0.0), (21, 0.0), (22, 0.0), (23, 0.0), (24, 0.0), (25, 0.0), (26, 0.0), (27, 0.0), (28, 0.0), (29, 0.0), (30, 0.0), (31, 0.0), (32, 0.0), (33, 0.0), (34, 0.0), (35, 0.0), (36, 0.0), (37, 0.0), (38, 0.0), (39, 0.0), (40, 0.0), (41, 0.0), (42, 0.0), (43, 0.0), (44, 0.0), (45, 0.0), (46, 0.0), (47, 0.0), (48, 0.0), (49, 0.0), (50, 0.0)]
INFO flwr 2026-07-13 09:14:54,494 | app.py:229 | app_fit: metrics_centralized {'mae': [(0, 73.60702595591545), (1, 26.247277088165283), (2, 23.265142941474913), (3, 16.73681969165802), (4, 17.22621359825134), (5, 17.59357102394104), (6, 15.787049980163575), (7, 18.019303684234618), (8, 17.55806824207306), (9, 17.351040024757385), (10, 19.227303199768066), (11, 17.768678183555604), (12, 17.583040900230408), (13, 16.118010969161986), (14, 15.400872144699097), (15, 15.828311161994934), (16, 14.815594310760497), (17, 15.262969074249268), (18, 14.536376237869263), (19, 14.350605382919312), (20, 14.037553582191467), (21, 15.797377157211304), (22, 14.054043998718262), (23, 13.515082302093505), (24, 14.369470205307007), (25, 13.37287748336792), (26, 12.981978807449341), (27, 12.552906637191773), (28, 12.784812107086182), (29, 12.054266996383667), (30, 13.074403409957887), (31, 12.42605715751648), (32, 11.53745376586914), (33, 12.151196212768555), (34, 13.17219931602478), (35, 12.97922264099121), (36, 11.22079644203186), (37, 12.729356594085694), (38, 12.239506559371948), (39, 11.791600189208985), (40, 12.532355318069458), (41, 12.513679313659669), (42, 11.46191351890564), (43, 12.475165805816651), (44, 11.709564266204834), (45, 11.845844011306763), (46, 11.499817428588868), (47, 10.658570232391357), (48, 11.194403476715088), (49, 11.744160089492798), (50, 11.362808113098145)], 'nasa_score': [(0, 433025.45465241966), (1, 21713.04872430098), (2, 18219.463787668945), (3, 2753.6681143019487), (4, 3158.858384027151), (5, 4184.233389252569), (6, 1890.8572773075418), (7, 4180.2926070747735), (8, 2598.081993194827), (9, 2311.7430628874336), (10, 3587.662314230367), (11, 3056.7154588804706), (12, 2973.279623917951), (13, 1483.0370855178585), (14, 1303.065255423665), (15, 1573.3181035826506), (16, 1308.040159763312), (17, 1276.1298954522108), (18, 1145.8670598396782), (19, 1361.4056631383255), (20, 827.3114496049134), (21, 1904.8423642102657), (22, 1136.4034323694457), (23, 1094.1357503427357), (24, 1815.8957488299272), (25, 1373.836585783491), (26, 825.365644394919), (27, 629.4076035869284), (28, 902.5690065440856), (29, 667.8261284516228), (30, 1245.0766710365265), (31, 659.4679119607391), (32, 572.2370507755893), (33, 1221.5216894740481), (34, 1415.7434165619586), (35, 1397.5068082030427), (36, 1193.2796800366855), (37, 1667.8012050764057), (38, 1377.134825991313), (39, 1289.0686275954042), (40, 678.1198059525393), (41, 1152.1918290146702), (42, 1111.8007511387489), (43, 1293.8631872546125), (44, 1377.3378108614477), (45, 1371.9595032995023), (46, 1339.4795835632026), (47, 1143.8369867019835), (48, 1518.7180090423726), (49, 1203.7396316326465), (50, 1371.4449238643097)]}

FedProx: {'method': 'fedprox', 'dataset': 'FD003', 'seed': 303, 'test_mae': 11.3628, 'nasa_score': 1371.44, 'comm_kb': 28900.78}
INFO flwr 2026-07-13 09:42:37,189 | app.py:225 | app_fit: losses_distributed [(1, 1459.435808876384), (2, 368.7293873732174), (3, 422.91183122571147), (4, 413.6352289521807), (5, 476.56490678958846), (6, 438.6038275410604), (7, 492.7259495595427), (8, 453.2787475324433), (9, 458.6339311509839), (10, 404.9004432200977), (11, 570.1166863265769), (12, 524.1508389091329), (13, 412.6022001657102), (14, 361.3113107427942), (15, 328.97074111180115), (16, 402.725746952374), (17, 367.9210431998677), (18, 374.7113166946372), (19, 415.4033164226202), (20, 453.7234654299908), (21, 340.53589326454824), (22, 381.546149946015), (23, 336.1436539219298), (24, 387.8623145200702), (25, 375.522781022308), (26, 325.48166688201565), (27, 363.99910396128104), (28, 389.231691244431), (29, 421.0699530424169), (30, 318.32644753999557), (31, 367.08099878110124), (32, 394.37700828937966), (33, 297.923742429967), (34, 334.8525920563921), (35, 327.8950209564497), (36, 376.8096239470782), (37, 346.5507281613125), (38, 369.34214370518333), (39, 358.04602928128935), (40, 311.15887684564666), (41, 343.72354143955), (42, 295.95397303629454), (43, 326.5241725957588), (44, 341.10079416701603), (45, 344.67274356113097), (46, 322.85072693420256), (47, 327.83380354788943), (48, 298.1024855455989), (49, 368.7767507263811), (50, 391.80302598196516)]
INFO flwr 2026-07-13 09:42:37,189 | app.py:226 | app_fit: metrics_distributed_fit {}
INFO flwr 2026-07-13 09:42:37,190 | app.py:227 | app_fit: metrics_distributed {'mae': [(1, 33.36742388865022), (2, 15.381645081282274), (3, 16.743849347367078), (4, 15.673642383851654), (5, 16.971883618944), (6, 16.302140237535284), (7, 17.397510649918896), (8, 16.907095734646102), (9, 17.174356610936393), (10, 15.834655250763424), (11, 18.785481214727614), (12, 18.479389084029012), (13, 16.34349179615194), (14, 15.026534698514112), (15, 14.530826139776954), (16, 15.957756876843346), (17, 15.292490788780938), (18, 15.55591310510905), (19, 16.26479880832257), (20, 16.690643997404855), (21, 14.57297544450768), (22, 15.466822591518477), (23, 14.099454130591138), (24, 15.604757446658438), (25, 15.423940235258886), (26, 14.06091788291114), (27, 14.984026930530355), (28, 15.379759056504813), (29, 16.359705307591952), (30, 13.980314924661789), (31, 14.87788362143483), (32, 15.26003908641132), (33, 13.383260451531758), (34, 14.32571595493503), (35, 14.18659742101197), (36, 15.218083558781288), (37, 14.274774820863843), (38, 14.88063112424803), (39, 14.505219752909081), (40, 13.380975514675882), (41, 14.09621688945741), (42, 12.756220004041683), (43, 13.217468362234552), (44, 13.883806868915181), (45, 13.853117084339733), (46, 13.301001742443878), (47, 13.53726376727185), (48, 12.911614283395815), (49, 14.422924423176914), (50, 14.739438587922567)]}
INFO flwr 2026-07-13 09:42:37,191 | app.py:228 | app_fit: losses_centralized [(0, 0.0), (1, 0.0), (2, 0.0), (3, 0.0), (4, 0.0), (5, 0.0), (6, 0.0), (7, 0.0), (8, 0.0), (9, 0.0), (10, 0.0), (11, 0.0), (12, 0.0), (13, 0.0), (14, 0.0), (15, 0.0), (16, 0.0), (17, 0.0), (18, 0.0), (19, 0.0), (20, 0.0), (21, 0.0), (22, 0.0), (23, 0.0), (24, 0.0), (25, 0.0), (26, 0.0), (27, 0.0), (28, 0.0), (29, 0.0), (30, 0.0), (31, 0.0), (32, 0.0), (33, 0.0), (34, 0.0), (35, 0.0), (36, 0.0), (37, 0.0), (38, 0.0), (39, 0.0), (40, 0.0), (41, 0.0), (42, 0.0), (43, 0.0), (44, 0.0), (45, 0.0), (46, 0.0), (47, 0.0), (48, 0.0), (49, 0.0), (50, 0.0)]
INFO flwr 2026-07-13 09:42:37,192 | app.py:229 | app_fit: metrics_centralized {'mae': [(0, 74.78870038598775), (1, 23.536965770721437), (2, 15.323774318695069), (3, 13.948460969924927), (4, 13.539212627410889), (5, 13.635903344154357), (6, 13.594697437286378), (7, 14.179681377410889), (8, 14.229521160125733), (9, 14.571862235069275), (10, 13.560325956344604), (11, 14.720023980140686), (12, 14.519954872131347), (13, 13.48030484676361), (14, 12.60123191833496), (15, 12.044565587043762), (16, 13.21663258075714), (17, 12.03570590019226), (18, 12.444376721382142), (19, 12.915713286399841), (20, 13.196553936004639), (21, 12.815790157318116), (22, 12.627069272994994), (23, 11.945820951461792), (24, 13.519819869995118), (25, 13.219569664001465), (26, 12.297363634109496), (27, 12.62974684715271), (28, 13.32353211402893), (29, 13.23729721069336), (30, 11.895930643081664), (31, 13.162324514389038), (32, 13.313369121551514), (33, 11.601513719558715), (34, 12.065320529937743), (35, 12.308236379623413), (36, 12.962331705093384), (37, 13.010658102035523), (38, 12.979223785400391), (39, 12.737027263641357), (40, 12.100915021896363), (41, 12.539777555465697), (42, 11.214580574035644), (43, 11.66346700668335), (44, 11.642255945205688), (45, 12.07647599220276), (46, 11.430701322555542), (47, 11.961971197128296), (48, 10.761951446533203), (49, 11.941486539840698), (50, 12.197911701202393)], 'nasa_score': [(0, 481312.47066833975), (1, 1663.3686343428546), (2, 1134.0994230250753), (3, 801.9814845874504), (4, 894.0330475132347), (5, 1002.3445630702773), (6, 855.633926590541), (7, 928.5750679894433), (8, 870.833325057672), (9, 757.0011014333893), (10, 723.0283595563869), (11, 809.6274757175686), (12, 685.8257725006428), (13, 663.8712852168042), (14, 540.7598123150241), (15, 411.9266099218112), (16, 472.4853653536482), (17, 442.71195236176413), (18, 421.56824160404335), (19, 424.8905387545882), (20, 516.6734000637457), (21, 438.8012134909785), (22, 435.2750850285961), (23, 516.570170814088), (24, 468.1708818852386), (25, 418.8474126855674), (26, 383.81954798193374), (27, 426.08669790093), (28, 461.58802137927336), (29, 465.90510155393093), (30, 445.1702291476192), (31, 426.31636794349777), (32, 463.33778160742105), (33, 434.9792844797831), (34, 430.22573354137927), (35, 438.504493222271), (36, 468.4179913323079), (37, 496.4986335188861), (38, 441.2816612358929), (39, 433.42001223385654), (40, 417.1378290136568), (41, 444.5339937978592), (42, 376.97750617591316), (43, 568.9789299078654), (44, 419.5139968197616), (45, 520.8095653075432), (46, 436.72330027363085), (47, 345.06542616513843), (48, 386.33070040843455), (49, 459.73564175305734), (50, 582.8868202656263)]}

FedProx: {'method': 'fedprox', 'dataset': 'FD003', 'seed': 2026, 'test_mae': 12.1979, 'nasa_score': 582.89, 'comm_kb': 28900.78}
INFO flwr 2026-07-13 11:24:39,825 | app.py:225 | app_fit: losses_distributed [(1, 335.116036910089), (2, 251.79032207529883), (3, 270.5210783527792), (4, 272.65482016068427), (5, 272.27098963824227), (6, 271.4844732099767), (7, 304.1242159549321), (8, 281.2629984709351), (9, 250.80261356726794), (10, 244.68648146626506), (11, 269.84784122673125), (12, 237.54157777590171), (13, 282.71386631099784), (14, 261.4871831597841), (15, 264.8815776893645), (16, 277.8350343132497), (17, 240.17955410472348), (18, 288.2312807874851), (19, 251.9935822235796), (20, 286.44069284682996), (21, 283.92266254412004), (22, 267.5818147783212), (23, 289.27549195142876), (24, 270.1838252648205), (25, 293.7562052281321), (26, 314.0334562741191), (27, 294.56418418492984), (28, 268.64629363144127), (29, 306.42921637314885), (30, 283.90814040640316), (31, 281.7079664360344), (32, 302.6657110752917), (33, 287.52498206022744), (34, 299.35020507993363), (35, 278.9648926671665), (36, 324.976182522414), (37, 312.97751300395254), (38, 282.11072876797414), (39, 293.0248879858103), (40, 334.6573326192577), (41, 301.2887851253359), (42, 300.51268656139143), (43, 308.07059170766655), (44, 296.2265738597459), (45, 310.82598300270377), (46, 313.2297251631574), (47, 297.92235068327096), (48, 326.4569901726581), (49, 300.22474264854014), (50, 319.2780846308162)]
INFO flwr 2026-07-13 11:24:39,826 | app.py:226 | app_fit: metrics_distributed_fit {}
INFO flwr 2026-07-13 11:24:39,826 | app.py:227 | app_fit: metrics_distributed {'mae': [(1, 14.535145897188137), (2, 12.348356316946676), (3, 12.94076509173541), (4, 12.982440766751264), (5, 13.030135553193468), (6, 13.221880842564941), (7, 13.669557203158503), (8, 13.054073249394296), (9, 12.231157840235728), (10, 12.099631195381395), (11, 12.739320045890313), (12, 11.687782639328917), (13, 12.895388556037592), (14, 12.741746842467162), (15, 12.890392363465455), (16, 13.010833201985546), (17, 11.303177671169458), (18, 13.013333442571469), (19, 11.919950886524862), (20, 13.168362421627492), (21, 12.586633174001477), (22, 12.3618980809445), (23, 13.424894084195653), (24, 12.708075368814706), (25, 12.898458016497523), (26, 13.611799405760772), (27, 13.224163898444539), (28, 12.479551911816012), (29, 13.55113013567293), (30, 12.646385841987007), (31, 12.820313341285527), (32, 13.196137761537106), (33, 12.805043597250721), (34, 13.214974010129277), (35, 12.965211486990315), (36, 13.29410529805121), (37, 13.454065932427557), (38, 12.613345702471102), (39, 13.098151908041487), (40, 13.605968943157418), (41, 13.170047625230172), (42, 13.054837352734426), (43, 12.916922365149034), (44, 12.62029435353641), (45, 12.678791581782768), (46, 12.87378727756602), (47, 12.37462825092553), (48, 13.542659536482995), (49, 13.081376016832904), (50, 13.079775673505628)]}
INFO flwr 2026-07-13 11:24:39,827 | app.py:228 | app_fit: losses_centralized []
INFO flwr 2026-07-13 11:24:39,827 | app.py:229 | app_fit: metrics_centralized {}

Ditto: {'method': 'ditto', 'dataset': 'FD003', 'seed': 42, 'test_mae': 15.1741, 'nasa_score': 14287.33, 'comm_kb': 28900.78}
INFO flwr 2026-07-13 12:14:42,672 | app.py:225 | app_fit: losses_distributed [(1, 478.3413074078009), (2, 426.09885235895047), (3, 352.2572626825778), (4, 347.88248950961423), (5, 407.77566953866756), (6, 312.8743853295533), (7, 364.825973808815), (8, 374.61095387878163), (9, 388.9464369002522), (10, 367.1135492427886), (11, 329.1896932067617), (12, 371.48045446470394), (13, 345.727256128021), (14, 345.33374627827607), (15, 355.95242919034), (16, 338.33872535559703), (17, 358.27592898881744), (18, 332.3089996553518), (19, 352.7505152663487), (20, 283.62396109589713), (21, 309.3025277217824), (22, 354.8375046017362), (23, 337.99839452298005), (24, 362.88706952140217), (25, 311.7570862615495), (26, 307.50523991636305), (27, 329.34127514935096), (28, 310.8281398148509), (29, 313.9966718335996), (30, 318.0697663228708), (31, 372.6216714594231), (32, 306.1430401726752), (33, 301.7611554368575), (34, 303.8832455521708), (35, 303.7722607499247), (36, 368.4088910515865), (37, 280.8888211650642), (38, 306.8517821384091), (39, 279.90360435999537), (40, 290.3901380917873), (41, 279.36729030656693), (42, 267.10304047480685), (43, 283.9318264036107), (44, 258.8403009555782), (45, 254.07843288380408), (46, 307.699983176646), (47, 264.3568137304444), (48, 258.91108339583985), (49, 255.73543535900038), (50, 298.49907954811357)]
INFO flwr 2026-07-13 12:14:42,673 | app.py:226 | app_fit: metrics_distributed_fit {}
INFO flwr 2026-07-13 12:14:42,674 | app.py:227 | app_fit: metrics_distributed {'mae': [(1, 18.296052483648236), (2, 16.923882271583537), (3, 15.632989886395652), (4, 15.697469934660102), (5, 16.67019907415458), (6, 14.528635618395342), (7, 15.975023568320651), (8, 16.209195450753445), (9, 16.433037677409743), (10, 15.91654092990054), (11, 15.203850004738406), (12, 15.995244890872579), (13, 15.597402969797947), (14, 15.507826755369889), (15, 15.611168331834344), (16, 15.310310418469056), (17, 15.806144561751724), (18, 15.031607288176678), (19, 15.399368147005761), (20, 13.848688802021499), (21, 14.585881802209297), (22, 15.67812843275189), (23, 15.112908827693682), (24, 15.772540018742816), (25, 14.674278746222022), (26, 14.537785017975944), (27, 14.720265795564215), (28, 14.450150526868038), (29, 14.73928638229941), (30, 14.569544492913403), (31, 15.897119949187028), (32, 14.541944527962954), (33, 14.248540915554996), (34, 14.11655736227186), (35, 14.123345818008271), (36, 15.425507407335074), (37, 13.420882641823214), (38, 14.354438932161973), (39, 13.800463358759385), (40, 13.852674160019516), (41, 13.636047160536274), (42, 13.471893198175026), (43, 13.793559368114519), (44, 13.16436493485943), (45, 12.864719261056864), (46, 14.411791319066252), (47, 13.358540456689404), (48, 13.054612455819907), (49, 12.836628135005732), (50, 13.962066677145827)]}
INFO flwr 2026-07-13 12:14:42,675 | app.py:228 | app_fit: losses_centralized []
INFO flwr 2026-07-13 12:14:42,675 | app.py:229 | app_fit: metrics_centralized {}

Ditto: {'method': 'ditto', 'dataset': 'FD003', 'seed': 101, 'test_mae': 14.4631, 'nasa_score': 10487.81, 'comm_kb': 28900.78}
INFO flwr 2026-07-13 13:05:01,612 | app.py:225 | app_fit: losses_distributed [(1, 315.32010530462674), (2, 267.39104460939836), (3, 303.8066376550118), (4, 340.5332094971871), (5, 292.7632465475712), (6, 325.4304498699864), (7, 250.70610607676528), (8, 272.7204192852404), (9, 273.8999311383261), (10, 331.66076194069603), (11, 282.8910554584704), (12, 328.9407633804248), (13, 282.5566264233749), (14, 341.65712440308204), (15, 370.6358779600591), (16, 299.6230387272447), (17, 299.7216798451985), (18, 269.09382478996895), (19, 266.6685841449938), (20, 296.85033593866814), (21, 284.3808072001626), (22, 305.2083137855347), (23, 278.670341907848), (24, 250.94292641671652), (25, 303.2216769599002), (26, 273.8757493657016), (27, 342.13330672122646), (28, 274.05986384195575), (29, 297.9460851057865), (30, 304.6586083108272), (31, 331.09634238211163), (32, 278.6361685633317), (33, 274.16876554206226), (34, 299.09512384880105), (35, 283.65401337984076), (36, 272.72123810252504), (37, 298.23091922449726), (38, 244.92615663665333), (39, 254.79043787029943), (40, 283.71674822209553), (41, 299.7681100011214), (42, 275.5949746280652), (43, 243.78404633298445), (44, 260.6664335727235), (45, 294.0299334804407), (46, 270.4424565102609), (47, 270.4865966855282), (48, 269.16686151969947), (49, 304.6187372789885), (50, 259.1915369265616)]
INFO flwr 2026-07-13 13:05:01,613 | app.py:226 | app_fit: metrics_distributed_fit {}
INFO flwr 2026-07-13 13:05:01,613 | app.py:227 | app_fit: metrics_distributed {'mae': [(1, 14.516228930094595), (2, 13.280696273146633), (3, 14.291717697034041), (4, 14.397026486921538), (5, 13.782330115286356), (6, 14.924429943139474), (7, 12.667620886661219), (8, 13.381760783583353), (9, 13.73463330300801), (10, 15.030554984060771), (11, 14.008664793534713), (12, 14.553203541148793), (13, 13.537933938605933), (14, 14.955233192991411), (15, 15.174147725630034), (16, 13.814295179011149), (17, 13.877873071551893), (18, 12.948881441326233), (19, 13.037232340214926), (20, 13.900539361141515), (21, 13.62471469714881), (22, 14.18582928707725), (23, 13.310993525673899), (24, 12.618565293271006), (25, 13.51646034039949), (26, 12.98490184583162), (27, 14.489100876949621), (28, 12.919508478995144), (29, 13.256010728680916), (30, 13.984102263929742), (31, 14.463555867500853), (32, 13.032834844634865), (33, 13.126161430760433), (34, 13.88205907264965), (35, 13.58193221607847), (36, 13.058728886654503), (37, 13.288745608352588), (38, 12.183704277476625), (39, 12.398283869182094), (40, 13.082452679319244), (41, 13.501042885483738), (42, 12.882218888022683), (43, 11.854822406495016), (44, 12.176984748110247), (45, 13.350934667267868), (46, 12.735318997579329), (47, 12.631096780950372), (48, 12.270478465249093), (49, 13.647737085807837), (50, 12.497145633058684)]}
INFO flwr 2026-07-13 13:05:01,614 | app.py:228 | app_fit: losses_centralized []
INFO flwr 2026-07-13 13:05:01,615 | app.py:229 | app_fit: metrics_centralized {}

Ditto: {'method': 'ditto', 'dataset': 'FD003', 'seed': 202, 'test_mae': 13.3647, 'nasa_score': 4377.65, 'comm_kb': 28900.78}
INFO flwr 2026-07-13 10:33:38,775 | app.py:225 | app_fit: losses_distributed [(1, 355.1690088507834), (2, 285.6871518973018), (3, 290.28576402642756), (4, 330.6543608727616), (5, 310.86273781765715), (6, 299.3991786210992), (7, 280.51549630154386), (8, 318.17827152895126), (9, 265.71903024737753), (10, 301.1375618923916), (11, 323.1104559909092), (12, 377.684324124797), (13, 346.80340675611177), (14, 336.54474949868876), (15, 326.32016486007177), (16, 358.37791623576305), (17, 335.52040578092084), (18, 318.5062092830358), (19, 362.12893836203585), (20, 335.75668058245367), (21, 378.80129536832317), (22, 378.01197256709753), (23, 339.6560652486394), (24, 332.6293845015965), (25, 330.80654724292543), (26, 331.0264442666729), (27, 358.04202047626626), (28, 325.5307453884168), (29, 345.49161076920757), (30, 350.36326698560396), (31, 329.9591255719474), (32, 375.81470484701435), (33, 326.1021314916718), (34, 338.0535783986295), (35, 334.9541902554973), (36, 355.2022326900182), (37, 335.63168785523834), (38, 326.92785308152105), (39, 335.26139315830187), (40, 325.34327482073496), (41, 342.0361355865136), (42, 328.5014542997553), (43, 345.39851433914697), (44, 387.52239504353383), (45, 342.0123692578948), (46, 382.4877429233508), (47, 368.5064508708139), (48, 357.9584775980403), (49, 337.9440204200316), (50, 355.1561965050858)]
INFO flwr 2026-07-13 10:33:38,775 | app.py:226 | app_fit: metrics_distributed_fit {}
INFO flwr 2026-07-13 10:33:38,777 | app.py:227 | app_fit: metrics_distributed {'mae': [(1, 15.18913859399517), (2, 13.646976681184233), (3, 13.641060735723945), (4, 14.004042316608215), (5, 13.657985552455601), (6, 13.150994005739019), (7, 13.103879379315323), (8, 13.799188105551044), (9, 13.072009848905413), (10, 13.343412662034623), (11, 13.96289652877979), (12, 15.134375057649077), (13, 14.52823366915242), (14, 14.069624175811082), (15, 13.875712005529511), (16, 14.20945618468724), (17, 13.925682944394229), (18, 13.268886835548315), (19, 14.318221581062573), (20, 13.870446268360267), (21, 14.104574664683824), (22, 14.230705792073453), (23, 13.615741284831186), (24, 13.778328758196885), (25, 13.505392540492368), (26, 13.897293191116848), (27, 14.315641202390864), (28, 13.370715831370836), (29, 14.070569860908423), (30, 13.7800503587187), (31, 13.40220616629954), (32, 15.044757075791948), (33, 13.791023404839333), (34, 14.12721048076501), (35, 13.747220436696256), (36, 13.792211126263222), (37, 13.17529125235054), (38, 13.161480584305323), (39, 14.003248675057058), (40, 13.29100704771749), (41, 13.924153701696502), (42, 13.50966666960984), (43, 13.697885229775075), (44, 14.536200090901236), (45, 13.679421554736876), (46, 14.935329366533944), (47, 14.208540919657503), (48, 14.439865346544245), (49, 13.432469853390469), (50, 14.517185239041789)]}
INFO flwr 2026-07-13 10:33:38,777 | app.py:228 | app_fit: losses_centralized []
INFO flwr 2026-07-13 10:33:38,778 | app.py:229 | app_fit: metrics_centralized {}

Ditto: {'method': 'ditto', 'dataset': 'FD003', 'seed': 303, 'test_mae': 14.7543, 'nasa_score': 12753.74, 'comm_kb': 28900.78}
INFO flwr 2026-07-13 13:54:08,779 | app.py:225 | app_fit: losses_distributed [(1, 346.0113777154107), (2, 266.7779883390425), (3, 279.39607310356394), (4, 277.29713534736794), (5, 276.19153803193683), (6, 336.7499462804328), (7, 241.48232232676474), (8, 287.3091676870573), (9, 271.7987515858942), (10, 289.6500088545432), (11, 278.05879243460083), (12, 291.23613671022497), (13, 312.2608901140725), (14, 263.1854835320663), (15, 247.5202053498282), (16, 290.3165519112895), (17, 267.9117206387164), (18, 277.1105784405575), (19, 303.2367804199585), (20, 242.48499279136624), (21, 266.0816037227889), (22, 251.9237557143969), (23, 273.73636372557235), (24, 293.37406063978756), (25, 238.26098186947283), (26, 245.4635809904097), (27, 263.3401864712935), (28, 268.1792717372237), (29, 247.8059132240119), (30, 258.74788911912617), (31, 258.9141971552178), (32, 267.24081645465446), (33, 233.44684256134425), (34, 247.10343772280186), (35, 287.6572273045191), (36, 249.0572773002618), (37, 286.1330175130104), (38, 261.66862694871867), (39, 270.0788897569096), (40, 266.6304276865981), (41, 256.6359712589267), (42, 262.14312132220033), (43, 252.13394142484296), (44, 247.20244161676115), (45, 266.1394397078566), (46, 257.0326669361209), (47, 250.54027696624206), (48, 252.06377139741167), (49, 285.2830218010308), (50, 268.52138050867126)]
INFO flwr 2026-07-13 13:54:08,780 | app.py:226 | app_fit: metrics_distributed_fit {}
INFO flwr 2026-07-13 13:54:08,780 | app.py:227 | app_fit: metrics_distributed {'mae': [(1, 15.28357091885708), (2, 13.629272932667147), (3, 13.341118486088979), (4, 13.644688086113362), (5, 13.27318334661188), (6, 14.369051291580984), (7, 12.85760185017786), (8, 13.303500330540086), (9, 12.48886216166904), (10, 13.943543428626956), (11, 13.245063551287418), (12, 13.575803106834261), (13, 13.932388626824308), (14, 12.56992842912061), (15, 12.491688961847888), (16, 13.915618230465036), (17, 12.938529409091496), (18, 13.48656819473502), (19, 14.262045740979088), (20, 12.567754506451918), (21, 12.828335474573247), (22, 12.346791639834668), (23, 13.016016292694601), (24, 13.650227951411008), (25, 11.848971863945224), (26, 12.289546290931277), (27, 12.811432000808258), (28, 13.198880190714465), (29, 12.4704891908036), (30, 12.338030342577662), (31, 12.563788163733461), (32, 12.371486678732289), (33, 11.931875461988604), (34, 12.092412002084597), (35, 13.177062832400036), (36, 12.404966218714645), (37, 12.985257446816975), (38, 12.50763818802952), (39, 12.761334441723534), (40, 12.739519445530451), (41, 12.537113192966073), (42, 12.677204095101704), (43, 12.142229355597149), (44, 12.331509939502627), (45, 12.801785116432667), (46, 12.670932953237159), (47, 12.408359970919781), (48, 12.233930623521127), (49, 12.844072836121638), (50, 12.85361065349726)]}
INFO flwr 2026-07-13 13:54:08,781 | app.py:228 | app_fit: losses_centralized []
INFO flwr 2026-07-13 13:54:08,783 | app.py:229 | app_fit: metrics_centralized {}

Ditto: {'method': 'ditto', 'dataset': 'FD003', 'seed': 2026, 'test_mae': 13.6579, 'nasa_score': 3348.61, 'comm_kb': 28900.78}

