INFO flwr 2026-07-13 17:45:28,532 | app.py:225 | app_fit: losses_distributed [(1, 2101.669140930813), (2, 638.959560303499), (3, 533.5405302967557), (4, 529.3842740275915), (5, 531.6077291851004), (6, 530.5091882375187), (7, 573.7993239910468), (8, 580.1744831125025), (9, 604.4070563903681), (10, 638.9143298123226), (11, 633.4850274072062), (12, 676.5912641043454), (13, 648.699795430289), (14, 678.096426856692), (15, 660.203405647039), (16, 677.1562543259782), (17, 706.6835475595112), (18, 663.5346392605649), (19, 674.3562491462724), (20, 649.0938207383444), (21, 673.6680536767884), (22, 654.28665266256), (23, 664.6504710729038), (24, 686.4283003518377), (25, 690.6028784065007), (26, 684.259528358794), (27, 672.6456178987698), (28, 670.9626537729156), (29, 682.937276489003), (30, 686.5860364113571), (31, 699.4017791684336), (32, 706.3772377030087), (33, 697.3464065838457), (34, 685.1973074066863), (35, 684.0977769059278), (36, 727.816423069709), (37, 717.1045489221625), (38, 690.3315716578219), (39, 702.6630495075393), (40, 680.960161499788), (41, 702.7230082024114), (42, 686.4158818700867), (43, 714.4024066901158), (44, 698.2376963892162), (45, 667.2611443887922), (46, 682.2380406963053), (47, 695.1791876488289), (48, 685.3337527026214), (49, 712.0858231450919), (50, 697.0818024318751)]
INFO flwr 2026-07-13 17:45:28,533 | app.py:226 | app_fit: metrics_distributed_fit {}
INFO flwr 2026-07-13 17:45:28,534 | app.py:227 | app_fit: metrics_distributed {'mae': [(1, 38.32145608053825), (2, 20.845000984773257), (3, 19.34352367417051), (4, 19.198038280184434), (5, 19.207982117248726), (6, 18.873166706467472), (7, 19.985648408065508), (8, 19.90561494807361), (9, 19.816570483070326), (10, 20.19471542262832), (11, 19.873048493060786), (12, 20.886067950899765), (13, 19.98309184514406), (14, 20.414343557974988), (15, 20.25245290350068), (16, 20.480219674160185), (17, 20.919400096487152), (18, 20.390285592885505), (19, 20.63702447727976), (20, 19.86737821694456), (21, 20.391036668550495), (22, 20.231427030822182), (23, 20.183523109810338), (24, 20.59904419614278), (25, 20.752472957738505), (26, 20.515681563837294), (27, 20.491833640239932), (28, 20.287295982782926), (29, 20.409189289148763), (30, 20.678218874602827), (31, 20.457669318444047), (32, 20.453250788845946), (33, 20.561217970439934), (34, 20.350599013390273), (35, 20.431989583989026), (36, 21.170261441989332), (37, 21.075154009442738), (38, 20.52713488596715), (39, 20.64187217067328), (40, 20.35672014451475), (41, 20.52567420991328), (42, 20.173892318032728), (43, 20.74591565600019), (44, 20.645944975213865), (45, 20.094110301740482), (46, 20.223818913183035), (47, 20.66922811177678), (48, 20.129534751637244), (49, 20.421045610750394), (50, 20.588565751555567)]}
INFO flwr 2026-07-13 17:45:28,536 | app.py:228 | app_fit: losses_centralized [(0, 0.0), (1, 0.0), (2, 0.0), (3, 0.0), (4, 0.0), (5, 0.0), (6, 0.0), (7, 0.0), (8, 0.0), (9, 0.0), (10, 0.0), (11, 0.0), (12, 0.0), (13, 0.0), (14, 0.0), (15, 0.0), (16, 0.0), (17, 0.0), (18, 0.0), (19, 0.0), (20, 0.0), (21, 0.0), (22, 0.0), (23, 0.0), (24, 0.0), (25, 0.0), (26, 0.0), (27, 0.0), (28, 0.0), (29, 0.0), (30, 0.0), (31, 0.0), (32, 0.0), (33, 0.0), (34, 0.0), (35, 0.0), (36, 0.0), (37, 0.0), (38, 0.0), (39, 0.0), (40, 0.0), (41, 0.0), (42, 0.0), (43, 0.0), (44, 0.0), (45, 0.0), (46, 0.0), (47, 0.0), (48, 0.0), (49, 0.0), (50, 0.0)]
INFO flwr 2026-07-13 17:45:28,536 | app.py:229 | app_fit: metrics_centralized {'mae': [(0, 74.37889263563174), (1, 41.11897528217566), (2, 19.1067381604758), (3, 16.97701612494627), (4, 17.524813810370603), (5, 17.564591755738128), (6, 17.746386933050562), (7, 17.965882455980456), (8, 18.084295287555708), (9, 18.202464228891497), (10, 18.813323786820224), (11, 18.5976826546275), (12, 19.447126011130432), (13, 18.913710023445514), (14, 18.933335153292504), (15, 19.542302282620582), (16, 19.213599297070594), (17, 20.175774276026427), (18, 19.48668791060282), (19, 19.97075640925109), (20, 19.237199713364532), (21, 19.85805421630388), (22, 19.36847248961106), (23, 20.04848543925635), (24, 19.52843343521177), (25, 19.890058163970593), (26, 19.600521647331796), (27, 20.066433542023294), (28, 19.759457709706428), (29, 20.19614387571121), (30, 19.604698460995), (31, 20.221189439987125), (32, 20.533241065772803), (33, 20.223570650608842), (34, 20.382825232840872), (35, 20.02019887357145), (36, 20.145299263442347), (37, 20.167934270439), (38, 20.203536265605205), (39, 20.218198113459877), (40, 19.463941625646644), (41, 20.239668260670076), (42, 20.36789488332152), (43, 20.850132724953433), (44, 20.437895498680792), (45, 20.24400079204309), (46, 20.60299792344966), (47, 20.621424023248974), (48, 20.389364964253193), (49, 20.978569848196848), (50, 20.84194077303971)], 'nasa_score': [(0, 1484512.5166858044), (1, 359223.92215911276), (2, 2807.894757397774), (3, 2969.468168116855), (4, 3630.9201973234713), (5, 4573.10588882819), (6, 3836.485275934906), (7, 4145.173047847137), (8, 5316.439335197564), (9, 5645.187197777862), (10, 8266.966063164651), (11, 8375.353797345897), (12, 7425.519687947514), (13, 7785.6695367472075), (14, 8539.756684866992), (15, 8098.932934963795), (16, 8311.253647049485), (17, 7103.171739107729), (18, 8826.20932292731), (19, 13785.488854466043), (20, 10303.36995672033), (21, 7941.46789098278), (22, 8459.26969748575), (23, 12872.487411249807), (24, 7439.250295519397), (25, 10825.431563549695), (26, 7037.840690097252), (27, 11294.66340122674), (28, 9698.5067241794), (29, 12452.858278672353), (30, 6852.60502610882), (31, 21152.52283690765), (32, 18988.936021513517), (33, 11309.920767917245), (34, 14245.096934153229), (35, 7014.818668448733), (36, 7091.70745176286), (37, 9242.23306229502), (38, 8186.207973664748), (39, 10284.599982874777), (40, 7765.6909280222), (41, 14547.651078277962), (42, 10975.265295473017), (43, 18699.98171119267), (44, 12533.780847936323), (45, 8840.666671606814), (46, 9225.547765606472), (47, 8748.083267311496), (48, 9959.403919910215), (49, 25352.02983673669), (50, 8802.93590802131)]}

FedAvg 42: {'method': 'fedavg', 'dataset': 'FD002', 'seed': 42, 'test_mae': 20.8419, 'nasa_score': 8802.94, 'comm_kb': 28900.78}
INFO flwr 2026-07-13 18:46:15,124 | app.py:225 | app_fit: losses_distributed [(1, 1958.7926570427815), (2, 668.3741881005061), (3, 670.8572643869226), (4, 721.9021897946902), (5, 621.4904136774347), (6, 605.3780866575669), (7, 659.8657712848927), (8, 683.8267791764134), (9, 687.1052342488757), (10, 766.1700931659673), (11, 749.4072883054968), (12, 749.9307814546303), (13, 760.0357767429865), (14, 784.5387649753311), (15, 811.7963433152572), (16, 809.8095549201864), (17, 783.6959832239227), (18, 802.4633583209611), (19, 824.2573725771263), (20, 818.4631173591835), (21, 796.4990396470475), (22, 817.4139355327181), (23, 815.8561313337568), (24, 810.8376331512338), (25, 777.6106868150678), (26, 763.5988124109408), (27, 780.5368574545644), (28, 800.8013476189275), (29, 785.6584539321956), (30, 787.0026789382187), (31, 805.1300900810696), (32, 795.3358315941906), (33, 812.2509365373369), (34, 815.1108089239898), (35, 781.9990791895921), (36, 794.5371326629526), (37, 774.5581403652869), (38, 785.8459624262816), (39, 802.9720474556866), (40, 793.1386060393982), (41, 809.0275329235924), (42, 821.07031623225), (43, 805.2749169896135), (44, 800.6366431783738), (45, 824.6131186912106), (46, 841.8248123450472), (47, 810.2076226893512), (48, 817.7818505383192), (49, 842.9422162511943), (50, 828.3043268552628)]
INFO flwr 2026-07-13 18:46:15,126 | app.py:226 | app_fit: metrics_distributed_fit {}
INFO flwr 2026-07-13 18:46:15,127 | app.py:227 | app_fit: metrics_distributed {'mae': [(1, 38.193457286635635), (2, 21.609490762890548), (3, 21.584383719308036), (4, 21.90813393157975), (5, 20.7912222961281), (6, 20.274225132227823), (7, 20.788929767638805), (8, 21.098828273807378), (9, 20.987846356614615), (10, 22.16631054031139), (11, 21.98546712007658), (12, 22.112853011320816), (13, 21.84798612680068), (14, 22.454720777150637), (15, 22.450754509314024), (16, 22.454154985957732), (17, 22.50610931609641), (18, 22.15468534088537), (19, 22.691568967450213), (20, 22.704682344829777), (21, 22.501537643135002), (22, 22.6995262912153), (23, 22.697951756921263), (24, 22.524696376440584), (25, 22.224753948205638), (26, 21.913122645666174), (27, 21.883838160690285), (28, 22.298972987977844), (29, 21.917035345259503), (30, 22.25768363743502), (31, 22.04994518579655), (32, 22.44838099723498), (33, 22.453185877903046), (34, 22.330912919112365), (35, 21.965176634117373), (36, 22.28073210950016), (37, 21.855611861072596), (38, 22.102316281967685), (39, 22.41568098716756), (40, 22.011943554111575), (41, 22.15626198723873), (42, 22.407471621306744), (43, 22.41092639132808), (44, 22.159310624520277), (45, 22.660385181304335), (46, 22.261772882705873), (47, 22.7573475225888), (48, 22.424588291809695), (49, 22.87852864383583), (50, 22.37761088739776)]}
INFO flwr 2026-07-13 18:46:15,128 | app.py:228 | app_fit: losses_centralized [(0, 0.0), (1, 0.0), (2, 0.0), (3, 0.0), (4, 0.0), (5, 0.0), (6, 0.0), (7, 0.0), (8, 0.0), (9, 0.0), (10, 0.0), (11, 0.0), (12, 0.0), (13, 0.0), (14, 0.0), (15, 0.0), (16, 0.0), (17, 0.0), (18, 0.0), (19, 0.0), (20, 0.0), (21, 0.0), (22, 0.0), (23, 0.0), (24, 0.0), (25, 0.0), (26, 0.0), (27, 0.0), (28, 0.0), (29, 0.0), (30, 0.0), (31, 0.0), (32, 0.0), (33, 0.0), (34, 0.0), (35, 0.0), (36, 0.0), (37, 0.0), (38, 0.0), (39, 0.0), (40, 0.0), (41, 0.0), (42, 0.0), (43, 0.0), (44, 0.0), (45, 0.0), (46, 0.0), (47, 0.0), (48, 0.0), (49, 0.0), (50, 0.0)]
INFO flwr 2026-07-13 18:46:15,129 | app.py:229 | app_fit: metrics_centralized {'mae': [(0, 74.89392110371682), (1, 39.7669261799816), (2, 17.86026500274776), (3, 17.28402652151336), (4, 17.899674356674137), (5, 17.28654702565845), (6, 17.127469578304805), (7, 17.566909151187733), (8, 17.116073214409433), (9, 17.728781464477304), (10, 19.104855646037688), (11, 18.42522397832981), (12, 19.550573026811755), (13, 19.33501907849404), (14, 20.012479502261836), (15, 19.78937512106877), (16, 20.316804005832747), (17, 20.16402057515148), (18, 19.44318451752534), (19, 20.000699713423444), (20, 20.147861403387946), (21, 19.483001517513085), (22, 19.84623403806944), (23, 19.846141645807098), (24, 20.10363837650844), (25, 19.266624023555327), (26, 19.879540027338564), (27, 19.57266212522293), (28, 20.186046754991686), (29, 19.88191846162656), (30, 20.171189437041413), (31, 19.350118173135293), (32, 20.308465177027877), (33, 20.072329289204365), (34, 20.352932020504042), (35, 19.98626839332139), (36, 21.19084527593782), (37, 20.760111098123794), (38, 21.24873079572405), (39, 20.69631505104566), (40, 20.67566730248882), (41, 20.40727065981125), (42, 21.112022134788248), (43, 21.760112828729696), (44, 21.00703392617951), (45, 21.442361721200832), (46, 20.797584798805502), (47, 22.078250362145855), (48, 21.118307489225764), (49, 21.680678194554154), (50, 21.414180254844165)], 'nasa_score': [(0, 1545397.2065906115), (1, 185594.06715714117), (2, 4673.309086919017), (3, 3282.320204710006), (4, 2949.951912856623), (5, 3291.1452461479125), (6, 4106.933452834787), (7, 3788.5850991337265), (8, 4403.054655787008), (9, 7192.761530438478), (10, 7145.717417944418), (11, 9996.588921150025), (12, 13997.130208558428), (13, 13352.043630945955), (14, 16397.232198899597), (15, 23033.812265489527), (16, 18007.44289570079), (17, 14824.950010741675), (18, 27257.92436353), (19, 25198.923962900753), (20, 20779.98817293875), (21, 18469.09765869936), (22, 16699.92666384574), (23, 18118.450176671275), (24, 20672.50270124337), (25, 22821.218647762158), (26, 18499.288809287624), (27, 24733.854328002788), (28, 20330.43620756778), (29, 25105.217076234687), (30, 17194.39727544214), (31, 15845.701935854886), (32, 13684.486913470784), (33, 12262.545670952266), (34, 14449.603538741532), (35, 13123.138278591956), (36, 14125.766218831159), (37, 14512.419811212063), (38, 15108.616733408177), (39, 13035.285076842016), (40, 12178.606536937366), (41, 10006.522739921633), (42, 12476.410125743263), (43, 13939.947394171919), (44, 12044.598480883335), (45, 14864.201396123754), (46, 18931.302697807212), (47, 13715.06790420267), (48, 13910.224523020672), (49, 16227.137570635616), (50, 15054.148622572015)]}

FedAvg 101: {'method': 'fedavg', 'dataset': 'FD002', 'seed': 101, 'test_mae': 21.4142, 'nasa_score': 15054.15, 'comm_kb': 28900.78}
INFO flwr 2026-07-13 19:35:27,832 | app.py:225 | app_fit: losses_distributed [(1, 1109.0368283508046), (2, 677.6754565564036), (3, 624.6409984197163), (4, 612.8997993185459), (5, 688.8405839777571), (6, 625.203628868135), (7, 676.1754971345508), (8, 617.6325589798769), (9, 677.5967845475529), (10, 788.8561765102634), (11, 674.9698313292555), (12, 699.4352110354747), (13, 727.0399370013689), (14, 688.4358924734329), (15, 829.9465025518206), (16, 711.9439116769229), (17, 722.8972429014863), (18, 715.8372773003605), (19, 770.5609458706423), (20, 711.7523932896731), (21, 719.405854754913), (22, 727.9706815795214), (23, 794.4068367286619), (24, 710.889331860777), (25, 754.6652703778431), (26, 692.320684283902), (27, 742.6449576501974), (28, 749.7261898702017), (29, 699.9431745528592), (30, 751.2837726496222), (31, 734.9824034891932), (32, 757.6198516071335), (33, 758.0193437408942), (34, 770.111839226793), (35, 764.2301949781221), (36, 732.2973747070711), (37, 729.0619693181936), (38, 727.0300979077798), (39, 772.6798871937457), (40, 717.7857403849944), (41, 707.4869686924791), (42, 772.4106248454996), (43, 728.1356454505403), (44, 734.1593418881323), (45, 729.059408136747), (46, 757.7027327964081), (47, 709.1151783716833), (48, 729.9500944953343), (49, 724.922304099602), (50, 755.0504684984702)]
INFO flwr 2026-07-13 19:35:27,833 | app.py:226 | app_fit: metrics_distributed_fit {}
INFO flwr 2026-07-13 19:35:27,834 | app.py:227 | app_fit: metrics_distributed {'mae': [(1, 29.76737093286486), (2, 21.613487486225573), (3, 20.791404687579615), (4, 20.47520909143687), (5, 21.50844994298814), (6, 20.511811066801172), (7, 21.139352666290602), (8, 20.218593713062006), (9, 21.01468641498239), (10, 22.232807809784426), (11, 20.971991726470918), (12, 21.406630062685213), (13, 21.57662520879491), (14, 20.75270971556535), (15, 22.478133598404607), (16, 20.952767272905678), (17, 21.24977964418544), (18, 21.02600666051196), (19, 21.600072462454516), (20, 21.134064509843597), (21, 21.015718389721222), (22, 20.9944643943691), (23, 22.038717532102016), (24, 20.869469447006182), (25, 21.539124289698936), (26, 20.923803775351576), (27, 21.774779075343442), (28, 21.432083434654306), (29, 20.72008294358502), (30, 21.20720558376423), (31, 21.08555567243905), (32, 21.366099306971705), (33, 21.1854830867931), (34, 21.535973666191197), (35, 21.452774521335847), (36, 21.163289295889655), (37, 20.92540898367278), (38, 21.064876601490226), (39, 21.49679262932319), (40, 20.724281643407128), (41, 20.751881279785504), (42, 21.194253990898726), (43, 20.92410371578834), (44, 21.045054631751697), (45, 20.732183461863247), (46, 21.337849202122538), (47, 20.445663334166106), (48, 20.860209033429214), (49, 20.595103364829974), (50, 21.135049751916938)]}
INFO flwr 2026-07-13 19:35:27,835 | app.py:228 | app_fit: losses_centralized [(0, 0.0), (1, 0.0), (2, 0.0), (3, 0.0), (4, 0.0), (5, 0.0), (6, 0.0), (7, 0.0), (8, 0.0), (9, 0.0), (10, 0.0), (11, 0.0), (12, 0.0), (13, 0.0), (14, 0.0), (15, 0.0), (16, 0.0), (17, 0.0), (18, 0.0), (19, 0.0), (20, 0.0), (21, 0.0), (22, 0.0), (23, 0.0), (24, 0.0), (25, 0.0), (26, 0.0), (27, 0.0), (28, 0.0), (29, 0.0), (30, 0.0), (31, 0.0), (32, 0.0), (33, 0.0), (34, 0.0), (35, 0.0), (36, 0.0), (37, 0.0), (38, 0.0), (39, 0.0), (40, 0.0), (41, 0.0), (42, 0.0), (43, 0.0), (44, 0.0), (45, 0.0), (46, 0.0), (47, 0.0), (48, 0.0), (49, 0.0), (50, 0.0)]
INFO flwr 2026-07-13 19:35:27,835 | app.py:229 | app_fit: metrics_centralized {'mae': [(0, 76.11045503340172), (1, 28.165800823668256), (2, 18.03929870929497), (3, 17.62643003647852), (4, 17.49031030441343), (5, 18.895547476514427), (6, 17.788424357484207), (7, 18.2873616457906), (8, 17.315665219281172), (9, 18.276795354128804), (10, 19.135033257679588), (11, 18.64753888656734), (12, 19.24257971421172), (13, 18.585146521049115), (14, 18.623516833920277), (15, 19.36384220933362), (16, 18.965299101870034), (17, 18.784843875634625), (18, 18.862686473890623), (19, 18.615684008506275), (20, 19.1556619511608), (21, 19.23095278206019), (22, 18.912442980585872), (23, 19.831614398588084), (24, 19.306228457270443), (25, 19.66264293184612), (26, 19.797640288658584), (27, 20.040582973524412), (28, 19.80122641338805), (29, 19.955340595319004), (30, 19.71591702023068), (31, 19.831652895364062), (32, 19.62075828493332), (33, 19.682227698072044), (34, 20.28691004602145), (35, 19.693185069846372), (36, 20.41835893167032), (37, 19.829287760966533), (38, 20.72108050755092), (39, 20.0964230128697), (40, 19.734336602641807), (41, 19.858750509019064), (42, 19.260757041253637), (43, 20.208375437379345), (44, 19.71554877675178), (45, 20.04986352810068), (46, 19.824107888122324), (47, 19.9702858722348), (48, 19.917030172458485), (49, 19.530274085556677), (50, 19.53160320561825)], 'nasa_score': [(0, 1699036.623304064), (1, 7459.197136832527), (2, 2911.1856270732223), (3, 2876.207804883027), (4, 2589.5493254540015), (5, 3512.9042757701673), (6, 3162.945402835053), (7, 3632.7414232101), (8, 3453.3309413407133), (9, 3644.506169581469), (10, 4435.279913588437), (11, 3774.854935279618), (12, 4319.065406075393), (13, 4360.823695890269), (14, 5154.507439635321), (15, 5981.858021819504), (16, 6543.420281766643), (17, 5505.46614974956), (18, 6543.20253390248), (19, 6115.961744128306), (20, 6365.964102219359), (21, 6253.7022138233115), (22, 7808.969194151881), (23, 7858.606145008971), (24, 9573.144517220811), (25, 9357.562346022587), (26, 11701.739046335199), (27, 7670.763318311767), (28, 9104.485684656027), (29, 11671.471191929315), (30, 9865.405668567877), (31, 13139.830823711385), (32, 14273.14337343043), (33, 12965.342145860455), (34, 13431.666856441549), (35, 12252.617997689786), (36, 14473.109427688536), (37, 15753.112568860777), (38, 16386.33680511044), (39, 14118.790689171481), (40, 17742.41338040716), (41, 15837.031831675815), (42, 13204.370350298248), (43, 17960.711449587136), (44, 15051.23470991615), (45, 15370.35156748091), (46, 16623.85714961504), (47, 15819.070438312812), (48, 18764.651576223478), (49, 18274.796865415883), (50, 18843.988822427582)]}

FedAvg 202: {'method': 'fedavg', 'dataset': 'FD002', 'seed': 202, 'test_mae': 19.5316, 'nasa_score': 18843.99, 'comm_kb': 28900.78}
INFO flwr 2026-07-14 08:06:35,251 | app.py:225 | app_fit: losses_distributed [(1, 1888.541904466203), (2, 551.4304914681696), (3, 522.3647767354497), (4, 500.41153463000063), (5, 428.3371298903382), (6, 418.458589351523), (7, 431.20882329131354), (8, 474.49739038287146), (9, 475.84892783644216), (10, 508.61418628906983), (11, 479.8879257507553), (12, 481.41193075750647), (13, 468.6828044673736), (14, 488.48254897550305), (15, 519.8588215843151), (16, 565.82068562255), (17, 538.681330837122), (18, 542.0829336465866), (19, 561.6872666742847), (20, 551.0913839551503), (21, 576.4601778563016), (22, 576.60367681321), (23, 606.0816788230911), (24, 600.624096283805), (25, 574.4196999194752), (26, 596.4089074823313), (27, 599.762612863104), (28, 603.3298719002529), (29, 604.0578003386978), (30, 594.8898196991564), (31, 605.4972094985258), (32, 596.7611219080922), (33, 640.9512324398007), (34, 621.50429919934), (35, 608.4552909935182), (36, 615.9972438606067), (37, 645.826564870069), (38, 626.9970299207232), (39, 634.854760878068), (40, 617.5185618408229), (41, 627.7161842239218), (42, 617.4878468440506), (43, 624.8589863818501), (44, 635.9830302994116), (45, 632.4669265363274), (46, 620.8561050560392), (47, 624.2394998234599), (48, 641.4885285785899), (49, 669.6640312213606), (50, 652.2924040817135)]
INFO flwr 2026-07-14 08:06:35,252 | app.py:226 | app_fit: metrics_distributed_fit {}
INFO flwr 2026-07-14 08:06:35,253 | app.py:227 | app_fit: metrics_distributed {'mae': [(1, 37.435715950238404), (2, 19.571863129321912), (3, 18.690468537760257), (4, 18.228158481062625), (5, 16.768950764173155), (6, 16.573608715274176), (7, 16.9932862367235), (8, 17.391994684956945), (9, 17.924819524928946), (10, 17.861035544701565), (11, 17.463232007333403), (12, 17.33112009937115), (13, 17.194313402287165), (14, 17.579190900235695), (15, 17.954635948590262), (16, 18.440012928251154), (17, 18.36547612485546), (18, 18.166965368867597), (19, 18.623745388205347), (20, 18.399233068323078), (21, 18.79238937146835), (22, 18.77059863009979), (23, 18.96700763733015), (24, 18.810980980036206), (25, 18.90873178781948), (26, 19.2279796700374), (27, 19.228834276139118), (28, 19.51495919609866), (29, 19.047642991895735), (30, 19.072784962164672), (31, 19.312403154745738), (32, 19.153157442728407), (33, 20.098896780119173), (34, 19.5897856200646), (35, 19.369255311915516), (36, 19.541649001524814), (37, 19.817814186248892), (38, 19.78795556451503), (39, 19.647308813636286), (40, 19.48702483129721), (41, 19.54652183999804), (42, 19.673846838370412), (43, 19.50011438702307), (44, 19.844192355446957), (45, 19.887309865779034), (46, 19.574588379180625), (47, 19.673935962772134), (48, 19.790701166434882), (49, 20.052987579767063), (50, 20.02958785784547)]}
INFO flwr 2026-07-14 08:06:35,254 | app.py:228 | app_fit: losses_centralized [(0, 0.0), (1, 0.0), (2, 0.0), (3, 0.0), (4, 0.0), (5, 0.0), (6, 0.0), (7, 0.0), (8, 0.0), (9, 0.0), (10, 0.0), (11, 0.0), (12, 0.0), (13, 0.0), (14, 0.0), (15, 0.0), (16, 0.0), (17, 0.0), (18, 0.0), (19, 0.0), (20, 0.0), (21, 0.0), (22, 0.0), (23, 0.0), (24, 0.0), (25, 0.0), (26, 0.0), (27, 0.0), (28, 0.0), (29, 0.0), (30, 0.0), (31, 0.0), (32, 0.0), (33, 0.0), (34, 0.0), (35, 0.0), (36, 0.0), (37, 0.0), (38, 0.0), (39, 0.0), (40, 0.0), (41, 0.0), (42, 0.0), (43, 0.0), (44, 0.0), (45, 0.0), (46, 0.0), (47, 0.0), (48, 0.0), (49, 0.0), (50, 0.0)]
INFO flwr 2026-07-14 08:06:35,255 | app.py:229 | app_fit: metrics_centralized {'mae': [(0, 75.29370223912034), (1, 38.996277709725284), (2, 17.090307994238657), (3, 17.998245128793606), (4, 18.184353272427003), (5, 16.671348748520074), (6, 16.355428936858896), (7, 16.285155182179338), (8, 16.900107348747696), (9, 17.19637379959283), (10, 17.321656326529602), (11, 17.01977011964128), (12, 17.091766372150435), (13, 16.671460350507935), (14, 16.417892176212032), (15, 16.97534265481367), (16, 17.970277035098277), (17, 17.34844687178328), (18, 17.3403225644675), (19, 16.95519564786933), (20, 17.30878746371472), (21, 17.288556213084334), (22, 17.875691082486775), (23, 18.43782426767828), (24, 17.720860963622574), (25, 17.578589472531352), (26, 17.66790688268006), (27, 17.655742961927732), (28, 17.750098504615107), (29, 17.679097370751578), (30, 17.601579003352455), (31, 17.975736014170998), (32, 17.801118136372807), (33, 18.463406853694252), (34, 17.604351087886855), (35, 17.65812026948082), (36, 17.615779537952083), (37, 17.715909206729137), (38, 18.25306038138489), (39, 17.794749955873232), (40, 17.71751575396328), (41, 17.716415559923327), (42, 18.22920987044522), (43, 17.84371502703221), (44, 18.557828498162817), (45, 19.230079989635808), (46, 18.077854436336796), (47, 17.779179495734137), (48, 18.41478715255914), (49, 18.831358905924795), (50, 17.91934857313237)], 'nasa_score': [(0, 1591056.1904001143), (1, 157099.56490343992), (2, 2869.5484340773532), (3, 2929.707664935873), (4, 10707.556191084768), (5, 9704.226977030741), (6, 11973.87225192329), (7, 4288.22276269874), (8, 5688.783489400284), (9, 4259.507129667579), (10, 4317.703274912046), (11, 3896.7804801240277), (12, 6594.671100799109), (13, 7086.506649776533), (14, 6317.102715196511), (15, 5250.257049618659), (16, 4872.884022814384), (17, 8766.635478439985), (18, 9279.94874778708), (19, 8122.732421471803), (20, 9286.107778442794), (21, 10288.539258105697), (22, 11291.340434216076), (23, 9326.801723524866), (24, 10437.076759907106), (25, 10272.631365018937), (26, 13646.381708805577), (27, 12691.851295790733), (28, 9867.378829977037), (29, 13877.313675206686), (30, 13507.619792884088), (31, 13693.476723437061), (32, 12204.460340811043), (33, 11199.226911676422), (34, 12633.553178306769), (35, 12190.96633467652), (36, 12003.980240340426), (37, 12857.607049010994), (38, 13039.150020653185), (39, 9679.135736510052), (40, 11973.627989573448), (41, 10465.960844736184), (42, 16034.272932757554), (43, 17189.27774532049), (44, 18512.795884099443), (45, 17083.07998102752), (46, 13047.137638672892), (47, 13063.248281141725), (48, 15284.787406001185), (49, 21589.37208888957), (50, 13806.765048777135)]}

FedAvg 303: {'method': 'fedavg', 'dataset': 'FD002', 'seed': 303, 'test_mae': 17.9193, 'nasa_score': 13806.77, 'comm_kb': 28900.78}
INFO flwr 2026-07-19 19:23:22,952 | app.py:225 | app_fit: losses_distributed [(1, 1640.9087536268728), (2, 755.3161740164373), (3, 632.8463654930032), (4, 506.9489270760939), (5, 547.6875716879819), (6, 449.626701436031), (7, 459.10090254222723), (8, 446.16082406067034), (9, 487.11803101843446), (10, 533.5632848542115), (11, 528.0640469291254), (12, 561.0396238053379), (13, 581.4407327707034), (14, 526.3495093995582), (15, 595.2141924867406), (16, 604.6610638360274), (17, 620.1411402588021), (18, 624.9757463881125), (19, 629.5974984781491), (20, 631.0689729161882), (21, 618.3231254747107), (22, 606.913264576183), (23, 634.0511344797507), (24, 639.9588197392319), (25, 676.339327436722), (26, 665.2173268309682), (27, 646.1121465161272), (28, 640.2668601645076), (29, 680.1345353890468), (30, 642.8833757800239), (31, 667.5935195282634), (32, 651.9904743435685), (33, 654.6958680974144), (34, 671.1662196824448), (35, 683.6777563749023), (36, 684.8729363908225), (37, 684.441233695839), (38, 677.6751459512425), (39, 693.1893346634836), (40, 693.7069901188935), (41, 699.1089952839126), (42, 687.5500715812243), (43, 688.6306470716853), (44, 698.3911682580824), (45, 701.1961542533337), (46, 682.8944881474822), (47, 679.5463413566412), (48, 713.445834170801), (49, 682.0850375147129), (50, 674.9629118520567)]
INFO flwr 2026-07-19 19:23:22,953 | app.py:226 | app_fit: metrics_distributed_fit {}
INFO flwr 2026-07-19 19:23:22,954 | app.py:227 | app_fit: metrics_distributed {'mae': [(1, 35.807751297093674), (2, 22.85822968534651), (3, 20.726803678800547), (4, 18.329329141386975), (5, 18.702829133365427), (6, 17.165144073514163), (7, 17.200452081148352), (8, 16.66221856021973), (9, 17.49335237966227), (10, 17.812228806298464), (11, 17.82831752421787), (12, 18.35721792152913), (13, 18.289499932469337), (14, 17.619256798885118), (15, 18.496050309157575), (16, 18.849220131993714), (17, 19.18592190980425), (18, 19.001253592455026), (19, 19.14511601578743), (20, 19.183513449578726), (21, 19.002005031326576), (22, 18.976354267837944), (23, 19.29623438117458), (24, 19.11492716538214), (25, 19.761220711778577), (26, 19.649653291584585), (27, 19.43055159278867), (28, 19.193578396709274), (29, 19.689434409486925), (30, 19.143436997805892), (31, 19.689041970100817), (32, 19.438898414229488), (33, 19.157802247965282), (34, 19.492228222988313), (35, 19.914804503441573), (36, 20.041609166760676), (37, 20.020023137385376), (38, 19.657523011020203), (39, 19.75770162530615), (40, 19.91460083815043), (41, 20.093082710222724), (42, 19.959877059802256), (43, 19.845052363599034), (44, 19.970132432739703), (45, 19.87847724924375), (46, 19.765134231153123), (47, 19.6743323564248), (48, 20.007100896244847), (49, 19.545187718956008), (50, 19.49761301837442)]}
INFO flwr 2026-07-19 19:23:22,955 | app.py:228 | app_fit: losses_centralized [(0, 0.0), (1, 0.0), (2, 0.0), (3, 0.0), (4, 0.0), (5, 0.0), (6, 0.0), (7, 0.0), (8, 0.0), (9, 0.0), (10, 0.0), (11, 0.0), (12, 0.0), (13, 0.0), (14, 0.0), (15, 0.0), (16, 0.0), (17, 0.0), (18, 0.0), (19, 0.0), (20, 0.0), (21, 0.0), (22, 0.0), (23, 0.0), (24, 0.0), (25, 0.0), (26, 0.0), (27, 0.0), (28, 0.0), (29, 0.0), (30, 0.0), (31, 0.0), (32, 0.0), (33, 0.0), (34, 0.0), (35, 0.0), (36, 0.0), (37, 0.0), (38, 0.0), (39, 0.0), (40, 0.0), (41, 0.0), (42, 0.0), (43, 0.0), (44, 0.0), (45, 0.0), (46, 0.0), (47, 0.0), (48, 0.0), (49, 0.0), (50, 0.0)]
INFO flwr 2026-07-19 19:23:22,956 | app.py:229 | app_fit: metrics_centralized {'mae': [(0, 73.76481443137276), (1, 36.80261044888883), (2, 19.442145807862744), (3, 17.26447445821578), (4, 15.618253466705559), (5, 16.617954044268398), (6, 15.450388643272134), (7, 16.073713280519463), (8, 15.70979558547031), (9, 16.41419486741762), (10, 17.231147806616825), (11, 17.211783806789796), (12, 17.426885006510613), (13, 17.528163607976612), (14, 17.213005054871548), (15, 17.194385561703715), (16, 17.499121452390458), (17, 17.90730670796398), (18, 17.719359217463314), (19, 17.697910945848147), (20, 18.117378908694942), (21, 18.0943022142506), (22, 17.832411548805972), (23, 18.238641584241712), (24, 17.907140197901192), (25, 18.18267994589787), (26, 18.774835461355085), (27, 18.67698726138553), (28, 18.11446405653788), (29, 18.276999381518273), (30, 18.243951539735537), (31, 18.418999182211387), (32, 18.49774896776354), (33, 18.646925745783626), (34, 19.120184069894915), (35, 18.754044904672043), (36, 19.593932170205136), (37, 19.31960545543538), (38, 19.020757962377836), (39, 19.74080265442837), (40, 19.74141294707663), (41, 19.641046899626154), (42, 19.283358143103168), (43, 19.42338298370479), (44, 19.410899357445913), (45, 20.029813670743845), (46, 19.54210560478299), (47, 19.029360384554476), (48, 19.6793794447851), (49, 18.74027089446668), (50, 19.3770795623308)], 'nasa_score': [(0, 1411410.0818781615), (1, 69618.89563574656), (2, 2641.7860515189795), (3, 2175.335837173857), (4, 1947.2150083069764), (5, 3115.3446823028607), (6, 7364.361070917086), (7, 4097.373767465163), (8, 3974.104484262355), (9, 3585.081989267049), (10, 3451.1132027357244), (11, 3893.8860114783133), (12, 3598.8642530304514), (13, 5796.091913871129), (14, 6083.630214303765), (15, 4419.967806860042), (16, 4094.782998330586), (17, 3727.724472977884), (18, 4668.403961061222), (19, 3693.0753799814674), (20, 5364.68974299521), (21, 4735.172600531852), (22, 5115.669806129827), (23, 5976.327004785597), (24, 7633.725775864019), (25, 4926.735098801957), (26, 7298.9478312324745), (27, 7495.918432075259), (28, 6279.585404711452), (29, 5672.517093605824), (30, 10580.057792358124), (31, 9260.590589804475), (32, 8608.221273470823), (33, 10785.962639294135), (34, 8135.711771524884), (35, 7779.218411573618), (36, 8855.812967324067), (37, 9589.094352614684), (38, 9635.840544752866), (39, 16466.095272365816), (40, 11104.533384897399), (41, 9071.441638501063), (42, 8615.096653040846), (43, 7128.616639961134), (44, 7934.878171544931), (45, 13616.24993444737), (46, 9125.954675820794), (47, 7292.6973754504525), (48, 6843.729051674987), (49, 7978.7988795133815), (50, 9127.786267509524)]}

FedAvg 404: {'method': 'fedavg', 'dataset': 'FD002', 'seed': 404, 'test_mae': 19.3771, 'nasa_score': 9127.79, 'comm_kb': 28900.78}

INFO flwr 2026-07-19 20:12:16,609 | app.py:225 | app_fit: losses_distributed [(1, 1554.3736048923945), (2, 601.7271801226905), (3, 625.3013422457357), (4, 515.5861905980904), (5, 533.337518547147), (6, 579.7836207083161), (7, 561.8610676083073), (8, 631.1056531827381), (9, 584.0149091657864), (10, 612.9734508675905), (11, 629.7817146276424), (12, 613.2165442578043), (13, 636.5834381170841), (14, 652.323490688237), (15, 663.1620611893503), (16, 634.4423070427299), (17, 633.1223291556792), (18, 648.8903337829892), (19, 678.8864222495592), (20, 702.8730964648622), (21, 692.1436074320314), (22, 671.8162670277762), (23, 718.1572479014011), (24, 674.7898860353922), (25, 670.5592693621802), (26, 667.4080127035197), (27, 674.6951331647458), (28, 695.2262624024669), (29, 708.4643091105003), (30, 672.6563225894531), (31, 681.8810554774496), (32, 694.4402320525992), (33, 695.9995218816581), (34, 680.2270867714099), (35, 671.4868529286), (36, 691.5950028397153), (37, 701.5923607913695), (38, 679.304747919611), (39, 684.6201357307999), (40, 690.180007512986), (41, 696.5407450544019), (42, 698.3987148480076), (43, 723.8673112951216), (44, 697.4503906326943), (45, 701.7293455017904), (46, 715.4280620117701), (47, 726.22602805927), (48, 714.0919988764248), (49, 715.1197343440175), (50, 728.2639048652798)]
INFO flwr 2026-07-19 20:12:16,610 | app.py:226 | app_fit: metrics_distributed_fit {}
INFO flwr 2026-07-19 20:12:16,610 | app.py:227 | app_fit: metrics_distributed {'mae': [(1, 34.74625075330553), (2, 20.58751990807909), (3, 20.67739021468781), (4, 18.994511055588184), (5, 18.914091302587376), (6, 19.888224039800104), (7, 19.222112804717007), (8, 20.305047958835683), (9, 19.536505385474104), (10, 20.056559867550313), (11, 20.29924377131229), (12, 19.71876486906398), (13, 20.399573218009717), (14, 20.41705903026133), (15, 20.32411700229783), (16, 20.038182665462916), (17, 20.002335587373388), (18, 20.204199623142376), (19, 20.621426188303325), (20, 20.871017829349203), (21, 20.86624344798594), (22, 20.377042099537626), (23, 21.113797310533513), (24, 20.503690835820713), (25, 20.327297497226457), (26, 20.45133029434007), (27, 20.236927684283405), (28, 20.984282977591793), (29, 21.039239915282128), (30, 20.08312688864183), (31, 20.195706462569568), (32, 20.671763584310487), (33, 20.875122950550185), (34, 20.45848266837201), (35, 20.32143631706795), (36, 20.82695665749222), (37, 20.709506634667036), (38, 20.21126635503664), (39, 20.300174864215855), (40, 20.63094005390355), (41, 20.36404579604219), (42, 20.355329019029746), (43, 20.743757414234224), (44, 20.546471549778605), (45, 20.789913847937605), (46, 20.70889640553231), (47, 20.819357983917484), (48, 20.502468316917447), (49, 20.76269990965303), (50, 20.897524589324576)]}
INFO flwr 2026-07-19 20:12:16,611 | app.py:228 | app_fit: losses_centralized [(0, 0.0), (1, 0.0), (2, 0.0), (3, 0.0), (4, 0.0), (5, 0.0), (6, 0.0), (7, 0.0), (8, 0.0), (9, 0.0), (10, 0.0), (11, 0.0), (12, 0.0), (13, 0.0), (14, 0.0), (15, 0.0), (16, 0.0), (17, 0.0), (18, 0.0), (19, 0.0), (20, 0.0), (21, 0.0), (22, 0.0), (23, 0.0), (24, 0.0), (25, 0.0), (26, 0.0), (27, 0.0), (28, 0.0), (29, 0.0), (30, 0.0), (31, 0.0), (32, 0.0), (33, 0.0), (34, 0.0), (35, 0.0), (36, 0.0), (37, 0.0), (38, 0.0), (39, 0.0), (40, 0.0), (41, 0.0), (42, 0.0), (43, 0.0), (44, 0.0), (45, 0.0), (46, 0.0), (47, 0.0), (48, 0.0), (49, 0.0), (50, 0.0)]
INFO flwr 2026-07-19 20:12:16,612 | app.py:229 | app_fit: metrics_centralized {'mae': [(0, 74.55524009941541), (1, 35.627682115120315), (2, 18.279604175376157), (3, 18.656179950964496), (4, 16.76025240025465), (5, 17.388274789316775), (6, 18.006723790555387), (7, 17.496473439411766), (8, 18.76961763669165), (9, 18.929679259370193), (10, 18.78038129291019), (11, 19.070698218916373), (12, 19.10048571700755), (13, 19.206310437913107), (14, 19.593282585438615), (15, 19.67750219764857), (16, 19.680218368883757), (17, 19.89434373700941), (18, 19.90752663483491), (19, 19.2416461075595), (20, 20.156493382104117), (21, 20.294126992980484), (22, 19.718842918808395), (23, 20.40410010879104), (24, 19.503139985574258), (25, 19.48154544093894), (26, 20.227743060432346), (27, 19.898437698835572), (28, 20.28808051002532), (29, 20.79001895065013), (30, 19.81921656987842), (31, 19.906719922098873), (32, 19.582743103439743), (33, 19.817621650843087), (34, 19.65679204786146), (35, 20.047045821848982), (36, 19.862775515405367), (37, 19.880521958399004), (38, 19.620140252426324), (39, 19.743256233833932), (40, 19.372716292451248), (41, 19.82538278498705), (42, 19.747007826580504), (43, 19.771985757304893), (44, 19.501863295507246), (45, 20.061433909942746), (46, 19.747750116591288), (47, 19.630775193910342), (48, 19.898551388596935), (49, 20.186903618477487), (50, 20.194704799578457)], 'nasa_score': [(0, 1505824.3187917257), (1, 63841.699800748655), (2, 5901.704364356054), (3, 2798.2457569350518), (4, 8429.152899139339), (5, 9306.474926375226), (6, 18577.357147470837), (7, 26766.47874183248), (8, 29245.889712769807), (9, 29294.087198607434), (10, 24777.292289082132), (11, 26212.30449053079), (12, 26370.393016992144), (13, 17782.861926748374), (14, 28964.579802415334), (15, 36214.18664277876), (16, 37242.2271220029), (17, 38429.56099360993), (18, 41848.847458715674), (19, 25304.47164476016), (20, 53271.994187692435), (21, 39212.94214079577), (22, 24704.51492040493), (23, 49619.001467698945), (24, 24992.031376363826), (25, 33218.05662664368), (26, 31329.004303115773), (27, 44360.72075454753), (28, 25095.454824302225), (29, 57753.35414383066), (30, 30658.752251976817), (31, 44705.47936322686), (32, 22232.339059905877), (33, 55584.4569480239), (34, 19561.47822457772), (35, 22856.562833642583), (36, 38429.141231453716), (37, 34947.38609188318), (38, 19254.132371687967), (39, 46609.18365968118), (40, 14624.726514878994), (41, 25231.160016270638), (42, 18314.890567089304), (43, 14999.49899731539), (44, 14161.168126237964), (45, 13749.513770806307), (46, 15872.260544927922), (47, 17255.75112485705), (48, 17926.534118052852), (49, 16776.522913599394), (50, 15913.330690885705)]}

FedAvg 505: {'method': 'fedavg', 'dataset': 'FD002', 'seed': 505, 'test_mae': 20.1947, 'nasa_score': 15913.33, 'comm_kb': 28900.78}

INFO flwr 2026-07-19 21:00:25,571 | app.py:225 | app_fit: losses_distributed [(1, 1912.912744542172), (2, 822.1624940102561), (3, 837.3472909425434), (4, 635.2388468826026), (5, 615.1120730349892), (6, 759.0021138642963), (7, 643.4610955087762), (8, 604.3699624647174), (9, 539.3319021057664), (10, 665.93471266094), (11, 503.1321944286949), (12, 523.7829989650793), (13, 508.7521495718705), (14, 556.039863412422), (15, 581.4308051259894), (16, 563.9377642982885), (17, 562.9773351401614), (18, 592.8505261404473), (19, 591.5111293257329), (20, 670.221703144542), (21, 598.5437782086824), (22, 629.7888378344084), (23, 630.2777899625008), (24, 627.0321400826438), (25, 611.7746224855122), (26, 660.7106650369209), (27, 617.1012696383292), (28, 639.8880072543495), (29, 668.8508138154682), (30, 651.1394328334875), (31, 655.6682031531083), (32, 671.6640086458441), (33, 679.2598714594255), (34, 685.411046928272), (35, 763.8132024865401), (36, 695.8100489833898), (37, 681.410220972697), (38, 677.8896711449875), (39, 714.862474702534), (40, 706.7766186831291), (41, 694.1045896295916), (42, 694.5979233992728), (43, 707.8012801053231), (44, 723.9210100207413), (45, 716.1270629815888), (46, 735.8861227537457), (47, 741.9288531855533), (48, 738.4458948838084), (49, 748.9596596031859), (50, 745.9658562442712)]
INFO flwr 2026-07-19 21:00:25,571 | app.py:226 | app_fit: metrics_distributed_fit {}
INFO flwr 2026-07-19 21:00:25,572 | app.py:227 | app_fit: metrics_distributed {'mae': [(1, 38.091015857144406), (2, 23.920002813088267), (3, 23.52246320289478), (4, 21.14195377994002), (5, 20.434889714132275), (6, 22.119138468775834), (7, 20.58553519332618), (8, 19.758506892020243), (9, 18.859291846710338), (10, 20.672900182531592), (11, 18.02845251371986), (12, 18.14052190696984), (13, 17.75385142627515), (14, 18.690808216312476), (15, 18.958286393525306), (16, 18.675894861263142), (17, 18.665325021952913), (18, 19.416877282711496), (19, 19.191896309978084), (20, 20.275148496711463), (21, 19.660638661761034), (22, 19.757963289712606), (23, 20.350041504073562), (24, 19.687285178586055), (25, 19.759927670997484), (26, 20.426148949380508), (27, 19.741880058614832), (28, 19.88534736821526), (29, 20.339881535580282), (30, 20.319561859181054), (31, 20.016905644483735), (32, 20.612924963758704), (33, 20.17127253967419), (34, 20.469912938904343), (35, 21.271099912074575), (36, 20.82963535848417), (37, 20.485203444957733), (38, 20.672408641848648), (39, 20.82033845562684), (40, 20.763518712604256), (41, 20.764267548761868), (42, 20.479556854775076), (43, 20.91531710060019), (44, 20.723470542305396), (45, 20.7994161787786), (46, 21.313416677399687), (47, 21.257370098641044), (48, 20.864371841204793), (49, 21.131065190256688), (50, 21.33540992799558)]}
INFO flwr 2026-07-19 21:00:25,573 | app.py:228 | app_fit: losses_centralized [(0, 0.0), (1, 0.0), (2, 0.0), (3, 0.0), (4, 0.0), (5, 0.0), (6, 0.0), (7, 0.0), (8, 0.0), (9, 0.0), (10, 0.0), (11, 0.0), (12, 0.0), (13, 0.0), (14, 0.0), (15, 0.0), (16, 0.0), (17, 0.0), (18, 0.0), (19, 0.0), (20, 0.0), (21, 0.0), (22, 0.0), (23, 0.0), (24, 0.0), (25, 0.0), (26, 0.0), (27, 0.0), (28, 0.0), (29, 0.0), (30, 0.0), (31, 0.0), (32, 0.0), (33, 0.0), (34, 0.0), (35, 0.0), (36, 0.0), (37, 0.0), (38, 0.0), (39, 0.0), (40, 0.0), (41, 0.0), (42, 0.0), (43, 0.0), (44, 0.0), (45, 0.0), (46, 0.0), (47, 0.0), (48, 0.0), (49, 0.0), (50, 0.0)]
INFO flwr 2026-07-19 21:00:25,573 | app.py:229 | app_fit: metrics_centralized {'mae': [(0, 75.32077477061151), (1, 39.293150029127204), (2, 19.7132644303517), (3, 19.310071326590872), (4, 16.812384922071775), (5, 17.09293069618549), (6, 19.54266797437631), (7, 18.31271659269296), (8, 17.18834742063721), (9, 16.853325468232732), (10, 18.2456076614645), (11, 16.1452427241793), (12, 15.659664455988231), (13, 16.004314989657015), (14, 17.138929621133105), (15, 17.430363272147748), (16, 17.1783585971847), (17, 16.306507482491867), (18, 17.247009524047144), (19, 16.66498667669112), (20, 17.999566030318213), (21, 17.274281262430904), (22, 16.80676136974202), (23, 17.82517655935987), (24, 16.59955218399814), (25, 16.982381573975317), (26, 17.223520477766236), (27, 17.165807746091865), (28, 17.23044351997523), (29, 16.891487401424687), (30, 16.81061495777263), (31, 17.08899444226593), (32, 17.41373703562615), (33, 16.745135509829723), (34, 16.933292028066273), (35, 17.45737309253354), (36, 17.191681062853014), (37, 16.743721229229195), (38, 17.332547139937354), (39, 17.321622620218047), (40, 16.97642538446257), (41, 17.36396176842649), (42, 17.114449917119444), (43, 17.690817821900357), (44, 17.402192347758525), (45, 16.9846918628943), (46, 17.29456341128552), (47, 17.164496992545697), (48, 16.234751933329814), (49, 16.61590104857927), (50, 17.553112052122138)], 'nasa_score': [(0, 1593814.7169202012), (1, 125459.53143654403), (2, 7040.380081891914), (3, 3175.9537932423964), (4, 2193.6108569341914), (5, 4288.526589019814), (6, 10186.300431626894), (7, 17878.81084538223), (8, 22971.893679183217), (9, 31007.104804704068), (10, 32867.97076231085), (11, 29586.518752511787), (12, 29167.634427205707), (13, 27208.43416353613), (14, 24470.406698577048), (15, 19356.326020676654), (16, 13439.685318456939), (17, 7779.162010837334), (18, 6645.503262081133), (19, 6364.3454855862765), (20, 4851.172304372243), (21, 8924.01605626037), (22, 5284.044582804596), (23, 7276.5750000830985), (24, 5500.795271096459), (25, 9044.441925133646), (26, 8599.198690950056), (27, 9667.476957283056), (28, 10849.082144381475), (29, 9833.877623242923), (30, 8647.032951232413), (31, 12259.578276804805), (32, 10841.317960945807), (33, 10792.092759948186), (34, 9326.75199437115), (35, 6782.84373565469), (36, 8268.329015401494), (37, 10324.859106237567), (38, 8184.3859795742555), (39, 10181.413055347315), (40, 7299.9410562659195), (41, 9040.204570475842), (42, 9633.617791650266), (43, 11076.158791738773), (44, 9742.1811868023), (45, 10731.619722202957), (46, 10284.488887683601), (47, 7683.993067667699), (48, 6799.694076398879), (49, 7508.834587034843), (50, 8218.565217012509)]}

FedAvg 606: {'method': 'fedavg', 'dataset': 'FD002', 'seed': 606, 'test_mae': 17.5531, 'nasa_score': 8218.57, 'comm_kb': 28900.78}

INFO flwr 2026-07-20 08:57:29,455 | app.py:225 | app_fit: losses_distributed [(1, 1890.0224863305725), (2, 680.7618914002802), (3, 666.9004878675651), (4, 582.8576907835145), (5, 574.6789760284074), (6, 565.4054171231833), (7, 640.4838803538547), (8, 542.4502685919324), (9, 591.9516829621289), (10, 566.2103836210878), (11, 572.5784364342625), (12, 608.7857588399817), (13, 619.0785535829212), (14, 662.0491316181078), (15, 673.1142269590523), (16, 692.7675842172091), (17, 654.4815478292155), (18, 648.5524094194917), (19, 706.7954504140467), (20, 661.7724640501134), (21, 686.4996328845424), (22, 664.8795812414975), (23, 752.5745823205368), (24, 684.5932109725103), (25, 685.184492330893), (26, 687.7705356730503), (27, 681.2543151596084), (28, 713.2355897838388), (29, 716.6679683775506), (30, 704.6814318271689), (31, 725.6314580542622), (32, 708.2251901633862), (33, 724.8005157001816), (34, 717.2453182703064), (35, 743.0680967914756), (36, 758.624602869106), (37, 734.1793157089714), (38, 739.2797130274204), (39, 733.5079744224054), (40, 735.9904336753697), (41, 754.3416820275468), (42, 765.9914378124319), (43, 773.9181848837553), (44, 756.7650252299928), (45, 753.0993349196489), (46, 757.8500346391305), (47, 756.3966479933806), (48, 770.03934334685), (49, 767.1259787772442), (50, 756.7251761699276)]
INFO flwr 2026-07-20 08:57:29,456 | app.py:226 | app_fit: metrics_distributed_fit {}
INFO flwr 2026-07-20 08:57:29,457 | app.py:227 | app_fit: metrics_distributed {'mae': [(1, 38.11063365763772), (2, 20.946805406736498), (3, 20.866831029281126), (4, 19.54361987999871), (5, 19.306307591993953), (6, 19.28819788350536), (7, 19.68161985117378), (8, 18.727006711042225), (9, 19.032821308388304), (10, 18.933266541297183), (11, 18.980119207838825), (12, 19.225859659799138), (13, 19.349695487311816), (14, 19.583156894959433), (15, 20.13074507375058), (16, 20.10105394374003), (17, 20.310074132084), (18, 19.92250242479567), (19, 20.555721121259385), (20, 19.98207287654854), (21, 20.363754989301455), (22, 19.88684296148125), (23, 21.060839969243855), (24, 19.901451797127866), (25, 20.308906900190355), (26, 20.27174167024085), (27, 20.315720766318368), (28, 20.442487472254843), (29, 20.822325147080296), (30, 20.634564700152108), (31, 20.572338446768537), (32, 20.66387208915944), (33, 20.965781828202854), (34, 20.745766381675985), (35, 21.168226416858957), (36, 21.069691246184853), (37, 20.85538655568198), (38, 20.998030311182927), (39, 21.34109083967322), (40, 20.890889171007167), (41, 21.44237156440142), (42, 21.253942168511063), (43, 21.52681514943258), (44, 21.16675525331492), (45, 21.575842611382075), (46, 21.416506200596906), (47, 21.144094534503278), (48, 21.43654833632876), (49, 21.32217888625811), (50, 21.31123593581766)]}
INFO flwr 2026-07-20 08:57:29,457 | app.py:228 | app_fit: losses_centralized [(0, 0.0), (1, 0.0), (2, 0.0), (3, 0.0), (4, 0.0), (5, 0.0), (6, 0.0), (7, 0.0), (8, 0.0), (9, 0.0), (10, 0.0), (11, 0.0), (12, 0.0), (13, 0.0), (14, 0.0), (15, 0.0), (16, 0.0), (17, 0.0), (18, 0.0), (19, 0.0), (20, 0.0), (21, 0.0), (22, 0.0), (23, 0.0), (24, 0.0), (25, 0.0), (26, 0.0), (27, 0.0), (28, 0.0), (29, 0.0), (30, 0.0), (31, 0.0), (32, 0.0), (33, 0.0), (34, 0.0), (35, 0.0), (36, 0.0), (37, 0.0), (38, 0.0), (39, 0.0), (40, 0.0), (41, 0.0), (42, 0.0), (43, 0.0), (44, 0.0), (45, 0.0), (46, 0.0), (47, 0.0), (48, 0.0), (49, 0.0), (50, 0.0)]
INFO flwr 2026-07-20 08:57:29,458 | app.py:229 | app_fit: metrics_centralized {'mae': [(0, 71.69137098154046), (1, 39.104915339053825), (2, 17.06070445219062), (3, 17.076984015210716), (4, 16.346529787571733), (5, 16.030280917767854), (6, 17.01517188318908), (7, 17.888080004099255), (8, 15.898283001078601), (9, 17.343719946371543), (10, 17.329940781169878), (11, 17.511494505819666), (12, 17.50411620931736), (13, 17.17253823261924), (14, 17.94897749249079), (15, 17.65065255404439), (16, 17.61279062322668), (17, 18.938975105874785), (18, 17.095483765178667), (19, 17.22443318827272), (20, 17.406740192280772), (21, 17.1325057998127), (22, 16.924376870674518), (23, 17.86115736942954), (24, 17.649782795703548), (25, 17.590412596477965), (26, 17.93389926453815), (27, 17.742452212742396), (28, 17.927186652960465), (29, 18.212365772733357), (30, 18.74921434174173), (31, 18.332917762078832), (32, 18.150748492207768), (33, 17.963708833377794), (34, 18.93115946500918), (35, 19.187437735008917), (36, 18.777832178535608), (37, 18.845256849605605), (38, 18.88892564810381), (39, 18.734528744082652), (40, 18.879263947829315), (41, 18.900060845157814), (42, 19.037992654159723), (43, 19.27860603921662), (44, 19.140342034888544), (45, 18.88201385851532), (46, 19.411584677383246), (47, 19.4609588048633), (48, 19.48644244808948), (49, 19.241109369344233), (50, 19.169558484581906)], 'nasa_score': [(0, 1212383.6921846645), (1, 103417.4998391031), (2, 3485.0310428366156), (3, 5063.784024879635), (4, 2360.1903154219226), (5, 2480.888218836711), (6, 3638.794867821678), (7, 5867.26398211104), (8, 4833.491464950694), (9, 5832.689016965062), (10, 5028.894820555295), (11, 5749.428529652356), (12, 6432.916214409464), (13, 5972.873212597267), (14, 6716.449086525905), (15, 5510.664661297817), (16, 6783.41995766641), (17, 11101.652754939549), (18, 5965.253855836553), (19, 5350.710605638604), (20, 7128.907625358512), (21, 6197.687871106435), (22, 6487.9115133522055), (23, 5647.793662042146), (24, 21733.583196974207), (25, 8255.79840832323), (26, 9898.302682653282), (27, 8670.253616499902), (28, 9664.725248603088), (29, 8476.527339170616), (30, 18722.429151496184), (31, 12061.794200187902), (32, 12040.364449548786), (33, 7871.27531829898), (34, 31238.01116588535), (35, 12260.25648801664), (36, 9020.855245422696), (37, 11184.113019471646), (38, 14516.492209799395), (39, 11317.99514385662), (40, 9701.895321371856), (41, 6548.804591045643), (42, 10301.127946274368), (43, 11185.5799230279), (44, 11617.04594111138), (45, 8230.342320725813), (46, 11872.590725816543), (47, 15463.511512332625), (48, 12735.89213025023), (49, 16577.45872789622), (50, 10281.80478512135)]}

FedAvg 707: {'method': 'fedavg', 'dataset': 'FD002', 'seed': 707, 'test_mae': 19.1696, 'nasa_score': 10281.8, 'comm_kb': 28900.78}

INFO flwr 2026-07-20 10:27:54,962 | app.py:225 | app_fit: losses_distributed [(1, 1825.5657254201062), (2, 985.0340019878087), (3, 571.7986916358939), (4, 513.6956354681051), (5, 476.7220370039691), (6, 456.91472763417164), (7, 440.4301687259653), (8, 495.3013483282464), (9, 456.6645863997685), (10, 493.80364198674107), (11, 563.4193551828806), (12, 492.3662765519865), (13, 545.7266950804174), (14, 547.666259034016), (15, 553.5375127692863), (16, 529.2258749230456), (17, 581.5324308846291), (18, 586.9494319124042), (19, 519.1027013916287), (20, 531.3101771618233), (21, 523.9232076934916), (22, 548.5224607681461), (23, 557.2144600549628), (24, 564.7783578955241), (25, 533.4107198937487), (26, 558.7964584570746), (27, 560.2482124218533), (28, 564.6413941242587), (29, 548.2119204437561), (30, 545.8212817125394), (31, 552.0917071377397), (32, 547.726335731701), (33, 559.4634962075559), (34, 540.2898022176423), (35, 558.1048606881026), (36, 548.4288276359058), (37, 571.2977471117704), (38, 559.6603695072424), (39, 540.9134628109609), (40, 582.4474627326516), (41, 580.1815390939321), (42, 575.9710634559691), (43, 567.1104743915181), (44, 588.2588687875559), (45, 594.381810121187), (46, 588.3963673107896), (47, 589.8497868917891), (48, 576.4201159275068), (49, 581.9026552663923), (50, 606.4295660054909)]
INFO flwr 2026-07-20 10:27:54,962 | app.py:226 | app_fit: metrics_distributed_fit {}
INFO flwr 2026-07-20 10:27:54,963 | app.py:227 | app_fit: metrics_distributed {'mae': [(1, 37.90921598470436), (2, 25.093407624357944), (3, 19.51328480452729), (4, 18.30730402710435), (5, 17.87871309295214), (6, 16.98540160309329), (7, 16.850799296989823), (8, 17.598888251360727), (9, 17.048734403476864), (10, 17.30391033883894), (11, 18.379830449958487), (12, 17.133909497276925), (13, 17.998492719542305), (14, 18.07945489491792), (15, 18.086514484392815), (16, 17.778892402987633), (17, 18.30180160107544), (18, 18.637874483876963), (19, 17.483556610048147), (20, 17.555827039830824), (21, 17.242865881036046), (22, 17.871866785911028), (23, 17.896223159688425), (24, 18.23443795266612), (25, 17.646382207796393), (26, 17.84544187899303), (27, 18.157472620211482), (28, 18.213075984992937), (29, 17.904615487110338), (30, 17.804944308722323), (31, 18.00377040867271), (32, 17.517878518014584), (33, 17.95123239934246), (34, 18.110437245003787), (35, 18.006432788776902), (36, 17.799398041829946), (37, 18.289294101236663), (38, 18.3698054151715), (39, 17.67309731071718), (40, 18.308469268299234), (41, 18.30657202903756), (42, 18.342843940387688), (43, 18.113560521615863), (44, 18.5823901431542), (45, 18.510937036393617), (46, 18.502390585252634), (47, 18.726952785233678), (48, 18.274590959877074), (49, 18.61114191336849), (50, 19.064627306151735)]}
INFO flwr 2026-07-20 10:27:54,964 | app.py:228 | app_fit: losses_centralized [(0, 0.0), (1, 0.0), (2, 0.0), (3, 0.0), (4, 0.0), (5, 0.0), (6, 0.0), (7, 0.0), (8, 0.0), (9, 0.0), (10, 0.0), (11, 0.0), (12, 0.0), (13, 0.0), (14, 0.0), (15, 0.0), (16, 0.0), (17, 0.0), (18, 0.0), (19, 0.0), (20, 0.0), (21, 0.0), (22, 0.0), (23, 0.0), (24, 0.0), (25, 0.0), (26, 0.0), (27, 0.0), (28, 0.0), (29, 0.0), (30, 0.0), (31, 0.0), (32, 0.0), (33, 0.0), (34, 0.0), (35, 0.0), (36, 0.0), (37, 0.0), (38, 0.0), (39, 0.0), (40, 0.0), (41, 0.0), (42, 0.0), (43, 0.0), (44, 0.0), (45, 0.0), (46, 0.0), (47, 0.0), (48, 0.0), (49, 0.0), (50, 0.0)]
INFO flwr 2026-07-20 10:27:54,964 | app.py:229 | app_fit: metrics_centralized {'mae': [(0, 75.53668222648297), (1, 38.524447290133324), (2, 23.237517800570455), (3, 17.283320426940918), (4, 17.437991072312286), (5, 16.70360351621414), (6, 16.148896799124344), (7, 15.418935210548312), (8, 16.501229693070343), (9, 15.713931144434513), (10, 16.33592226146271), (11, 17.28759801157653), (12, 16.35781425122589), (13, 17.447794555236936), (14, 16.75497921461304), (15, 16.94125691712133), (16, 16.8988940485656), (17, 17.234798703874862), (18, 17.74333310587526), (19, 16.910626985851863), (20, 17.23583430212897), (21, 16.794513930685273), (22, 16.861086786483707), (23, 16.685138341542835), (24, 16.500920899586326), (25, 16.527932476353), (26, 16.609889928898756), (27, 16.566212035514212), (28, 16.766123186207185), (29, 16.663529981517424), (30, 16.261875778551726), (31, 16.445732286077668), (32, 16.483990776032556), (33, 16.599546911173345), (34, 17.230800908504765), (35, 16.962272570400163), (36, 16.559468611787185), (37, 17.229963471990754), (38, 17.858777410735495), (39, 17.315292498319767), (40, 17.47253015879038), (41, 17.116722784447393), (42, 17.12861964693401), (43, 16.927251219289182), (44, 17.66333194865223), (45, 17.079409175858075), (46, 16.736899541611837), (47, 17.482881406099178), (48, 17.114631166789522), (49, 17.3140960604988), (50, 17.640075963436406)], 'nasa_score': [(0, 1626464.1065760967), (1, 47082.28048213468), (2, 6703.590821857074), (3, 2855.5108666230703), (4, 3793.246728573951), (5, 2988.9235452355033), (6, 5578.989413380661), (7, 5009.466364408404), (8, 4563.10971128816), (9, 4016.994768855854), (10, 5621.196053662623), (11, 4626.57926392165), (12, 5020.361715752162), (13, 6928.065128836477), (14, 7007.613897520288), (15, 5247.58643901329), (16, 5316.459828534416), (17, 7863.106436278952), (18, 7058.766083927603), (19, 6699.888654255967), (20, 8711.829813515713), (21, 9136.234762683576), (22, 8469.835380655328), (23, 9433.383322911546), (24, 8721.86054521122), (25, 9057.759289354988), (26, 10318.309346928747), (27, 7783.635678866461), (28, 9689.471937500246), (29, 9870.797905040776), (30, 8327.054067886827), (31, 7526.146320755204), (32, 9757.516395364244), (33, 6885.242213064939), (34, 8892.271449053496), (35, 8634.566867328303), (36, 7774.546522638624), (37, 7910.852537480661), (38, 10385.338673478018), (39, 10103.000596410622), (40, 5573.534086473845), (41, 7536.394802511259), (42, 10359.510333945838), (43, 8977.692805135259), (44, 7391.64389307623), (45, 7211.921363389025), (46, 7605.713242495593), (47, 6968.5207314399895), (48, 8158.699280083239), (49, 8282.352267231281), (50, 8313.932472118762)]}

FedAvg 808: {'method': 'fedavg', 'dataset': 'FD002', 'seed': 808, 'test_mae': 17.6401, 'nasa_score': 8313.93, 'comm_kb': 28900.78}

INFO flwr 2026-07-14 08:50:13,689 | app.py:225 | app_fit: losses_distributed [(1, 1903.7127081681904), (2, 797.1556167434255), (3, 683.8063369423587), (4, 578.8005015555092), (5, 640.5688389483066), (6, 789.601905181744), (7, 548.0077105595398), (8, 469.8793616821705), (9, 491.5534996122976), (10, 529.8275952994143), (11, 550.0954393716142), (12, 584.1160450765741), (13, 609.4427514956857), (14, 587.4690151792121), (15, 560.0103599620243), (16, 547.0952174261479), (17, 651.8761657506783), (18, 590.2457228699403), (19, 625.4907393806416), (20, 655.1836529676867), (21, 629.3455130862214), (22, 709.3916099032779), (23, 651.3795712296796), (24, 667.429283972802), (25, 706.7337800877497), (26, 744.6940374563709), (27, 691.6260844357439), (28, 706.5961053242826), (29, 682.6745483569781), (30, 665.2027521739628), (31, 712.0356886217153), (32, 660.3537025673489), (33, 667.9603820825259), (34, 652.2418678701342), (35, 663.0895430781164), (36, 709.6473357034442), (37, 695.4980525538275), (38, 701.4372067693386), (39, 753.9219676358728), (40, 729.4091845218467), (41, 684.9213785003607), (42, 682.7363510789675), (43, 695.9741035248776), (44, 672.8168408944799), (45, 698.4860794559996), (46, 674.7424097024823), (47, 671.3500852950092), (48, 665.6150543292443), (49, 705.4295105751517), (50, 676.8294207762448)]
INFO flwr 2026-07-14 08:50:13,689 | app.py:226 | app_fit: metrics_distributed_fit {}
INFO flwr 2026-07-14 08:50:13,690 | app.py:227 | app_fit: metrics_distributed {'mae': [(1, 39.09989172455685), (2, 23.357979058119778), (3, 21.83876221811506), (4, 20.020312038862993), (5, 20.675816370342737), (6, 22.733005646070165), (7, 19.071567816320297), (8, 18.04929427247691), (9, 18.0780077756993), (10, 18.790617959064786), (11, 18.87988942301008), (12, 19.266543408254833), (13, 19.57562268002611), (14, 19.1011518782835), (15, 18.94764440829849), (16, 18.439538238759457), (17, 20.351274401242303), (18, 19.11431135365402), (19, 19.859846933011855), (20, 20.201947733135388), (21, 19.757446642650592), (22, 21.05895183013249), (23, 20.282569558629536), (24, 20.54757663733691), (25, 20.745352629743216), (26, 21.56542435652368), (27, 20.7848660431), (28, 20.92867249488257), (29, 20.601372211663595), (30, 20.53065288303514), (31, 20.878037995796824), (32, 20.369959326576367), (33, 20.349860556024765), (34, 20.21982164862927), (35, 20.41193026150064), (36, 20.7756715376391), (37, 20.837193455609096), (38, 20.77590092337153), (39, 21.309195359006107), (40, 21.074078528130965), (41, 20.43044311144033), (42, 20.37615807098976), (43, 20.57923322271818), (44, 20.26274407897178), (45, 20.40126245658145), (46, 20.384496178061923), (47, 20.062343686908715), (48, 19.999423031054448), (49, 20.651635340944377), (50, 20.23779319268275)]}
INFO flwr 2026-07-14 08:50:13,690 | app.py:228 | app_fit: losses_centralized [(0, 0.0), (1, 0.0), (2, 0.0), (3, 0.0), (4, 0.0), (5, 0.0), (6, 0.0), (7, 0.0), (8, 0.0), (9, 0.0), (10, 0.0), (11, 0.0), (12, 0.0), (13, 0.0), (14, 0.0), (15, 0.0), (16, 0.0), (17, 0.0), (18, 0.0), (19, 0.0), (20, 0.0), (21, 0.0), (22, 0.0), (23, 0.0), (24, 0.0), (25, 0.0), (26, 0.0), (27, 0.0), (28, 0.0), (29, 0.0), (30, 0.0), (31, 0.0), (32, 0.0), (33, 0.0), (34, 0.0), (35, 0.0), (36, 0.0), (37, 0.0), (38, 0.0), (39, 0.0), (40, 0.0), (41, 0.0), (42, 0.0), (43, 0.0), (44, 0.0), (45, 0.0), (46, 0.0), (47, 0.0), (48, 0.0), (49, 0.0), (50, 0.0)]
INFO flwr 2026-07-14 08:50:13,691 | app.py:229 | app_fit: metrics_centralized {'mae': [(0, 75.39545769569496), (1, 38.760287693568635), (2, 19.86955199370513), (3, 18.568779254972245), (4, 18.1100766134078), (5, 18.965547850693515), (6, 21.06310998518955), (7, 17.949493248030027), (8, 16.41202979290347), (9, 16.40137682550202), (10, 17.268192939316442), (11, 17.45160914019728), (12, 17.432558188567292), (13, 18.000678360692323), (14, 17.236749884704825), (15, 17.250579366352568), (16, 17.053221698893545), (17, 17.894757764219776), (18, 17.198847026898594), (19, 17.307089963935056), (20, 17.920865213548815), (21, 16.988357422434685), (22, 18.17173923949017), (23, 17.95305244342701), (24, 18.02298898954649), (25, 18.033530651372374), (26, 18.694892279429787), (27, 18.491868354178763), (28, 18.314935743118344), (29, 18.17496619353423), (30, 18.47197892767122), (31, 18.38669100139132), (32, 18.124195489183816), (33, 17.938838141305105), (34, 18.598564980112908), (35, 17.931491704521033), (36, 18.165199743734824), (37, 18.51503607849357), (38, 18.167978993714087), (39, 18.546959969067665), (40, 18.43987078280062), (41, 18.230640809048097), (42, 17.87140923577386), (43, 18.085673343260776), (44, 18.252751015328073), (45, 18.320039086360268), (46, 18.20453424343271), (47, 18.179877594170883), (48, 18.49951051100801), (49, 18.582067040402915), (50, 18.198616793717196)], 'nasa_score': [(0, 1605988.1469063845), (1, 60769.30435921354), (2, 3121.4422316828977), (3, 2509.9293170869896), (4, 3318.891310879162), (5, 5313.021734603055), (6, 19399.7502941732), (7, 18733.134876409007), (8, 4366.940459696312), (9, 6591.954550671064), (10, 6059.790776679249), (11, 5231.4851793821745), (12, 5411.834883139827), (13, 5798.153008838729), (14, 4931.850926224353), (15, 5307.226887874714), (16, 4733.757169401848), (17, 4306.179634554028), (18, 5211.5382529450635), (19, 4892.373231734246), (20, 5371.30586785207), (21, 6352.076708700299), (22, 4803.177167048429), (23, 5596.7972905714705), (24, 5926.132491797615), (25, 7788.629658888405), (26, 5879.0413144605045), (27, 7029.110436068924), (28, 6257.278238103188), (29, 5344.764899264703), (30, 6918.771947360321), (31, 6003.820632776949), (32, 7383.6595910955), (33, 8054.92458430212), (34, 8938.103121858288), (35, 7745.467401174497), (36, 6826.819785814781), (37, 8749.636759123794), (38, 6865.075032132532), (39, 9619.30385476378), (40, 7739.235689064051), (41, 9131.33309851294), (42, 8196.440305127591), (43, 9798.70385171996), (44, 10555.29129706911), (45, 8885.157817889674), (46, 9846.212438318682), (47, 10237.303602774417), (48, 11847.536292088213), (49, 11001.083361389945), (50, 11054.495743832413)]}

FedAvg 2026: {'method': 'fedavg', 'dataset': 'FD002', 'seed': 2026, 'test_mae': 18.1986, 'nasa_score': 11054.5, 'comm_kb': 28900.78}
INFO flwr 2026-07-14 09:29:50,582 | app.py:225 | app_fit: losses_distributed [(1, 3191.926199194285), (2, 2134.542952140537), (3, 1938.0327399076648), (4, 966.3936796694061), (5, 706.5161002459755), (6, 553.2461237674466), (7, 541.6187191415679), (8, 491.3539832606943), (9, 539.701020481691), (10, 505.14179593526245), (11, 548.2933633664953), (12, 543.1860073017924), (13, 571.5610877911084), (14, 604.5376498419457), (15, 592.7280154807582), (16, 593.3495673320986), (17, 572.2226531090467), (18, 596.8634423560538), (19, 595.0813279822873), (20, 572.3929508153482), (21, 579.1498039229677), (22, 599.9562968021146), (23, 630.5313709681119), (24, 599.4119896619952), (25, 594.8891131311468), (26, 607.0298813598888), (27, 596.9935991641624), (28, 608.0934521127593), (29, 599.004445672085), (30, 578.8127842944948), (31, 600.3021923471343), (32, 601.2367631693224), (33, 592.5571894285325), (34, 605.5293348786229), (35, 631.5450201619891), (36, 608.3895666198093), (37, 607.3929832378857), (38, 627.9523791605844), (39, 623.0557217146012), (40, 621.9021203727962), (41, 621.6783054423481), (42, 623.9456020219839), (43, 619.6775583669388), (44, 622.769487671663), (45, 653.2967592561916), (46, 641.1338159931478), (47, 649.9314976829577), (48, 631.5207678235398), (49, 636.7083153583311), (50, 636.5016736948415)]
INFO flwr 2026-07-14 09:29:50,582 | app.py:226 | app_fit: metrics_distributed_fit {}
INFO flwr 2026-07-14 09:29:50,583 | app.py:227 | app_fit: metrics_distributed {'mae': [(1, 48.31569009275177), (2, 37.31224167252383), (3, 35.73793626199933), (4, 24.945135814411906), (5, 21.709843326361543), (6, 19.644039022051466), (7, 18.938707880087833), (8, 18.13781472705849), (9, 18.94448982529451), (10, 18.049669070532527), (11, 18.81163237916154), (12, 18.5677766264356), (13, 19.000394005466852), (14, 19.288047969714587), (15, 19.101602181611828), (16, 19.37249158130558), (17, 18.800130953619526), (18, 19.368098409290354), (19, 19.240823259532824), (20, 18.933728722590246), (21, 19.019389983159268), (22, 19.49689092337463), (23, 20.092582856936843), (24, 19.299385661720482), (25, 19.223485289237196), (26, 19.864566260240274), (27, 19.125622473778456), (28, 19.6585534627353), (29, 19.351921861206563), (30, 18.770584199224484), (31, 19.427910780259612), (32, 19.11508890641756), (33, 19.131366171269427), (34, 19.26436640733468), (35, 19.550770624196605), (36, 19.34407458773237), (37, 19.288323486821884), (38, 19.83080907972969), (39, 19.83715596368268), (40, 19.558438525269572), (41, 19.517521499442655), (42, 19.4718810011798), (43, 19.398463597825277), (44, 19.59768168244332), (45, 20.022082381557073), (46, 19.86299027659948), (47, 19.73513608625886), (48, 19.24254816230503), (49, 19.46220843209603), (50, 19.557068903411356)]}
INFO flwr 2026-07-14 09:29:50,584 | app.py:228 | app_fit: losses_centralized []
INFO flwr 2026-07-14 09:29:50,584 | app.py:229 | app_fit: metrics_centralized {}

FedPer: {'method': 'fedper', 'dataset': 'FD002', 'seed': 42, 'test_mae': 17.7594, 'nasa_score': 4688.83, 'comm_kb': 27650.0}
INFO flwr 2026-07-14 10:13:29,407 | app.py:225 | app_fit: losses_distributed [(1, 2627.8881482532042), (2, 1361.7489772862991), (3, 1023.8722136051579), (4, 859.5404201316531), (5, 624.4864283198234), (6, 677.205051854465), (7, 528.9651999385594), (8, 510.11800514908924), (9, 561.8065945252785), (10, 564.0229429961885), (11, 585.9989130143813), (12, 650.5664391710184), (13, 697.941350189032), (14, 680.005452945852), (15, 657.6080511194691), (16, 718.8768792071465), (17, 739.446247319215), (18, 724.6317203728852), (19, 734.6044764670058), (20, 734.1396773302624), (21, 791.945318387946), (22, 746.0649934840064), (23, 771.0587634386737), (24, 751.9089559455514), (25, 772.1626452424366), (26, 733.0765997645851), (27, 741.7259035455345), (28, 721.444313794962), (29, 749.9159213599495), (30, 737.6574236124267), (31, 741.0714367502038), (32, 786.4812832234593), (33, 736.3049806875371), (34, 796.8132877042184), (35, 770.1939822553394), (36, 785.8125203407621), (37, 773.6621966774738), (38, 823.929619360699), (39, 796.0976790810737), (40, 784.7540612735055), (41, 796.9872140066964), (42, 803.5963808436738), (43, 779.0483898365944), (44, 797.2622556277181), (45, 834.1040052833215), (46, 838.202467795831), (47, 813.925011106661), (48, 810.810921998293), (49, 811.872920371032), (50, 821.3538363861422)]
INFO flwr 2026-07-14 10:13:29,408 | app.py:226 | app_fit: metrics_distributed_fit {}
INFO flwr 2026-07-14 10:13:29,409 | app.py:227 | app_fit: metrics_distributed {'mae': [(1, 44.01660752002352), (2, 30.432857393376377), (3, 26.387040130904804), (4, 23.772014556989333), (5, 20.67724604971106), (6, 21.04793885894116), (7, 18.85138099159639), (8, 18.562822626864968), (9, 18.949969422094558), (10, 19.092147734847643), (11, 19.19722664832566), (12, 20.086648083587793), (13, 20.944776628139337), (14, 20.649288727273174), (15, 20.322275573577638), (16, 21.079018296325717), (17, 21.40303801665761), (18, 21.332103264928808), (19, 21.974064689117416), (20, 21.678103107016025), (21, 22.278013520952143), (22, 22.11294486408304), (23, 22.1122404463491), (24, 21.84748415567401), (25, 22.470057863427517), (26, 21.901598098143566), (27, 21.765681043271965), (28, 21.582579808292984), (29, 21.81502101477913), (30, 21.60888281758358), (31, 21.75704367823141), (32, 22.40361971455495), (33, 21.801245726091206), (34, 22.442947108983113), (35, 21.870381429186605), (36, 22.263853154561993), (37, 22.121505697488658), (38, 22.892819875456752), (39, 22.679841293230393), (40, 22.294005301781684), (41, 22.507492966719784), (42, 22.7282127000309), (43, 22.091989554614848), (44, 22.5646474710564), (45, 22.86812657208963), (46, 23.094838958925237), (47, 22.61669800556768), (48, 22.5970543376257), (49, 22.579567641286896), (50, 22.69078250496904)]}
INFO flwr 2026-07-14 10:13:29,409 | app.py:228 | app_fit: losses_centralized []
INFO flwr 2026-07-14 10:13:29,410 | app.py:229 | app_fit: metrics_centralized {}

FedPer: {'method': 'fedper', 'dataset': 'FD002', 'seed': 101, 'test_mae': 19.3652, 'nasa_score': 15701.43, 'comm_kb': 27650.0}
INFO flwr 2026-07-14 10:55:06,168 | app.py:225 | app_fit: losses_distributed [(1, 5196.166898093967), (2, 3512.4893878317507), (3, 2920.6226336297354), (4, 2426.5247122658557), (5, 1907.1099075912932), (6, 1812.3746568894976), (7, 1532.7077221980728), (8, 1601.8857265757358), (9, 1245.3617852200405), (10, 1363.7293131186987), (11, 1245.6596964057962), (12, 1191.5602300930227), (13, 1336.1837657157598), (14, 1095.713863822574), (15, 1095.3276516525532), (16, 1098.3180002173456), (17, 991.4669566001414), (18, 1008.9296495466194), (19, 870.9590706315522), (20, 844.5976780567113), (21, 890.8559473158812), (22, 837.7388639544342), (23, 797.9457050643418), (24, 813.4954401893036), (25, 827.8317328413898), (26, 777.9614232186815), (27, 773.5213509410647), (28, 765.9342493010408), (29, 814.5966414169083), (30, 758.5403463903411), (31, 849.3651952771714), (32, 777.4303452963981), (33, 783.0741068055648), (34, 725.6529381850268), (35, 730.8159927061838), (36, 744.1360350107061), (37, 797.7382208803651), (38, 721.0313702479034), (39, 756.0424825897107), (40, 731.0924669493354), (41, 721.2707876984672), (42, 732.1654378342286), (43, 704.7030355277975), (44, 753.6216481915432), (45, 736.9198951235268), (46, 755.0642627547741), (47, 735.2772315443322), (48, 723.9961732145018), (49, 717.7586796246549), (50, 737.5740886436719)]
INFO flwr 2026-07-14 10:55:06,168 | app.py:226 | app_fit: metrics_distributed_fit {}
INFO flwr 2026-07-14 10:55:06,169 | app.py:227 | app_fit: metrics_distributed {'mae': [(1, 60.813801483508826), (2, 48.87984455862408), (3, 44.987654901821536), (4, 40.25926284688967), (5, 34.61271962922222), (6, 34.21790297277037), (7, 31.245646370717), (8, 32.30422857944042), (9, 28.33229656699575), (10, 29.23532798372131), (11, 28.10582918369064), (12, 27.398630332694097), (13, 28.95523771524891), (14, 26.24138959540415), (15, 26.324179720395108), (16, 26.480651816789205), (17, 25.182046741760434), (18, 25.58204196151287), (19, 24.03439342619677), (20, 23.590916257792387), (21, 24.40466996156682), (22, 23.54187491092431), (23, 23.3778810671172), (24, 23.30486178867049), (25, 23.462654590946837), (26, 22.766284433573038), (27, 23.007718375756156), (28, 22.783558659411153), (29, 23.11330743313662), (30, 22.498890231948955), (31, 23.626586189841465), (32, 22.77000271439443), (33, 22.735221259858548), (34, 21.684726434418224), (35, 21.8912969428101), (36, 22.134725193990477), (37, 22.771665461551983), (38, 21.777007847498965), (39, 22.176574987117807), (40, 22.00100795823986), (41, 21.813241020979337), (42, 21.837737849153996), (43, 21.3997439084451), (44, 22.08752083027629), (45, 22.14663179713045), (46, 22.122166647114643), (47, 21.979720806937014), (48, 21.499593562918506), (49, 21.69818506986252), (50, 21.707418988534073)]}
INFO flwr 2026-07-14 10:55:06,170 | app.py:228 | app_fit: losses_centralized []
INFO flwr 2026-07-14 10:55:06,170 | app.py:229 | app_fit: metrics_centralized {}

FedPer: {'method': 'fedper', 'dataset': 'FD002', 'seed': 202, 'test_mae': 19.3565, 'nasa_score': 5972.7, 'comm_kb': 27650.0}
INFO flwr 2026-07-14 11:35:58,864 | app.py:225 | app_fit: losses_distributed [(1, 5003.402919726416), (2, 2728.9451629792193), (3, 2240.7177067646107), (4, 1864.3092595512474), (5, 1411.0353330840624), (6, 1136.109557504459), (7, 851.479749256368), (8, 747.4645421084176), (9, 747.9852281791118), (10, 511.95277660050994), (11, 526.2302965345672), (12, 421.3379225830418), (13, 465.05797233201827), (14, 509.9389399410404), (15, 515.9806526655254), (16, 502.34209333613944), (17, 469.24871817026076), (18, 452.34804753676406), (19, 499.09937390982054), (20, 498.86928245677535), (21, 496.8592004915842), (22, 508.23371328169947), (23, 509.13647252543893), (24, 524.1084288603538), (25, 551.2324475224391), (26, 542.8374153438529), (27, 523.2251405957857), (28, 544.4689054394207), (29, 538.2988066323677), (30, 575.7796057613633), (31, 576.5579043852496), (32, 570.1433567527682), (33, 588.6545189154501), (34, 594.7214017858039), (35, 581.9239110447515), (36, 606.6775002947561), (37, 585.1154074723494), (38, 681.1931623809792), (39, 602.401364574414), (40, 613.701868079503), (41, 630.7274613166588), (42, 610.0825295524348), (43, 585.6118168112783), (44, 607.5625037236475), (45, 629.2450242269656), (46, 592.9475576242951), (47, 597.6908338535117), (48, 623.0493231806754), (49, 652.552784755298), (50, 619.3064276062292)]
INFO flwr 2026-07-14 11:35:58,865 | app.py:226 | app_fit: metrics_distributed_fit {}
INFO flwr 2026-07-14 11:35:58,866 | app.py:227 | app_fit: metrics_distributed {'mae': [(1, 59.30558482842464), (2, 43.03165597679859), (3, 37.90557058784087), (4, 34.683072968901165), (5, 29.36386433523497), (6, 26.27266356210873), (7, 23.142903391125497), (8, 22.041494211088498), (9, 21.64963781635881), (10, 18.388578390623458), (11, 18.29663515177705), (12, 16.52552610432248), (13, 17.37032936212147), (14, 18.07025671735076), (15, 18.10580177760336), (16, 17.81685032130538), (17, 17.18536081919384), (18, 16.9670365617424), (19, 17.950874274105942), (20, 17.81630335830971), (21, 17.83534993924281), (22, 17.87894192474832), (23, 17.965628278443024), (24, 17.985468570979112), (25, 18.580862188395376), (26, 18.444963067116095), (27, 18.19317462267463), (28, 18.554572246575603), (29, 18.306014396898576), (30, 18.950287894545284), (31, 19.01078141237063), (32, 18.651241183064037), (33, 19.08884238461847), (34, 19.413074174530053), (35, 18.938171569226476), (36, 19.308421652360174), (37, 19.000751331635158), (38, 19.975752398427517), (39, 19.062791509545615), (40, 19.121143144062266), (41, 19.52868114048034), (42, 19.179878393077473), (43, 18.81525904502244), (44, 19.134700698795378), (45, 19.38672959267372), (46, 19.15024335678086), (47, 19.341837171440037), (48, 19.329719765977636), (49, 19.80332174365454), (50, 19.252056611167355)]}
INFO flwr 2026-07-14 11:35:58,867 | app.py:228 | app_fit: losses_centralized []
INFO flwr 2026-07-14 11:35:58,868 | app.py:229 | app_fit: metrics_centralized {}

FedPer: {'method': 'fedper', 'dataset': 'FD002', 'seed': 303, 'test_mae': 19.2621, 'nasa_score': 12899.13, 'comm_kb': 27650.0}
INFO flwr 2026-07-14 12:19:59,870 | app.py:225 | app_fit: losses_distributed [(1, 5527.656880447758), (2, 2819.6402958972626), (3, 2098.4180260645453), (4, 1569.4207455375185), (5, 1213.8885198194994), (6, 1036.3753907253586), (7, 748.4797095984717), (8, 834.5968292156775), (9, 672.4343589046854), (10, 707.5077352544839), (11, 665.7330623402585), (12, 801.2222811047003), (13, 745.4524261431774), (14, 717.2641461244059), (15, 742.6093936091748), (16, 705.3275273340079), (17, 817.0745899115533), (18, 695.154730356789), (19, 662.5371252671497), (20, 676.6349417298453), (21, 688.3210209643216), (22, 722.6041220234132), (23, 721.9085253984579), (24, 687.1703796447913), (25, 701.9638896213162), (26, 683.2874076174714), (27, 668.4118682757298), (28, 744.6648050556447), (29, 686.4184033149274), (30, 673.8484799981906), (31, 701.9620839071723), (32, 712.0371944717398), (33, 661.887375994725), (34, 693.6771797836484), (35, 688.2007127711738), (36, 690.1538552237771), (37, 793.4652951127522), (38, 720.2393275188831), (39, 664.6898675570154), (40, 717.3700580248882), (41, 665.5516726545659), (42, 671.3426837450712), (43, 656.8890177388456), (44, 696.8280575149686), (45, 724.3799472500572), (46, 704.9389215304518), (47, 703.2400715982649), (48, 705.9365720808183), (49, 670.0552203061945), (50, 675.2738421409337)]
INFO flwr 2026-07-14 12:19:59,871 | app.py:226 | app_fit: metrics_distributed_fit {}
INFO flwr 2026-07-14 12:19:59,872 | app.py:227 | app_fit: metrics_distributed {'mae': [(1, 63.732696442559124), (2, 44.1151130596717), (3, 38.055310452034604), (4, 32.65497392715996), (5, 28.476248460994924), (6, 26.268422139200105), (7, 22.476708220555878), (8, 23.520153314144117), (9, 21.298943021050288), (10, 21.54959922088323), (11, 20.90512758365537), (12, 22.42859302839727), (13, 21.737820325262064), (14, 21.388727745360594), (15, 21.638836790092107), (16, 21.037135008511143), (17, 22.812510223266283), (18, 21.15959377663633), (19, 20.66417337692594), (20, 20.75967894275513), (21, 20.914058135701776), (22, 21.261345432113973), (23, 21.235645673976336), (24, 20.976876767909857), (25, 20.971089869480657), (26, 20.851492623037917), (27, 20.54060668459583), (28, 21.410360443967363), (29, 20.74767741158751), (30, 20.506433868637682), (31, 20.996500205725926), (32, 21.074484560277867), (33, 20.380370864845215), (34, 20.803540475530568), (35, 20.68965364865031), (36, 20.934549620999157), (37, 22.07148949550631), (38, 21.148079841342984), (39, 20.13336222984998), (40, 21.059997298900605), (41, 19.944385624754183), (42, 20.06169693604342), (43, 20.234838416491765), (44, 20.71256821309012), (45, 20.80753719684761), (46, 20.597806546548004), (47, 20.63903227133528), (48, 20.526932114371082), (49, 20.005953353130675), (50, 19.987607144917423)]}
INFO flwr 2026-07-14 12:19:59,873 | app.py:228 | app_fit: losses_centralized []
INFO flwr 2026-07-14 12:19:59,873 | app.py:229 | app_fit: metrics_centralized {}

FedPer: {'method': 'fedper', 'dataset': 'FD002', 'seed': 2026, 'test_mae': 18.5416, 'nasa_score': 16486.82, 'comm_kb': 27650.0}
  [Round 1] Global MAE: 33.6682
  [Round 2] Global MAE: 22.8246
  [Round 3] Global MAE: 21.4481
  [Round 4] Global MAE: 20.9717
  [Round 5] CFL one-shot clustering: {0: 0, 1: 0, 2: 0, 3: 1}
  [Round 5] Cluster MAEs: [19.1, 19.1] | Avg: 19.1048
  [Round 6] Cluster MAEs: [19.82, 30.62] | Avg: 25.223
  [Round 7] Cluster MAEs: [19.9, 24.72] | Avg: 22.3105
  [Round 8] Cluster MAEs: [21.47, 22.05] | Avg: 21.7577
  [Round 9] Cluster MAEs: [20.59, 21.59] | Avg: 21.0883
  [Round 10] Cluster MAEs: [21.39, 21.8] | Avg: 21.5977
  [Round 11] Cluster MAEs: [21.0, 22.87] | Avg: 21.9389
  [Round 12] Cluster MAEs: [21.42, 23.51] | Avg: 22.4635
  [Round 13] Cluster MAEs: [21.63, 23.89] | Avg: 22.7578
  [Round 14] Cluster MAEs: [21.3, 22.82] | Avg: 22.0567
  [Round 15] Cluster MAEs: [22.13, 23.16] | Avg: 22.6478
  [Round 16] Cluster MAEs: [22.08, 25.4] | Avg: 23.7396
  [Round 17] Cluster MAEs: [22.28, 25.05] | Avg: 23.6659
  [Round 18] Cluster MAEs: [22.03, 27.58] | Avg: 24.8047
  [Round 19] Cluster MAEs: [22.12, 25.26] | Avg: 23.6901
  [Round 20] Cluster MAEs: [22.46, 26.32] | Avg: 24.3879
  [Round 21] Cluster MAEs: [22.45, 25.82] | Avg: 24.134
  [Round 22] Cluster MAEs: [21.88, 25.65] | Avg: 23.761
  [Round 23] Cluster MAEs: [22.04, 25.9] | Avg: 23.9732
  [Round 24] Cluster MAEs: [22.11, 26.03] | Avg: 24.0668
  [Round 25] Cluster MAEs: [22.27, 25.45] | Avg: 23.8579
  [Round 26] Cluster MAEs: [21.76, 26.79] | Avg: 24.2786
  [Round 27] Cluster MAEs: [21.76, 26.39] | Avg: 24.0706
  [Round 28] Cluster MAEs: [22.13, 25.01] | Avg: 23.5696
  [Round 29] Cluster MAEs: [21.81, 26.52] | Avg: 24.166
  [Round 30] Cluster MAEs: [21.66, 25.43] | Avg: 23.5419
  [Round 31] Cluster MAEs: [21.76, 26.52] | Avg: 24.139
  [Round 32] Cluster MAEs: [21.97, 27.64] | Avg: 24.8071
  [Round 33] Cluster MAEs: [22.21, 24.89] | Avg: 23.55
  [Round 34] Cluster MAEs: [21.95, 25.81] | Avg: 23.88
  [Round 35] Cluster MAEs: [21.53, 25.25] | Avg: 23.3901
  [Round 36] Cluster MAEs: [21.86, 25.12] | Avg: 23.4902
  [Round 37] Cluster MAEs: [21.82, 25.32] | Avg: 23.5734
  [Round 38] Cluster MAEs: [22.45, 27.36] | Avg: 24.9061
  [Round 39] Cluster MAEs: [22.45, 28.17] | Avg: 25.3088
  [Round 40] Cluster MAEs: [22.05, 25.54] | Avg: 23.7957
  [Round 41] Cluster MAEs: [21.77, 26.13] | Avg: 23.9529
  [Round 42] Cluster MAEs: [21.2, 26.01] | Avg: 23.604
  [Round 43] Cluster MAEs: [21.93, 25.96] | Avg: 23.9458
  [Round 44] Cluster MAEs: [21.42, 27.29] | Avg: 24.3569
  [Round 45] Cluster MAEs: [21.85, 24.47] | Avg: 23.1585
  [Round 46] Cluster MAEs: [22.15, 25.87] | Avg: 24.0111
  [Round 47] Cluster MAEs: [21.29, 26.3] | Avg: 23.7937
  [Round 48] Cluster MAEs: [21.69, 26.85] | Avg: 24.2676
  [Round 49] Cluster MAEs: [22.25, 29.41] | Avg: 25.8312
  [Round 50] Cluster MAEs: [21.48, 28.39] | Avg: 24.9385
WARNING:tensorflow:5 out of the last 15 calls to <function TensorFlowTrainer.make_predict_function.<locals>.one_step_on_data_distributed at 0x7bfdad16eb60> triggered tf.function retracing. Tracing is expensive and the excessive number of tracings could be due to (1) creating @tf.function repeatedly in a loop, (2) passing tensors with different shapes, (3) passing Python objects instead of tensors. For (1), please define your @tf.function outside of the loop. For (2), @tf.function has reduce_retracing=True option that can avoid unnecessary retracing. For (3), please refer to https://www.tensorflow.org/guide/function#controlling_retracing and https://www.tensorflow.org/api_docs/python/tf/function for  more details.
WARNING:tensorflow:6 out of the last 18 calls to <function TensorFlowTrainer.make_predict_function.<locals>.one_step_on_data_distributed at 0x7bfdad16eb60> triggered tf.function retracing. Tracing is expensive and the excessive number of tracings could be due to (1) creating @tf.function repeatedly in a loop, (2) passing tensors with different shapes, (3) passing Python objects instead of tensors. For (1), please define your @tf.function outside of the loop. For (2), @tf.function has reduce_retracing=True option that can avoid unnecessary retracing. For (3), please refer to https://www.tensorflow.org/guide/function#controlling_retracing and https://www.tensorflow.org/api_docs/python/tf/function for  more details.
CFL: {'method': 'cfl', 'dataset': 'FD002', 'seed': 42, 'test_mae': 23.3652, 'nasa_score': 66420.45, 'comm_kb': 27650.0}

  [Round 1] Global MAE: 33.0877
  [Round 2] Global MAE: 17.6221
  [Round 3] Global MAE: 16.6045
  [Round 4] Global MAE: 16.4008
  [Round 5] CFL one-shot clustering: {0: 1, 1: 0, 2: 0, 3: 1}
  [Round 5] Cluster MAEs: [16.75, 16.75] | Avg: 16.7537
  [Round 6] Cluster MAEs: [17.28, 17.49] | Avg: 17.3877
  [Round 7] Cluster MAEs: [18.71, 18.24] | Avg: 18.4722
  [Round 8] Cluster MAEs: [17.46, 16.49] | Avg: 16.9747
  [Round 9] Cluster MAEs: [18.73, 16.84] | Avg: 17.7871
  [Round 10] Cluster MAEs: [18.34, 18.76] | Avg: 18.5489
  [Round 11] Cluster MAEs: [18.71, 19.99] | Avg: 19.3469
  [Round 12] Cluster MAEs: [19.62, 17.66] | Avg: 18.6365
  [Round 13] Cluster MAEs: [19.68, 18.89] | Avg: 19.2859
  [Round 14] Cluster MAEs: [21.04, 18.5] | Avg: 19.7666
  [Round 15] Cluster MAEs: [19.73, 19.34] | Avg: 19.5366
  [Round 16] Cluster MAEs: [21.87, 18.4] | Avg: 20.1356
  [Round 17] Cluster MAEs: [21.22, 18.86] | Avg: 20.0398
  [Round 18] Cluster MAEs: [22.86, 19.36] | Avg: 21.1117
  [Round 19] Cluster MAEs: [20.7, 18.8] | Avg: 19.7459
  [Round 20] Cluster MAEs: [21.58, 18.95] | Avg: 20.2669
  [Round 21] Cluster MAEs: [21.44, 19.8] | Avg: 20.6209
  [Round 22] Cluster MAEs: [22.43, 19.21] | Avg: 20.8214
  [Round 23] Cluster MAEs: [22.53, 19.98] | Avg: 21.2538
  [Round 24] Cluster MAEs: [23.48, 19.78] | Avg: 21.6275
  [Round 25] Cluster MAEs: [21.73, 19.91] | Avg: 20.8197
  [Round 26] Cluster MAEs: [22.16, 20.08] | Avg: 21.1184
  [Round 27] Cluster MAEs: [21.47, 19.5] | Avg: 20.4869
  [Round 28] Cluster MAEs: [23.46, 19.81] | Avg: 21.6344
  [Round 29] Cluster MAEs: [22.19, 20.67] | Avg: 21.4294
  [Round 30] Cluster MAEs: [22.25, 19.75] | Avg: 21.0011
  [Round 31] Cluster MAEs: [23.31, 21.87] | Avg: 22.5912
  [Round 32] Cluster MAEs: [23.36, 19.89] | Avg: 21.623
  [Round 33] Cluster MAEs: [22.79, 19.99] | Avg: 21.3914
  [Round 34] Cluster MAEs: [22.14, 21.64] | Avg: 21.8917
  [Round 35] Cluster MAEs: [23.83, 20.3] | Avg: 22.0661
  [Round 36] Cluster MAEs: [22.4, 20.66] | Avg: 21.5341
  [Round 37] Cluster MAEs: [24.5, 20.66] | Avg: 22.5823
  [Round 38] Cluster MAEs: [22.56, 20.71] | Avg: 21.6374
  [Round 39] Cluster MAEs: [22.92, 21.11] | Avg: 22.0165
  [Round 40] Cluster MAEs: [23.44, 20.9] | Avg: 22.1667
  [Round 41] Cluster MAEs: [22.93, 20.89] | Avg: 21.9078
  [Round 42] Cluster MAEs: [23.01, 21.86] | Avg: 22.4342
  [Round 43] Cluster MAEs: [24.12, 21.47] | Avg: 22.7942
  [Round 44] Cluster MAEs: [23.43, 21.53] | Avg: 22.48
  [Round 45] Cluster MAEs: [23.46, 21.52] | Avg: 22.4884
  [Round 46] Cluster MAEs: [23.28, 22.14] | Avg: 22.7065
  [Round 47] Cluster MAEs: [24.66, 21.56] | Avg: 23.111
  [Round 48] Cluster MAEs: [23.57, 21.78] | Avg: 22.6714
  [Round 49] Cluster MAEs: [23.75, 21.59] | Avg: 22.6686
  [Round 50] Cluster MAEs: [23.81, 22.39] | Avg: 23.1003
CFL: {'method': 'cfl', 'dataset': 'FD002', 'seed': 101, 'test_mae': 22.9139, 'nasa_score': 19904.15, 'comm_kb': 27650.0}
  [Round 1] Global MAE: 30.6837
  [Round 2] Global MAE: 17.9618
  [Round 3] Global MAE: 19.4105
  [Round 4] Global MAE: 18.0537
  [Round 5] CFL one-shot clustering: {0: 1, 1: 1, 2: 0, 3: 1}
  [Round 5] Cluster MAEs: [17.87, 17.87] | Avg: 17.8727
  [Round 6] Cluster MAEs: [19.95, 16.94] | Avg: 18.4451
  [Round 7] Cluster MAEs: [20.52, 19.06] | Avg: 19.7882
  [Round 8] Cluster MAEs: [20.69, 20.34] | Avg: 20.5151
  [Round 9] Cluster MAEs: [19.87, 21.48] | Avg: 20.6733
  [Round 10] Cluster MAEs: [20.47, 22.09] | Avg: 21.2828
  [Round 11] Cluster MAEs: [20.11, 19.73] | Avg: 19.9171
  [Round 12] Cluster MAEs: [20.95, 19.63] | Avg: 20.2926
  [Round 13] Cluster MAEs: [21.83, 19.69] | Avg: 20.7622
  [Round 14] Cluster MAEs: [22.49, 18.97] | Avg: 20.7284
  [Round 15] Cluster MAEs: [22.54, 19.68] | Avg: 21.1095
  [Round 16] Cluster MAEs: [22.31, 20.0] | Avg: 21.1532
  [Round 17] Cluster MAEs: [22.05, 20.72] | Avg: 21.3838
  [Round 18] Cluster MAEs: [22.42, 20.63] | Avg: 21.5275
  [Round 19] Cluster MAEs: [23.22, 20.67] | Avg: 21.9444
  [Round 20] Cluster MAEs: [23.26, 19.89] | Avg: 21.5774
  [Round 21] Cluster MAEs: [24.41, 20.44] | Avg: 22.4269
  [Round 22] Cluster MAEs: [22.12, 20.05] | Avg: 21.0847
  [Round 23] Cluster MAEs: [23.07, 20.69] | Avg: 21.8788
  [Round 24] Cluster MAEs: [23.12, 20.48] | Avg: 21.802
  [Round 25] Cluster MAEs: [22.91, 20.48] | Avg: 21.6958
  [Round 26] Cluster MAEs: [23.65, 20.82] | Avg: 22.2322
  [Round 27] Cluster MAEs: [23.81, 21.24] | Avg: 22.5263
  [Round 28] Cluster MAEs: [24.63, 20.67] | Avg: 22.6521
  [Round 29] Cluster MAEs: [24.01, 21.58] | Avg: 22.7959
  [Round 30] Cluster MAEs: [24.62, 20.92] | Avg: 22.7713
  [Round 31] Cluster MAEs: [23.34, 20.84] | Avg: 22.0923
  [Round 32] Cluster MAEs: [26.25, 20.99] | Avg: 23.6233
  [Round 33] Cluster MAEs: [23.31, 20.26] | Avg: 21.7876
  [Round 34] Cluster MAEs: [23.91, 20.77] | Avg: 22.3416
  [Round 35] Cluster MAEs: [23.48, 21.42] | Avg: 22.45
  [Round 36] Cluster MAEs: [24.05, 20.53] | Avg: 22.2945
  [Round 37] Cluster MAEs: [23.92, 21.16] | Avg: 22.5439
  [Round 38] Cluster MAEs: [23.29, 21.16] | Avg: 22.2242
  [Round 39] Cluster MAEs: [24.12, 21.33] | Avg: 22.7216
  [Round 40] Cluster MAEs: [24.63, 21.28] | Avg: 22.9507
  [Round 41] Cluster MAEs: [23.79, 20.53] | Avg: 22.1579
  [Round 42] Cluster MAEs: [23.57, 20.68] | Avg: 22.1216
  [Round 43] Cluster MAEs: [25.37, 20.89] | Avg: 23.1298
  [Round 44] Cluster MAEs: [24.42, 21.23] | Avg: 22.8217
  [Round 45] Cluster MAEs: [23.56, 21.31] | Avg: 22.4344
  [Round 46] Cluster MAEs: [25.14, 20.36] | Avg: 22.753
  [Round 47] Cluster MAEs: [23.9, 20.76] | Avg: 22.329
  [Round 48] Cluster MAEs: [24.5, 20.7] | Avg: 22.6006
  [Round 49] Cluster MAEs: [24.23, 20.85] | Avg: 22.5384
  [Round 50] Cluster MAEs: [26.25, 21.02] | Avg: 23.636
CFL: {'method': 'cfl', 'dataset': 'FD002', 'seed': 202, 'test_mae': 23.9111, 'nasa_score': 34427.37, 'comm_kb': 27650.0}

  [Round 1] Global MAE: 38.4017
  [Round 2] Global MAE: 16.6554
  [Round 3] Global MAE: 16.6577
  [Round 4] Global MAE: 15.4701
  [Round 5] CFL one-shot clustering: {0: 1, 1: 0, 2: 1, 3: 1}
  [Round 5] Cluster MAEs: [15.74, 15.74] | Avg: 15.7416
  [Round 6] Cluster MAEs: [19.83, 16.02] | Avg: 17.9214
  [Round 7] Cluster MAEs: [20.82, 15.87] | Avg: 18.3443
  [Round 8] Cluster MAEs: [19.69, 17.11] | Avg: 18.3993
  [Round 9] Cluster MAEs: [18.26, 16.55] | Avg: 17.4084
  [Round 10] Cluster MAEs: [22.6, 17.06] | Avg: 19.8312
  [Round 11] Cluster MAEs: [19.14, 16.99] | Avg: 18.0632
  [Round 12] Cluster MAEs: [21.38, 17.9] | Avg: 19.6381
  [Round 13] Cluster MAEs: [20.46, 18.53] | Avg: 19.4929
  [Round 14] Cluster MAEs: [21.86, 18.12] | Avg: 19.9938
  [Round 15] Cluster MAEs: [20.94, 18.76] | Avg: 19.8511
  [Round 16] Cluster MAEs: [21.4, 18.05] | Avg: 19.7268
  [Round 17] Cluster MAEs: [23.53, 18.23] | Avg: 20.8808
  [Round 18] Cluster MAEs: [22.56, 18.91] | Avg: 20.7326
  [Round 19] Cluster MAEs: [22.55, 18.24] | Avg: 20.3917
  [Round 20] Cluster MAEs: [22.93, 18.22] | Avg: 20.5727
  [Round 21] Cluster MAEs: [24.49, 18.0] | Avg: 21.2464
  [Round 22] Cluster MAEs: [24.03, 18.56] | Avg: 21.2937
  [Round 23] Cluster MAEs: [24.6, 18.88] | Avg: 21.7422
  [Round 24] Cluster MAEs: [24.11, 18.82] | Avg: 21.4648
  [Round 25] Cluster MAEs: [25.17, 18.92] | Avg: 22.0405
  [Round 26] Cluster MAEs: [23.83, 18.48] | Avg: 21.1543
  [Round 27] Cluster MAEs: [24.18, 20.26] | Avg: 22.2182
  [Round 28] Cluster MAEs: [23.91, 18.92] | Avg: 21.4161
  [Round 29] Cluster MAEs: [23.62, 18.71] | Avg: 21.1652
  [Round 30] Cluster MAEs: [24.84, 18.97] | Avg: 21.9078
  [Round 31] Cluster MAEs: [26.32, 19.5] | Avg: 22.9096
  [Round 32] Cluster MAEs: [25.07, 19.26] | Avg: 22.1621
  [Round 33] Cluster MAEs: [25.36, 19.04] | Avg: 22.204
  [Round 34] Cluster MAEs: [25.79, 18.68] | Avg: 22.237
  [Round 35] Cluster MAEs: [25.57, 19.55] | Avg: 22.5605
  [Round 36] Cluster MAEs: [27.04, 19.5] | Avg: 23.2711
  [Round 37] Cluster MAEs: [26.83, 18.48] | Avg: 22.6576
  [Round 38] Cluster MAEs: [26.03, 18.67] | Avg: 22.3473
  [Round 39] Cluster MAEs: [25.89, 19.8] | Avg: 22.8484
  [Round 40] Cluster MAEs: [27.41, 19.03] | Avg: 23.2162
  [Round 41] Cluster MAEs: [26.71, 19.37] | Avg: 23.0385
  [Round 42] Cluster MAEs: [26.8, 19.24] | Avg: 23.0169
  [Round 43] Cluster MAEs: [27.77, 19.47] | Avg: 23.6188
  [Round 44] Cluster MAEs: [27.5, 19.23] | Avg: 23.3678
  [Round 45] Cluster MAEs: [27.08, 19.09] | Avg: 23.0828
  [Round 46] Cluster MAEs: [27.59, 19.19] | Avg: 23.3896
  [Round 47] Cluster MAEs: [25.4, 19.54] | Avg: 22.4675
  [Round 48] Cluster MAEs: [27.79, 19.71] | Avg: 23.7521
  [Round 49] Cluster MAEs: [27.61, 19.98] | Avg: 23.7959
  [Round 50] Cluster MAEs: [26.75, 19.21] | Avg: 22.9782
WARNING:tensorflow:5 out of the last 15 calls to <function TensorFlowTrainer.make_predict_function.<locals>.one_step_on_data_distributed at 0x7ee86d422de0> triggered tf.function retracing. Tracing is expensive and the excessive number of tracings could be due to (1) creating @tf.function repeatedly in a loop, (2) passing tensors with different shapes, (3) passing Python objects instead of tensors. For (1), please define your @tf.function outside of the loop. For (2), @tf.function has reduce_retracing=True option that can avoid unnecessary retracing. For (3), please refer to https://www.tensorflow.org/guide/function#controlling_retracing and https://www.tensorflow.org/api_docs/python/tf/function for  more details.
WARNING:tensorflow:6 out of the last 18 calls to <function TensorFlowTrainer.make_predict_function.<locals>.one_step_on_data_distributed at 0x7ee86d422de0> triggered tf.function retracing. Tracing is expensive and the excessive number of tracings could be due to (1) creating @tf.function repeatedly in a loop, (2) passing tensors with different shapes, (3) passing Python objects instead of tensors. For (1), please define your @tf.function outside of the loop. For (2), @tf.function has reduce_retracing=True option that can avoid unnecessary retracing. For (3), please refer to https://www.tensorflow.org/guide/function#controlling_retracing and https://www.tensorflow.org/api_docs/python/tf/function for  more details.
CFL: {'method': 'cfl', 'dataset': 'FD002', 'seed': 303, 'test_mae': 23.3666, 'nasa_score': 54505.9, 'comm_kb': 27650.0}
  [Round 1] Global MAE: 20.9381
  [Round 2] Global MAE: 16.4142
  [Round 3] Global MAE: 16.1653
  [Round 4] Global MAE: 15.074
  [Round 5] CFL one-shot clustering: {0: 0, 1: 0, 2: 1, 3: 1}
  [Round 5] Cluster MAEs: [15.14, 15.14] | Avg: 15.1392
  [Round 6] Cluster MAEs: [15.66, 15.73] | Avg: 15.6953
  [Round 7] Cluster MAEs: [15.67, 17.23] | Avg: 16.4534
  [Round 8] Cluster MAEs: [16.25, 16.19] | Avg: 16.2185
  [Round 9] Cluster MAEs: [17.79, 16.91] | Avg: 17.3499
  [Round 10] Cluster MAEs: [17.07, 16.9] | Avg: 16.9804
  [Round 11] Cluster MAEs: [17.3, 18.67] | Avg: 17.9863
  [Round 12] Cluster MAEs: [19.78, 17.99] | Avg: 18.8818
  [Round 13] Cluster MAEs: [17.96, 18.78] | Avg: 18.3727
  [Round 14] Cluster MAEs: [17.64, 19.17] | Avg: 18.4028
  [Round 15] Cluster MAEs: [18.26, 20.13] | Avg: 19.194
  [Round 16] Cluster MAEs: [19.59, 19.65] | Avg: 19.6217
  [Round 17] Cluster MAEs: [18.05, 19.85] | Avg: 18.9496
  [Round 18] Cluster MAEs: [17.63, 20.14] | Avg: 18.8863
  [Round 19] Cluster MAEs: [18.02, 20.72] | Avg: 19.3702
  [Round 20] Cluster MAEs: [17.58, 20.07] | Avg: 18.8265
  [Round 21] Cluster MAEs: [18.53, 19.98] | Avg: 19.2547
  [Round 22] Cluster MAEs: [17.46, 20.38] | Avg: 18.9184
  [Round 23] Cluster MAEs: [18.17, 20.12] | Avg: 19.1463
  [Round 24] Cluster MAEs: [18.17, 20.02] | Avg: 19.095
  [Round 25] Cluster MAEs: [18.79, 19.9] | Avg: 19.3429
  [Round 26] Cluster MAEs: [18.49, 20.23] | Avg: 19.3613
  [Round 27] Cluster MAEs: [18.55, 20.27] | Avg: 19.4099
  [Round 28] Cluster MAEs: [19.19, 20.81] | Avg: 19.999
  [Round 29] Cluster MAEs: [18.59, 21.05] | Avg: 19.8228
  [Round 30] Cluster MAEs: [18.37, 20.53] | Avg: 19.452
  [Round 31] Cluster MAEs: [19.31, 20.72] | Avg: 20.0165
  [Round 32] Cluster MAEs: [18.75, 20.94] | Avg: 19.8478
  [Round 33] Cluster MAEs: [20.03, 21.38] | Avg: 20.7034
  [Round 34] Cluster MAEs: [18.98, 20.44] | Avg: 19.7079
  [Round 35] Cluster MAEs: [19.26, 20.86] | Avg: 20.0576
  [Round 36] Cluster MAEs: [19.47, 21.58] | Avg: 20.5246
  [Round 37] Cluster MAEs: [18.54, 20.35] | Avg: 19.4448
  [Round 38] Cluster MAEs: [19.8, 20.83] | Avg: 20.3145
  [Round 39] Cluster MAEs: [18.9, 21.59] | Avg: 20.2476
  [Round 40] Cluster MAEs: [19.49, 21.25] | Avg: 20.3653
  [Round 41] Cluster MAEs: [19.52, 20.42] | Avg: 19.9707
  [Round 42] Cluster MAEs: [19.17, 20.58] | Avg: 19.8768
  [Round 43] Cluster MAEs: [19.29, 21.49] | Avg: 20.3891
  [Round 44] Cluster MAEs: [20.98, 20.43] | Avg: 20.7045
  [Round 45] Cluster MAEs: [19.7, 21.5] | Avg: 20.6005
  [Round 46] Cluster MAEs: [18.95, 22.14] | Avg: 20.5452
  [Round 47] Cluster MAEs: [19.02, 21.56] | Avg: 20.2932
  [Round 48] Cluster MAEs: [20.11, 21.68] | Avg: 20.8961
  [Round 49] Cluster MAEs: [19.83, 20.95] | Avg: 20.3897
  [Round 50] Cluster MAEs: [19.28, 21.9] | Avg: 20.5874
CFL: {'method': 'cfl', 'dataset': 'FD002', 'seed': 2026, 'test_mae': 20.673, 'nasa_score': 12933.11, 'comm_kb': 27650.0}
  [Round 1] Val NASA per client: [40983.6, 48048.9, 68574.2, 35902.0]
  [Round 2] Val NASA per client: [23318.0, 56908.5, 64297.2, 27279.0]
  [Round 3] Val NASA per client: [18128.7, 34101.0, 43545.4, 25803.6]
  [Round 4] Val NASA per client: [25400.7, 28479.9, 47908.7, 31168.7]
  [Round 5] Re-clustered (α=1.0). Changes: {1: (0, 1), 3: (1, 0)}
  [Round 5] Assignments: {'0': 0, '1': 1, '2': 1, '3': 0}
  [Round 5] Cluster 0 val NASA: 36715.64
  [Round 5] Cluster 1 val NASA: 59732.88
  [Round 5] Val NASA per client: [20908.9, 28746.3, 90719.5, 52522.3]
  [Round 6] Val NASA per client: [19097.5, 42376.6, 73960.1, 22186.0]
  [Round 7] Val NASA per client: [15799.8, 34772.8, 56995.3, 23578.7]
  [Round 8] Val NASA per client: [14098.7, 33054.2, 97779.0, 18988.6]
  [Round 9] Val NASA per client: [13840.0, 31139.8, 64006.3, 23961.5]
  ⚠️ Spectral produced invalid clusters {0: 3, 1: 1}. Falling back to KMeans.
  KMeans fallback result: {0: 2, 1: 2}
  [Round 10] Re-clustered (α=1.0). Changes: {1: (1, 0), 3: (0, 1)}
  [Round 10] Assignments: {'0': 0, '1': 0, '2': 1, '3': 1}
  [Round 10] Cluster 0 val NASA: 20280.31
  [Round 10] Cluster 1 val NASA: 59180.48
  [Round 10] Val NASA per client: [14163.0, 26397.6, 98722.1, 19638.8]
  [Round 11] Val NASA per client: [13098.7, 22599.2, 83249.4, 32252.4]
  [Round 12] Val NASA per client: [14547.3, 16858.4, 98752.9, 60351.5]
  [Round 13] Val NASA per client: [17260.5, 24835.6, 68313.7, 130253.0]
  [Round 14] Val NASA per client: [22199.4, 19011.1, 110755.3, 97455.1]
  [Round 15] Re-clustered (α=1.0). Changes: {1: (0, 1), 2: (1, 0)}
  [Round 15] Assignments: {'0': 0, '1': 1, '2': 0, '3': 1}
  [Round 15] Cluster 0 val NASA: 44455.77
  [Round 15] Cluster 1 val NASA: 81204.21
  [Round 15] Val NASA per client: [18884.0, 16943.8, 70027.6, 145464.6]
  [Round 16] Val NASA per client: [19782.0, 25998.7, 26772.2, 149121.4]
  [Round 17] Val NASA per client: [13540.7, 29047.4, 21326.0, 50090.6]
  [Round 18] Val NASA per client: [16239.7, 30152.1, 22294.1, 56719.3]
  [Round 19] Val NASA per client: [19404.2, 43780.0, 35898.2, 154431.7]
  [Round 20] Re-clustered (α=1.0). Changes: {1: (1, 0), 2: (0, 1)}
  [Round 20] Assignments: {'0': 0, '1': 0, '2': 1, '3': 1}
  [Round 20] Cluster 0 val NASA: 34194.52
  [Round 20] Cluster 1 val NASA: 96503.13
  [Round 20] Val NASA per client: [15942.0, 52447.0, 25767.5, 167238.8]
  [Round 21] Val NASA per client: [14264.5, 21003.7, 162901.9, 77795.8]
  [Round 22] Val NASA per client: [15926.2, 20946.7, 162354.4, 187969.6]
  [Round 23] Val NASA per client: [24761.5, 20648.8, 103534.5, 144810.1]
  [Round 24] Val NASA per client: [19309.3, 16849.7, 96127.1, 70129.9]
  ⚠️ Spectral produced invalid clusters {0: 3, 1: 1}. Falling back to KMeans.
  KMeans fallback result: {1: 2, 0: 2}
  [Round 25] Re-clustered (α=1.0). Changes: {0: (0, 1), 2: (1, 0)}
  [Round 25] Assignments: {'0': 1, '1': 0, '2': 0, '3': 1}
  [Round 25] Cluster 0 val NASA: 72939.37
  [Round 25] Cluster 1 val NASA: 74351.28
  [Round 25] Val NASA per client: [19538.6, 25213.1, 120665.6, 129164.0]
  [Round 26] Val NASA per client: [31282.2, 42647.3, 35655.4, 126792.4]
  [Round 27] Val NASA per client: [27422.2, 27536.7, 21227.3, 172817.7]
  [Round 28] Val NASA per client: [25476.3, 23375.6, 27835.5, 99991.6]
  [Round 29] Val NASA per client: [36802.0, 24301.2, 37521.2, 69377.8]
  ⚠️ Spectral produced invalid clusters {0: 1, 1: 3}. Falling back to KMeans.
  KMeans fallback result: {0: 2, 1: 2}
  [Round 30] Re-clustered (α=1.0). Changes: {0: (1, 0), 1: (0, 1)}
  [Round 30] Assignments: {'0': 0, '1': 1, '2': 0, '3': 1}
  [Round 30] Cluster 0 val NASA: 34737.19
  [Round 30] Cluster 1 val NASA: 59533.32
  [Round 30] Val NASA per client: [34089.7, 33427.7, 35384.6, 85638.9]
  [Round 31] Val NASA per client: [28289.7, 38352.3, 35756.8, 135042.6]
  [Round 32] Val NASA per client: [23646.2, 55821.3, 38296.7, 114568.4]
  [Round 33] Val NASA per client: [15907.4, 126154.2, 34788.3, 126678.9]
  [Round 34] Val NASA per client: [20429.1, 94006.0, 43957.0, 177318.9]
  [Round 35] Re-clustered (α=1.0). Changes: {1: (1, 0), 2: (0, 1)}
  [Round 35] Assignments: {'0': 0, '1': 0, '2': 1, '3': 1}
  [Round 35] Cluster 0 val NASA: 69154.14
  [Round 35] Cluster 1 val NASA: 119680.18
  [Round 35] Val NASA per client: [40246.1, 98062.2, 36974.0, 202386.4]
  [Round 36] Val NASA per client: [28889.6, 22647.4, 48845.3, 176794.3]
  [Round 37] Val NASA per client: [23516.5, 23886.3, 54474.4, 178157.1]
  [Round 38] Val NASA per client: [34568.5, 23380.4, 103578.0, 130309.6]
  [Round 39] Val NASA per client: [29209.8, 27372.8, 54603.6, 85223.9]
  ⚠️ Spectral produced invalid clusters {0: 3, 1: 1}. Falling back to KMeans.
  KMeans fallback result: {0: 2, 1: 2}
  [Round 40] Re-clustered (α=1.0). Changes: {1: (0, 1), 2: (1, 0)}
  [Round 40] Assignments: {'0': 0, '1': 1, '2': 0, '3': 1}
  [Round 40] Cluster 0 val NASA: 47872.40
  [Round 40] Cluster 1 val NASA: 77274.08
  [Round 40] Val NASA per client: [41290.3, 25092.8, 54454.5, 129455.3]
  [Round 41] Val NASA per client: [31990.4, 131277.5, 34473.1, 225676.7]
  [Round 42] Val NASA per client: [35135.1, 179147.2, 56572.8, 147434.6]
  [Round 43] Val NASA per client: [35829.1, 136115.5, 47878.9, 285810.9]
  [Round 44] Val NASA per client: [35014.2, 172750.2, 43748.1, 184579.5]
  [Round 45] Re-clustered (α=1.0). Changes: {2: (0, 1), 3: (1, 0)}
  [Round 45] Assignments: {'0': 0, '1': 1, '2': 1, '3': 0}
  [Round 45] Cluster 0 val NASA: 115661.10
  [Round 45] Cluster 1 val NASA: 126944.10
  [Round 45] Val NASA per client: [65535.5, 194825.1, 59063.1, 165786.8]
  [Round 46] Val NASA per client: [36337.5, 221680.5, 69458.5, 17710.0]
  [Round 47] Val NASA per client: [33666.6, 201862.8, 59969.0, 41159.7]
  [Round 48] Val NASA per client: [35121.2, 305667.9, 67050.4, 36414.4]
  [Round 49] Val NASA per client: [35467.9, 239468.0, 79532.0, 30908.4]
  [Round 50] Val NASA per client: [33493.5, 145238.8, 66267.5, 48143.7]

  [Final] MAE: 19.9552 | NASA: 8192.76
AC-PFL 42: {'method': 'acpfl', 'dataset': 'FD002', 'seed': 42, 'test_mae': 19.9552, 'nasa_score   8192.76, 'comm_kb': 27650.0}
[Round 1] Val NASA per client: [37648.3, 122723.9, 24887.5, 49341.5]
  [Round 2] Val NASA per client: [41297.6, 76337.3, 22367.6, 41221.5]
  [Round 3] Val NASA per client: [39825.6, 90645.6, 24121.5, 69363.9]
  [Round 4] Val NASA per client: [40771.0, 66229.5, 22149.4, 50173.0]
  [Round 5] Re-clustered (α=1.0). Changes: {1: (0, 1), 2: (1, 0)}
  [Round 5] Assignments: {'0': 0, '1': 1, '2': 0, '3': 1}
  [Round 5] Cluster 0 val NASA: 32893.22
  [Round 5] Cluster 1 val NASA: 81575.91
  [Round 5] Val NASA per client: [40458.9, 114279.1, 25327.5, 48872.7]
  [Round 6] Val NASA per client: [47396.7, 53054.5, 23776.1, 37834.5]
  [Round 7] Val NASA per client: [60551.5, 46859.6, 27837.9, 36835.1]
  [Round 8] Val NASA per client: [45720.5, 66715.9, 27074.8, 38659.8]
  [Round 9] Val NASA per client: [43264.4, 77545.7, 30940.8, 43416.5]
  ⚠️ Spectral produced invalid clusters {0: 1, 1: 3}. Falling back to KMeans.
  KMeans fallback result: {1: 2, 0: 2}
  [Round 10] Re-clustered (α=1.0). Changes: {0: (0, 1), 1: (1, 0)}
  [Round 10] Assignments: {'0': 1, '1': 0, '2': 0, '3': 1}
  [Round 10] Cluster 0 val NASA: 58132.28
  [Round 10] Cluster 1 val NASA: 52080.87
  [Round 10] Val NASA per client: [61006.4, 82118.4, 34146.2, 43155.3]
  [Round 11] Val NASA per client: [28876.5, 62731.6, 36901.7, 43096.9]
  [Round 12] Val NASA per client: [38003.1, 58780.5, 42871.2, 43585.7]
  [Round 13] Val NASA per client: [44384.7, 120093.1, 76479.6, 54577.2]
  [Round 14] Val NASA per client: [50922.2, 84852.0, 75051.6, 33485.5]
  [Round 15] Re-clustered (α=1.0). Changes: {0: (1, 0), 1: (0, 1)}
  [Round 15] Assignments: {'0': 0, '1': 1, '2': 0, '3': 1}
  [Round 15] Cluster 0 val NASA: 56730.21
  [Round 15] Cluster 1 val NASA: 115784.85
  [Round 15] Val NASA per client: [47413.9, 196585.2, 66046.5, 34984.5]
  [Round 16] Val NASA per client: [72985.2, 54974.9, 135931.6, 36928.4]
  [Round 17] Val NASA per client: [62466.4, 79561.1, 111119.7, 41702.8]
  [Round 18] Val NASA per client: [58250.1, 79924.4, 63644.5, 52768.4]
  [Round 19] Val NASA per client: [55156.6, 56460.4, 54314.3, 34846.9]
  ⚠️ Spectral produced invalid clusters {0: 3, 1: 1}. Falling back to KMeans.
  KMeans fallback result: {1: 2, 0: 2}
  [Round 20] Re-clustered (α=1.0). Changes: {0: (0, 1), 1: (1, 0)}
  [Round 20] Assignments: {'0': 1, '1': 0, '2': 0, '3': 1}
  [Round 20] Cluster 0 val NASA: 87375.87
  [Round 20] Cluster 1 val NASA: 77218.86
  [Round 20] Val NASA per client: [82479.8, 111220.2, 63531.5, 71957.9]
  [Round 21] Val NASA per client: [55804.9, 208514.6, 71223.7, 49299.9]
  [Round 22] Val NASA per client: [54611.7, 156313.3, 56233.3, 84241.0]
  [Round 23] Val NASA per client: [65059.6, 376121.3, 77044.3, 53785.5]
  [Round 24] Val NASA per client: [61275.3, 140098.1, 57301.3, 79947.2]
  [Round 25] Re-clustered (α=1.0). Changes: {0: (1, 0), 2: (0, 1)}
  [Round 25] Assignments: {'0': 0, '1': 0, '2': 1, '3': 1}
  [Round 25] Cluster 0 val NASA: 130592.12
  [Round 25] Cluster 1 val NASA: 83211.97
  [Round 25] Val NASA per client: [70516.4, 190667.8, 66634.9, 99789.1]
  [Round 26] Val NASA per client: [75621.4, 76237.9, 27311.5, 65228.3]
  [Round 27] Val NASA per client: [77403.5, 173215.4, 42901.8, 80461.0]
  [Round 28] Val NASA per client: [93752.9, 163495.6, 48011.4, 64954.2]
  [Round 29] Val NASA per client: [72671.9, 193371.2, 87768.3, 100330.9]
  [Round 30] Re-clustered (α=1.0). Changes: {1: (0, 1), 2: (1, 0)}
  [Round 30] Assignments: {'0': 0, '1': 1, '2': 0, '3': 1}
  [Round 30] Cluster 0 val NASA: 64827.08
  [Round 30] Cluster 1 val NASA: 159030.28
  [Round 30] Val NASA per client: [80754.1, 201637.2, 48900.1, 116423.4]
  [Round 31] Val NASA per client: [139477.6, 225769.1, 37458.1, 92559.8]
  [Round 32] Val NASA per client: [84343.2, 184672.3, 38119.9, 170885.2]
  [Round 33] Val NASA per client: [85962.5, 197387.9, 46250.4, 75042.2]
  [Round 34] Val NASA per client: [113029.9, 202737.1, 52130.8, 133461.3]
  [Round 35] Re-clustered (α=1.0). Changes: {1: (1, 0), 2: (0, 1)}
  [Round 35] Assignments: {'0': 0, '1': 0, '2': 1, '3': 1}
  [Round 35] Cluster 0 val NASA: 110822.23
  [Round 35] Cluster 1 val NASA: 60926.07
  [Round 35] Val NASA per client: [60709.1, 160935.4, 50180.8, 71671.4]
  [Round 36] Val NASA per client: [72134.4, 308802.2, 47369.1, 81859.3]
  [Round 37] Val NASA per client: [85151.1, 164218.3, 60597.7, 69714.5]
  [Round 38] Val NASA per client: [82640.9, 211677.5, 110616.8, 132280.5]
  [Round 39] Val NASA per client: [54547.4, 254814.3, 47586.7, 70605.5]
  [Round 40] Re-clustered (α=1.0). Changes: {1: (0, 1), 3: (1, 0)}
  [Round 40] Assignments: {'0': 0, '1': 1, '2': 1, '3': 0}
  [Round 40] Cluster 0 val NASA: 100299.85
  [Round 40] Cluster 1 val NASA: 125269.50
  [Round 40] Val NASA per client: [70461.8, 184582.2, 65956.8, 130137.9]
  [Round 41] Val NASA per client: [75523.6, 366172.0, 97755.0, 155801.3]
  [Round 42] Val NASA per client: [106300.3, 308344.8, 57148.0, 98656.5]
  [Round 43] Val NASA per client: [78792.9, 190929.5, 90744.2, 108129.1]
  [Round 44] Val NASA per client: [81134.5, 222754.0, 77627.8, 93675.7]
  [Round 45] Re-clustered (α=1.0). Changes: {1: (1, 0), 3: (0, 1)}
  [Round 45] Assignments: {'0': 0, '1': 0, '2': 1, '3': 1}
  [Round 45] Cluster 0 val NASA: 185366.43
  [Round 45] Cluster 1 val NASA: 84601.49
  [Round 45] Val NASA per client: [120511.9, 250220.9, 53898.7, 115304.2]
  [Round 46] Val NASA per client: [108528.2, 170829.6, 50950.1, 116623.3]
  [Round 47] Val NASA per client: [78263.5, 225673.6, 52803.3, 95862.7]
  [Round 48] Val NASA per client: [85907.5, 199420.0, 71671.7, 81115.9]
  [Round 49] Val NASA per client: [76916.1, 200082.2, 55185.2, 81575.6]
  [Round 50] Val NASA per client: [75699.1, 226813.4, 52503.4, 134360.5]

  [Final] MAE: 22.1178 | NASA: 14414.76
AC-PFL 101: {'method': 'acpfl', 'dataset': 'FD002', 'seed': 101, 'test_mae': 22.1178, 'nasa_score': 14414.76, 'comm_kb': 27650.0}': 8192.76, 'comm_kb': 27650.0}
  [Round 1] Val NASA per client: [38411.0, 159371.7, 237240.9, 18527.5]
  [Round 2] Val NASA per client: [37995.2, 104802.7, 30732.8, 20289.2]
  [Round 3] Val NASA per client: [43743.2, 113621.4, 29609.4, 16790.9]
  [Round 4] Val NASA per client: [40768.7, 137889.2, 33348.7, 19086.8]
  [Round 5] Re-clustered (α=1.0). Changes: {}
  [Round 5] Assignments: {'0': 0, '1': 0, '2': 1, '3': 1}
  [Round 5] Cluster 0 val NASA: 62908.79
  [Round 5] Cluster 1 val NASA: 21922.24
  [Round 5] Val NASA per client: [35670.5, 90147.1, 25065.4, 18779.1]
  [Round 6] Val NASA per client: [44485.5, 98263.4, 24264.7, 22620.3]
  [Round 7] Val NASA per client: [47373.7, 85464.3, 24476.7, 24221.2]
  [Round 8] Val NASA per client: [52447.6, 117092.4, 22109.8, 19532.2]
  [Round 9] Val NASA per client: [46988.8, 92358.8, 25047.6, 17324.8]
  [Round 10] Re-clustered (α=1.0). Changes: {1: (0, 1), 2: (1, 0)}
  [Round 10] Assignments: {'0': 0, '1': 1, '2': 0, '3': 1}
  [Round 10] Cluster 0 val NASA: 39996.32
  [Round 10] Cluster 1 val NASA: 70301.79
  [Round 10] Val NASA per client: [56141.8, 126041.0, 23850.8, 14562.5]
  [Round 11] Val NASA per client: [66498.2, 51245.7, 23810.5, 15083.6]
  [Round 12] Val NASA per client: [75237.2, 48464.0, 30708.8, 16058.6]
  [Round 13] Val NASA per client: [63493.9, 48635.9, 32726.6, 15209.9]
  [Round 14] Val NASA per client: [65491.3, 48393.7, 34021.7, 13869.4]
  [Round 15] Re-clustered (α=1.0). Changes: {1: (1, 0), 2: (0, 1)}
  [Round 15] Assignments: {'0': 0, '1': 0, '2': 1, '3': 1}
  [Round 15] Cluster 0 val NASA: 68623.80
  [Round 15] Cluster 1 val NASA: 22640.81
  [Round 15] Val NASA per client: [85624.2, 51623.4, 30002.1, 15279.5]
  [Round 16] Val NASA per client: [73705.8, 69923.1, 22944.0, 18519.7]
  [Round 17] Val NASA per client: [69488.5, 71850.5, 35230.4, 16587.6]
  [Round 18] Val NASA per client: [73993.3, 94858.4, 21977.4, 16885.9]
  [Round 19] Val NASA per client: [95028.4, 109351.2, 33635.3, 20110.1]
  [Round 20] Re-clustered (α=1.0). Changes: {1: (0, 1), 3: (1, 0)}
  [Round 20] Assignments: {'0': 0, '1': 1, '2': 1, '3': 0}
  [Round 20] Cluster 0 val NASA: 59744.43
  [Round 20] Cluster 1 val NASA: 78233.06
  [Round 20] Val NASA per client: [90202.6, 134174.0, 22292.2, 29286.2]
  [Round 21] Val NASA per client: [77731.8, 95450.6, 28318.1, 26134.0]
  [Round 22] Val NASA per client: [72676.1, 65208.7, 32948.5, 27122.1]
  [Round 23] Val NASA per client: [66292.5, 97459.3, 27775.1, 34260.5]
  [Round 24] Val NASA per client: [81861.9, 165878.7, 26603.2, 76288.4]
  ⚠️ Spectral produced invalid clusters {0: 1, 1: 3}. Falling back to KMeans.
  KMeans fallback result: {0: 2, 1: 2}
  [Round 25] Re-clustered (α=1.0). Changes: {1: (1, 0), 3: (0, 1)}
  [Round 25] Assignments: {'0': 0, '1': 0, '2': 1, '3': 1}
  [Round 25] Cluster 0 val NASA: 194704.13
  [Round 25] Cluster 1 val NASA: 52236.58
  [Round 25] Val NASA per client: [101736.2, 287672.0, 24989.9, 79483.3]
  [Round 26] Val NASA per client: [90044.2, 116406.8, 44776.8, 28016.5]
  [Round 27] Val NASA per client: [83957.1, 152523.4, 26692.8, 14874.8]
  [Round 28] Val NASA per client: [89605.5, 151311.3, 45409.9, 33955.8]
  [Round 29] Val NASA per client: [102565.0, 102208.3, 31791.3, 20287.6]
  [Round 30] Re-clustered (α=1.0). Changes: {1: (0, 1), 2: (1, 0)}
  [Round 30] Assignments: {'0': 0, '1': 1, '2': 0, '3': 1}
  [Round 30] Cluster 0 val NASA: 66674.57
  [Round 30] Cluster 1 val NASA: 82939.21
  [Round 30] Val NASA per client: [104767.5, 141542.1, 28581.7, 24336.3]
  [Round 31] Val NASA per client: [88521.9, 207797.9, 60944.8, 51708.9]
  [Round 32] Val NASA per client: [169180.8, 276070.7, 63699.7, 38233.5]
  [Round 33] Val NASA per client: [128512.4, 331299.0, 46510.4, 31796.6]
  [Round 34] Val NASA per client: [94495.2, 240239.5, 112533.6, 26077.8]
  ⚠️ Spectral produced invalid clusters {0: 1, 1: 3}. Falling back to KMeans.
  KMeans fallback result: {1: 2, 0: 2}
  [Round 35] Re-clustered (α=1.0). Changes: {0: (0, 1), 1: (1, 0)}
  [Round 35] Assignments: {'0': 1, '1': 0, '2': 0, '3': 1}
  [Round 35] Cluster 0 val NASA: 201267.50
  [Round 35] Cluster 1 val NASA: 64306.75
  [Round 35] Val NASA per client: [101821.2, 297751.7, 104783.3, 26792.3]
  [Round 36] Val NASA per client: [42881.3, 141464.2, 104056.0, 30820.7]
  [Round 37] Val NASA per client: [56495.8, 140321.0, 98359.4, 46309.0]
  [Round 38] Val NASA per client: [56177.6, 195846.1, 86229.6, 22259.2]
  [Round 39] Val NASA per client: [88141.8, 120334.8, 156656.4, 28123.4]
  [Round 40] Re-clustered (α=1.0). Changes: {0: (1, 0), 2: (0, 1)}
  [Round 40] Assignments: {'0': 0, '1': 0, '2': 1, '3': 1}
  [Round 40] Cluster 0 val NASA: 151540.15
  [Round 40] Cluster 1 val NASA: 74451.51
  [Round 40] Val NASA per client: [118817.7, 184262.6, 119824.5, 29078.5]
  [Round 41] Val NASA per client: [73924.9, 199464.9, 24114.5, 30246.8]
  [Round 42] Val NASA per client: [84611.8, 179989.0, 24666.6, 24963.9]
  [Round 43] Val NASA per client: [149723.2, 136679.2, 32985.2, 32400.2]
  [Round 44] Val NASA per client: [172102.1, 149471.9, 37844.6, 24850.5]
  [Round 45] Re-clustered (α=1.0). Changes: {1: (0, 1), 3: (1, 0)}
  [Round 45] Assignments: {'0': 0, '1': 1, '2': 1, '3': 0}
  [Round 45] Cluster 0 val NASA: 74432.08
  [Round 45] Cluster 1 val NASA: 91857.57
  [Round 45] Val NASA per client: [118791.2, 150496.0, 33219.1, 30072.9]
  [Round 46] Val NASA per client: [143829.6, 231200.6, 25731.8, 64186.6]
  [Round 47] Val NASA per client: [102728.2, 208576.6, 40585.0, 64933.4]
  [Round 48] Val NASA per client: [96906.6, 206953.4, 29381.9, 48291.0]
  [Round 49] Val NASA per client: [104382.4, 313123.6, 40418.7, 48899.9]
  [Round 50] Val NASA per client: [115173.6, 153635.9, 29654.0, 65002.3]

  [Final] MAE: 19.4171 | NASA: 9262.48
AC-PFL 202: {'method': 'acpfl', 'dataset': 'FD002', 'seed': 202, 'test_mae': 19.4171, 'nasa_score': 9262.48, 'comm_kb': 27650.0}
  [Round 1] Val NASA per client: [26841.0, 57436.7, 28681.2, 28159.9]
  [Round 2] Val NASA per client: [27207.6, 62903.7, 21908.5, 46867.5]
  [Round 3] Val NASA per client: [26672.7, 45425.2, 22444.5, 27708.3]
  [Round 4] Val NASA per client: [18278.3, 35739.4, 21090.1, 47753.6]
  ⚠️ Spectral produced invalid clusters {0: 3, 1: 1}. Falling back to KMeans.
  KMeans fallback result: {1: 3, 0: 1}
  [Round 5] Re-clustered (α=1.0). Changes: {0: (0, 1)}
  [Round 5] Assignments: {'0': 1, '1': 0, '2': 1, '3': 1}
  [Round 5] Cluster 0 val NASA: 36464.36
  [Round 5] Cluster 1 val NASA: 24697.66
  [Round 5] Val NASA per client: [21191.9, 36464.4, 19148.5, 33752.6]
  [Round 6] Val NASA per client: [21262.9, 42222.6, 22935.1, 23351.2]
  [Round 7] Val NASA per client: [18563.1, 56603.3, 18199.7, 21629.1]
  [Round 8] Val NASA per client: [17861.3, 95803.0, 18190.1, 13262.6]
  [Round 9] Val NASA per client: [20945.5, 109482.8, 15501.5, 12916.8]
  [Round 10] Re-clustered (α=1.0). Changes: {0: (1, 0)}
  [Round 10] Assignments: {'0': 0, '1': 0, '2': 1, '3': 1}
  [Round 10] Cluster 0 val NASA: 54895.11
  [Round 10] Cluster 1 val NASA: 15742.17
  [Round 10] Val NASA per client: [16749.8, 93040.4, 17354.0, 14130.4]
  [Round 11] Val NASA per client: [16314.7, 121843.6, 22955.6, 12413.6]
  [Round 12] Val NASA per client: [20843.1, 89108.9, 15769.2, 27169.3]
  [Round 13] Val NASA per client: [17650.1, 108101.4, 27618.1, 27484.6]
  [Round 14] Val NASA per client: [19024.6, 68334.8, 29959.6, 38877.0]
  [Round 15] Re-clustered (α=1.0). Changes: {1: (0, 1), 3: (1, 0)}
  [Round 15] Assignments: {'0': 0, '1': 1, '2': 1, '3': 0}
  [Round 15] Cluster 0 val NASA: 19995.16
  [Round 15] Cluster 1 val NASA: 79053.06
  [Round 15] Val NASA per client: [22164.2, 131085.2, 27020.9, 17826.1]
  [Round 16] Val NASA per client: [31710.3, 20091.6, 24596.9, 25886.7]
  [Round 17] Val NASA per client: [33714.8, 19666.0, 53120.8, 41321.6]
  [Round 18] Val NASA per client: [30646.4, 19834.9, 29585.5, 40343.7]
  [Round 19] Val NASA per client: [76376.8, 24256.6, 30886.1, 57434.1]
  [Round 20] Re-clustered (α=1.0). Changes: {2: (1, 0), 3: (0, 1)}
  [Round 20] Assignments: {'0': 0, '1': 1, '2': 0, '3': 1}
  [Round 20] Cluster 0 val NASA: 36353.33
  [Round 20] Cluster 1 val NASA: 48201.33
  [Round 20] Val NASA per client: [34469.2, 21203.6, 38237.4, 75199.1]
  [Round 21] Val NASA per client: [50099.3, 28777.9, 28982.5, 18001.7]
  [Round 22] Val NASA per client: [84265.3, 26103.9, 30802.2, 14260.9]
  [Round 23] Val NASA per client: [88788.4, 28652.6, 97461.9, 18143.2]
  [Round 24] Val NASA per client: [42471.2, 56939.9, 52701.8, 17001.8]
  ⚠️ Spectral produced invalid clusters {0: 1, 1: 3}. Falling back to KMeans.
  KMeans fallback result: {1: 2, 0: 2}
  [Round 25] Re-clustered (α=1.0). Changes: {0: (0, 1), 3: (1, 0)}
  [Round 25] Assignments: {'0': 1, '1': 1, '2': 0, '3': 0}
  [Round 25] Cluster 0 val NASA: 60350.90
  [Round 25] Cluster 1 val NASA: 58050.91
  [Round 25] Val NASA per client: [63008.6, 53093.2, 103033.4, 17668.5]
  [Round 26] Val NASA per client: [16554.8, 46175.8, 118436.4, 82865.1]
  [Round 27] Val NASA per client: [13137.5, 42053.3, 69490.5, 69756.4]
  [Round 28] Val NASA per client: [19641.9, 73872.7, 73076.6, 58186.5]
  [Round 29] Val NASA per client: [24510.3, 63522.8, 47278.3, 85744.8]
  [Round 30] Re-clustered (α=1.0). Changes: {0: (1, 0), 2: (0, 1)}
  [Round 30] Assignments: {'0': 0, '1': 1, '2': 1, '3': 0}
  [Round 30] Cluster 0 val NASA: 48223.42
  [Round 30] Cluster 1 val NASA: 70724.98
  [Round 30] Val NASA per client: [24746.0, 87908.0, 53541.9, 71700.9]
  [Round 31] Val NASA per client: [68938.8, 52750.1, 36611.7, 83288.1]
  [Round 32] Val NASA per client: [55700.1, 51755.1, 53008.0, 117025.3]
  [Round 33] Val NASA per client: [89071.3, 88001.0, 75556.7, 82824.7]
  [Round 34] Val NASA per client: [185082.8, 141681.1, 62292.4, 99135.0]
  [Round 35] Re-clustered (α=1.0). Changes: {2: (1, 0), 3: (0, 1)}
  [Round 35] Assignments: {'0': 0, '1': 1, '2': 0, '3': 1}
  [Round 35] Cluster 0 val NASA: 50986.37
  [Round 35] Cluster 1 val NASA: 73792.40
  [Round 35] Val NASA per client: [61786.6, 69551.2, 40186.2, 78033.6]
  [Round 36] Val NASA per client: [72247.5, 114979.2, 51203.6, 24564.9]
  [Round 37] Val NASA per client: [109845.7, 71576.4, 63087.0, 29223.3]
  [Round 38] Val NASA per client: [89465.4, 80668.2, 43112.6, 25441.9]
  [Round 39] Val NASA per client: [136467.4, 87602.6, 38284.5, 33847.2]
  [Round 40] Re-clustered (α=1.0). Changes: {1: (1, 0), 2: (0, 1)}
  [Round 40] Assignments: {'0': 0, '1': 0, '2': 1, '3': 1}
  [Round 40] Cluster 0 val NASA: 106465.42
  [Round 40] Cluster 1 val NASA: 44740.43
  [Round 40] Val NASA per client: [96963.8, 115967.0, 62175.4, 27305.5]
  [Round 41] Val NASA per client: [122354.9, 61834.8, 55515.8, 29017.0]
  [Round 42] Val NASA per client: [66112.5, 58446.6, 49708.8, 33660.2]
  [Round 43] Val NASA per client: [66812.6, 50752.1, 61003.7, 25430.4]
  [Round 44] Val NASA per client: [121025.7, 47823.7, 67376.7, 32814.7]
  [Round 45] Re-clustered (α=1.0). Changes: {1: (0, 1), 3: (1, 0)}
  [Round 45] Assignments: {'0': 0, '1': 1, '2': 1, '3': 0}
  [Round 45] Cluster 0 val NASA: 51098.20
  [Round 45] Cluster 1 val NASA: 56756.79
  [Round 45] Val NASA per client: [74974.0, 47902.4, 65611.2, 27222.4]
  [Round 46] Val NASA per client: [93163.4, 117693.3, 71831.2, 74643.5]
  [Round 47] Val NASA per client: [116157.3, 124133.0, 61838.7, 73652.0]
  [Round 48] Val NASA per client: [131378.2, 117307.5, 73259.5, 66193.2]
  [Round 49] Val NASA per client: [150527.8, 150577.9, 77116.2, 59354.9]
  [Round 50] Val NASA per client: [64628.1, 96319.0, 70431.9, 75820.5]

  [Final] MAE: 19.4242 | NASA: 4308.54
AC-PFL 303: {'method': 'acpfl', 'dataset': 'FD002', 'seed': 303, 'test_mae': 19.4242, 'nasa_score': 4308.54, 'comm_kb': 27650.0}
  [Round 1] Val NASA per client: [52301.6, 44132.7, 34153.2, 78171.6]
  [Round 2] Val NASA per client: [29840.5, 37256.5, 36762.0, 79288.8]
  [Round 3] Val NASA per client: [26085.9, 42723.1, 27724.3, 73717.6]
  [Round 4] Val NASA per client: [27661.7, 34824.8, 30700.7, 90171.8]
  ⚠️ Spectral produced invalid clusters {0: 3, 1: 1}. Falling back to KMeans.
  KMeans fallback result: {1: 3, 0: 1}
  [Round 5] Re-clustered (α=1.0). Changes: {0: (0, 1), 1: (0, 1), 2: (1, 0)}
  [Round 5] Assignments: {'0': 1, '1': 1, '2': 0, '3': 1}
  [Round 5] Cluster 0 val NASA: 26683.88
  [Round 5] Cluster 1 val NASA: 47207.79
  [Round 5] Val NASA per client: [30396.4, 39428.4, 26683.9, 71798.6]
  [Round 6] Val NASA per client: [28702.7, 36200.0, 16809.7, 99970.1]
  [Round 7] Val NASA per client: [28621.7, 48912.0, 20558.6, 68578.7]
  [Round 8] Val NASA per client: [36733.4, 51136.2, 18724.3, 139274.2]
  [Round 9] Val NASA per client: [23532.8, 46005.7, 35577.2, 79651.2]
  ⚠️ Spectral produced invalid clusters {0: 1, 1: 3}. Falling back to KMeans.
  KMeans fallback result: {1: 1, 0: 3}
  [Round 10] Re-clustered (α=1.0). Changes: {1: (1, 0), 3: (1, 0)}
  [Round 10] Assignments: {'0': 1, '1': 0, '2': 0, '3': 0}
  [Round 10] Cluster 0 val NASA: 44337.13
  [Round 10] Cluster 1 val NASA: 50789.94
  [Round 10] Val NASA per client: [50789.9, 32311.9, 21974.6, 78724.9]
  [Round 11] Val NASA per client: [49008.8, 41364.2, 45751.4, 42084.9]
  [Round 12] Val NASA per client: [35324.1, 20227.5, 24618.6, 37147.5]
  [Round 13] Val NASA per client: [31793.7, 22246.5, 35797.8, 52046.3]
  [Round 14] Val NASA per client: [30252.2, 19379.9, 26930.0, 42934.8]
  [Round 15] Re-clustered (α=1.0). Changes: {0: (1, 0), 2: (0, 1), 3: (0, 1)}
  [Round 15] Assignments: {'0': 0, '1': 0, '2': 1, '3': 1}
  [Round 15] Cluster 0 val NASA: 30410.10
  [Round 15] Cluster 1 val NASA: 36584.76
  [Round 15] Val NASA per client: [24361.7, 36458.5, 38429.3, 34740.2]
  [Round 16] Val NASA per client: [20843.6, 42029.6, 31076.8, 55930.9]
  [Round 17] Val NASA per client: [26851.0, 21662.8, 26462.4, 44342.2]
  [Round 18] Val NASA per client: [21981.5, 24949.3, 25079.1, 49130.6]
  [Round 19] Val NASA per client: [16291.2, 21661.3, 29079.5, 56181.2]
  [Round 20] Re-clustered (α=1.0). Changes: {1: (0, 1), 2: (1, 0)}
  [Round 20] Assignments: {'0': 0, '1': 1, '2': 0, '3': 1}
  [Round 20] Cluster 0 val NASA: 24294.87
  [Round 20] Cluster 1 val NASA: 40587.81
  [Round 20] Val NASA per client: [22142.9, 25634.4, 26446.8, 55541.2]
  [Round 21] Val NASA per client: [19117.2, 50180.1, 24921.4, 116012.3]
  [Round 22] Val NASA per client: [26745.2, 82188.2, 40346.2, 58733.4]
  [Round 23] Val NASA per client: [45060.4, 34607.4, 32460.4, 84890.1]
  [Round 24] Val NASA per client: [27255.6, 39400.8, 21399.0, 140865.3]
  ⚠️ Spectral produced invalid clusters {0: 3, 1: 1}. Falling back to KMeans.
  KMeans fallback result: {1: 2, 0: 2}
  [Round 25] Re-clustered (α=1.0). Changes: {0: (0, 1), 3: (1, 0)}
  [Round 25] Assignments: {'0': 1, '1': 1, '2': 0, '3': 0}
  [Round 25] Cluster 0 val NASA: 43892.93
  [Round 25] Cluster 1 val NASA: 45311.05
  [Round 25] Val NASA per client: [33751.2, 56870.9, 24186.4, 63599.4]
  [Round 26] Val NASA per client: [22894.6, 47793.8, 44835.3, 35412.8]
  [Round 27] Val NASA per client: [34245.0, 57985.0, 47727.6, 60593.1]
  [Round 28] Val NASA per client: [35585.9, 43619.8, 27978.7, 51306.5]
  [Round 29] Val NASA per client: [41776.8, 79935.4, 40611.4, 47391.9]
  ⚠️ Spectral produced invalid clusters {0: 1, 1: 3}. Falling back to KMeans.
  KMeans fallback result: {1: 2, 0: 2}
  [Round 30] Re-clustered (α=1.0). Changes: {1: (1, 0), 3: (0, 1)}
  [Round 30] Assignments: {'0': 1, '1': 0, '2': 0, '3': 1}
  [Round 30] Cluster 0 val NASA: 43227.19
  [Round 30] Cluster 1 val NASA: 44977.40
  [Round 30] Val NASA per client: [24413.3, 49658.1, 36796.3, 65541.5]
  [Round 31] Val NASA per client: [35343.6, 21718.1, 41063.5, 83270.2]
  [Round 32] Val NASA per client: [51351.7, 36479.5, 50748.0, 86237.1]
  [Round 33] Val NASA per client: [43473.5, 24206.8, 39210.6, 101453.3]
  [Round 34] Val NASA per client: [82532.9, 43074.3, 66225.0, 112778.8]
  [Round 35] Re-clustered (α=1.0). Changes: {0: (1, 0), 1: (0, 1)}
  [Round 35] Assignments: {'0': 0, '1': 1, '2': 0, '3': 1}
  [Round 35] Cluster 0 val NASA: 47433.96
  [Round 35] Cluster 1 val NASA: 256053.18
  [Round 35] Val NASA per client: [44476.6, 29550.8, 50391.4, 482555.5]
  [Round 36] Val NASA per client: [25404.6, 40350.9, 43599.6, 190283.1]
  [Round 37] Val NASA per client: [23093.7, 56648.9, 121099.4, 245036.2]
  [Round 38] Val NASA per client: [30265.7, 124295.3, 30352.8, 83685.5]
  [Round 39] Val NASA per client: [28752.6, 48672.0, 57292.1, 325005.7]
  [Round 40] Re-clustered (α=1.0). Changes: {0: (0, 1), 3: (1, 0)}
  [Round 40] Assignments: {'0': 1, '1': 1, '2': 0, '3': 0}
  [Round 40] Cluster 0 val NASA: 92370.07
  [Round 40] Cluster 1 val NASA: 56098.24
  [Round 40] Val NASA per client: [39879.4, 72317.1, 60852.6, 123887.5]
  [Round 41] Val NASA per client: [57190.0, 90356.9, 59378.3, 49445.0]
  [Round 42] Val NASA per client: [42999.8, 55481.6, 57939.1, 81680.4]
  [Round 43] Val NASA per client: [46134.2, 102669.4, 60003.1, 77494.3]
  [Round 44] Val NASA per client: [60963.1, 95358.0, 46614.7, 82949.4]
  [Round 45] Re-clustered (α=1.0). Changes: {0: (1, 0), 3: (0, 1)}
  [Round 45] Assignments: {'0': 0, '1': 1, '2': 0, '3': 1}
  [Round 45] Cluster 0 val NASA: 80801.73
  [Round 45] Cluster 1 val NASA: 112845.49
  [Round 45] Val NASA per client: [78517.1, 145107.3, 83086.4, 80583.7]
  [Round 46] Val NASA per client: [43305.5, 90203.3, 50478.7, 106572.5]
  [Round 47] Val NASA per client: [24982.9, 143413.7, 56721.0, 130948.3]
  [Round 48] Val NASA per client: [20932.6, 88072.6, 75289.6, 71506.0]
  [Round 49] Val NASA per client: [29828.3, 63490.0, 61462.9, 78300.7]
  [Round 50] Val NASA per client: [35556.8, 69873.3, 94392.3, 120608.2]

  [Final] MAE: 19.2557 | NASA: 8565.17
AC-PFL 404: {'method': 'acpfl', 'dataset': 'FD002', 'seed': 404, 'test_mae': 19.2557, 'nasa_score': 8565.17, 'comm_kb': 27650.0}
  [Round 1] Val NASA per client: [23511.4, 20840.7, 49316.3, 48255.6]
  [Round 2] Val NASA per client: [32793.3, 22376.2, 32862.3, 24461.7]
  [Round 3] Val NASA per client: [19785.7, 25666.9, 59406.2, 61356.8]
  [Round 4] Val NASA per client: [31745.3, 21060.5, 52770.5, 24022.9]
  [Round 5] Re-clustered (α=1.0). Changes: {1: (0, 1), 2: (1, 0)}
  [Round 5] Assignments: {'0': 0, '1': 1, '2': 0, '3': 1}
  [Round 5] Cluster 0 val NASA: 44628.04
  [Round 5] Cluster 1 val NASA: 25427.85
  [Round 5] Val NASA per client: [31048.7, 17700.2, 58207.4, 33155.5]
  [Round 6] Val NASA per client: [15096.7, 22512.4, 30053.5, 29510.4]
  [Round 7] Val NASA per client: [16019.5, 19526.3, 26856.3, 34224.9]
  [Round 8] Val NASA per client: [15098.0, 18134.9, 22750.2, 34504.0]
  [Round 9] Val NASA per client: [15141.3, 32009.4, 28400.7, 35954.7]
  ⚠️ Spectral produced invalid clusters {1: 3, 0: 1}. Falling back to KMeans.
  KMeans fallback result: {1: 2, 0: 2}
  [Round 10] Re-clustered (α=1.0). Changes: {0: (0, 1), 3: (1, 0)}
  [Round 10] Assignments: {'0': 1, '1': 1, '2': 0, '3': 0}
  [Round 10] Cluster 0 val NASA: 39124.46
  [Round 10] Cluster 1 val NASA: 18555.63
  [Round 10] Val NASA per client: [15449.2, 21662.1, 28281.9, 49967.0]
  [Round 11] Val NASA per client: [16398.9, 20085.5, 33512.4, 18166.7]
  [Round 12] Val NASA per client: [12608.8, 21500.9, 27911.5, 15116.0]
  [Round 13] Val NASA per client: [12127.2, 21462.3, 31083.8, 42427.2]
  [Round 14] Val NASA per client: [23011.8, 47095.0, 27253.1, 21143.9]
  [Round 15] Re-clustered (α=1.0). Changes: {0: (1, 0), 2: (0, 1)}
  [Round 15] Assignments: {'0': 0, '1': 1, '2': 1, '3': 0}
  [Round 15] Cluster 0 val NASA: 26939.31
  [Round 15] Cluster 1 val NASA: 30597.45
  [Round 15] Val NASA per client: [14956.1, 34483.8, 26711.1, 38922.5]
  [Round 16] Val NASA per client: [9648.8, 26989.2, 32613.2, 30629.0]
  [Round 17] Val NASA per client: [26768.3, 62722.8, 31442.6, 21955.7]
  [Round 18] Val NASA per client: [13877.2, 32445.6, 30493.5, 36230.9]
  [Round 19] Val NASA per client: [31686.3, 29203.6, 29651.0, 38258.6]
  [Round 20] Re-clustered (α=1.0). Changes: {1: (1, 0), 3: (0, 1)}
  [Round 20] Assignments: {'0': 0, '1': 0, '2': 1, '3': 1}
  [Round 20] Cluster 0 val NASA: 25750.74
  [Round 20] Cluster 1 val NASA: 37455.64
  [Round 20] Val NASA per client: [19611.6, 31889.9, 45411.2, 29500.0]
  [Round 21] Val NASA per client: [21828.3, 18502.3, 36484.5, 30291.6]
  [Round 22] Val NASA per client: [22199.5, 23793.4, 46557.3, 21157.0]
  [Round 23] Val NASA per client: [41592.5, 18641.4, 56150.5, 78841.2]
  [Round 24] Val NASA per client: [34725.8, 24104.5, 107331.5, 23989.4]
  [Round 25] Re-clustered (α=1.0). Changes: {1: (0, 1), 3: (1, 0)}
  [Round 25] Assignments: {'0': 0, '1': 1, '2': 1, '3': 0}
  [Round 25] Cluster 0 val NASA: 36533.95
  [Round 25] Cluster 1 val NASA: 35812.76
  [Round 25] Val NASA per client: [44852.2, 26426.2, 45199.3, 28215.7]
  [Round 26] Val NASA per client: [41413.8, 34505.8, 54035.6, 24902.8]
  [Round 27] Val NASA per client: [51613.5, 59406.9, 89259.5, 27979.1]
  [Round 28] Val NASA per client: [53118.3, 53477.3, 66256.9, 48940.3]
  [Round 29] Val NASA per client: [35235.1, 41794.9, 52252.1, 23957.5]
  ⚠️ Spectral produced invalid clusters {0: 3, 1: 1}. Falling back to KMeans.
  KMeans fallback result: {0: 2, 1: 2}
  [Round 30] Re-clustered (α=1.0). Changes: {2: (1, 0), 3: (0, 1)}
  [Round 30] Assignments: {'0': 0, '1': 1, '2': 0, '3': 1}
  [Round 30] Cluster 0 val NASA: 40678.78
  [Round 30] Cluster 1 val NASA: 58526.38
  [Round 30] Val NASA per client: [37658.6, 75965.3, 43699.0, 41087.5]
  [Round 31] Val NASA per client: [40080.7, 67087.7, 48573.3, 27007.4]
  [Round 32] Val NASA per client: [62010.5, 42302.2, 57204.1, 40483.5]
  [Round 33] Val NASA per client: [26409.7, 73945.2, 66834.4, 43410.9]
  [Round 34] Val NASA per client: [37557.6, 60961.5, 64999.6, 33622.7]
  [Round 35] Re-clustered (α=1.0). Changes: {2: (0, 1), 3: (1, 0)}
  [Round 35] Assignments: {'0': 0, '1': 1, '2': 1, '3': 0}
  [Round 35] Cluster 0 val NASA: 42322.41
  [Round 35] Cluster 1 val NASA: 115108.95
  [Round 35] Val NASA per client: [48380.2, 59377.2, 170840.7, 36264.6]
  [Round 36] Val NASA per client: [79907.9, 79128.4, 66192.0, 44332.9]
  [Round 37] Val NASA per client: [46885.8, 57793.9, 51070.0, 68053.4]
  [Round 38] Val NASA per client: [70396.0, 64429.5, 73069.3, 47180.9]
  [Round 39] Val NASA per client: [36319.9, 65659.9, 58723.8, 59765.5]
  [Round 40] Re-clustered (α=1.0). Changes: {1: (1, 0), 3: (0, 1)}
  [Round 40] Assignments: {'0': 0, '1': 0, '2': 1, '3': 1}
  [Round 40] Cluster 0 val NASA: 70264.42
  [Round 40] Cluster 1 val NASA: 59707.75
  [Round 40] Val NASA per client: [83079.3, 57449.5, 67232.1, 52183.4]
  [Round 41] Val NASA per client: [60761.9, 22461.2, 69029.3, 45554.9]
  [Round 42] Val NASA per client: [86915.0, 27234.3, 54349.3, 47946.9]
  [Round 43] Val NASA per client: [50349.8, 34864.9, 80574.0, 44964.4]
  [Round 44] Val NASA per client: [38400.2, 51277.0, 78444.8, 40821.9]
  [Round 45] Re-clustered (α=1.0). Changes: {1: (0, 1), 2: (1, 0)}
  [Round 45] Assignments: {'0': 0, '1': 1, '2': 0, '3': 1}
  [Round 45] Cluster 0 val NASA: 80098.05
  [Round 45] Cluster 1 val NASA: 59524.30
  [Round 45] Val NASA per client: [91083.2, 51480.2, 69112.9, 67568.4]
  [Round 46] Val NASA per client: [33121.1, 76821.1, 46496.6, 42036.8]
  [Round 47] Val NASA per client: [56069.7, 53113.9, 70135.6, 45146.1]
  [Round 48] Val NASA per client: [62923.2, 57977.5, 62508.1, 44654.4]
  [Round 49] Val NASA per client: [87830.6, 59920.2, 72266.5, 91987.5]
  [Round 50] Val NASA per client: [80107.0, 59483.5, 65749.4, 67253.1]

  [Final] MAE: 18.8358 | NASA: 4733.40
AC-PFL 505: {'method': 'acpfl', 'dataset': 'FD002', 'seed': 505, 'test_mae': 18.8358, 'nasa_score': 4733.4, 'comm_kb': 27650.0}
  [Round 1] Val NASA per client: [106132.7, 33905.4, 60618.7, 47020.3]
  [Round 2] Val NASA per client: [56353.8, 50466.6, 90555.9, 65033.8]
  [Round 3] Val NASA per client: [58590.7, 39929.0, 53753.3, 43865.4]
  [Round 4] Val NASA per client: [51420.2, 36263.5, 53254.8, 61708.1]
  [Round 5] Re-clustered (α=1.0). Changes: {}
  [Round 5] Assignments: {'0': 0, '1': 0, '2': 1, '3': 1}
  [Round 5] Cluster 0 val NASA: 55826.39
  [Round 5] Cluster 1 val NASA: 46956.09
  [Round 5] Val NASA per client: [68473.6, 43179.2, 50945.8, 42966.4]
  [Round 6] Val NASA per client: [48413.4, 48151.1, 64402.2, 51482.4]
  [Round 7] Val NASA per client: [53307.6, 48089.0, 96293.0, 43092.3]
  [Round 8] Val NASA per client: [58630.7, 44862.8, 46671.4, 50446.8]
  [Round 9] Val NASA per client: [67104.3, 48126.8, 50528.2, 56258.1]
  [Round 10] Re-clustered (α=1.0). Changes: {1: (0, 1), 3: (1, 0)}
  [Round 10] Assignments: {'0': 0, '1': 1, '2': 1, '3': 0}
  [Round 10] Cluster 0 val NASA: 79702.80
  [Round 10] Cluster 1 val NASA: 57455.66
  [Round 10] Val NASA per client: [85312.5, 52925.9, 61985.4, 74093.1]
  [Round 11] Val NASA per client: [156337.6, 28925.1, 65958.2, 34245.5]
  [Round 12] Val NASA per client: [110060.0, 40959.0, 54233.8, 88250.3]
  [Round 13] Val NASA per client: [114933.1, 47822.9, 99171.5, 68615.3]
  [Round 14] Val NASA per client: [224767.4, 34386.7, 134689.7, 66627.5]
  ⚠️ Spectral produced invalid clusters {0: 3, 1: 1}. Falling back to KMeans.
  KMeans fallback result: {0: 2, 1: 2}
  [Round 15] Re-clustered (α=1.0). Changes: {2: (1, 0), 3: (0, 1)}
  [Round 15] Assignments: {'0': 0, '1': 1, '2': 0, '3': 1}
  [Round 15] Cluster 0 val NASA: 137679.33
  [Round 15] Cluster 1 val NASA: 74697.16
  [Round 15] Val NASA per client: [221089.8, 53025.6, 54268.8, 96368.7]
  [Round 16] Val NASA per client: [180520.7, 51344.5, 122685.4, 67255.9]
  [Round 17] Val NASA per client: [238855.7, 43242.7, 87586.1, 55757.1]
  [Round 18] Val NASA per client: [240485.2, 64568.3, 85009.5, 84443.0]
  [Round 19] Val NASA per client: [306346.6, 51601.5, 78080.9, 64825.5]
  ⚠️ Spectral produced invalid clusters {0: 3, 1: 1}. Falling back to KMeans.
  KMeans fallback result: {1: 2, 0: 2}
  [Round 20] Re-clustered (α=1.0). Changes: {0: (0, 1), 1: (1, 0)}
  [Round 20] Assignments: {'0': 1, '1': 0, '2': 0, '3': 1}
  [Round 20] Cluster 0 val NASA: 82548.52
  [Round 20] Cluster 1 val NASA: 190584.45
  [Round 20] Val NASA per client: [296765.7, 64099.9, 100997.1, 84403.2]
  [Round 21] Val NASA per client: [68731.5, 51794.2, 81477.4, 87707.6]
  [Round 22] Val NASA per client: [73851.8, 57976.9, 174160.7, 86231.6]
  [Round 23] Val NASA per client: [54307.6, 63577.8, 257620.8, 69835.1]
  [Round 24] Val NASA per client: [86340.2, 60325.8, 105063.2, 97221.1]
  [Round 25] Re-clustered (α=1.0). Changes: {0: (1, 0), 2: (0, 1)}
  [Round 25] Assignments: {'0': 0, '1': 0, '2': 1, '3': 1}
  [Round 25] Cluster 0 val NASA: 70794.08
  [Round 25] Cluster 1 val NASA: 113582.03
  [Round 25] Val NASA per client: [90469.0, 51119.1, 169726.4, 57437.6]
  [Round 26] Val NASA per client: [113436.6, 46322.3, 63973.0, 102211.3]
  [Round 27] Val NASA per client: [260503.7, 53337.1, 73420.9, 80140.4]
  [Round 28] Val NASA per client: [152713.2, 42240.1, 80950.9, 57754.0]
  [Round 29] Val NASA per client: [270099.2, 46851.1, 90836.8, 90752.9]
  ⚠️ Spectral produced invalid clusters {1: 1, 0: 3}. Falling back to KMeans.
  KMeans fallback result: {0: 2, 1: 2}
  [Round 30] Re-clustered (α=1.0). Changes: {1: (0, 1), 2: (1, 0)}
  [Round 30] Assignments: {'0': 0, '1': 1, '2': 0, '3': 1}
  [Round 30] Cluster 0 val NASA: 166547.48
  [Round 30] Cluster 1 val NASA: 48371.27
  [Round 30] Val NASA per client: [235427.8, 37892.9, 97667.2, 58849.6]
  [Round 31] Val NASA per client: [261431.7, 53573.3, 173820.1, 78215.7]
  [Round 32] Val NASA per client: [248247.1, 111724.9, 63012.2, 65494.7]
  [Round 33] Val NASA per client: [330636.7, 47399.1, 191058.3, 81456.2]
  [Round 34] Val NASA per client: [206454.2, 54015.9, 176111.3, 63350.0]
  [Round 35] Re-clustered (α=1.0). Changes: {2: (0, 1), 3: (1, 0)}
  [Round 35] Assignments: {'0': 0, '1': 1, '2': 1, '3': 0}
  [Round 35] Cluster 0 val NASA: 195643.64
  [Round 35] Cluster 1 val NASA: 131445.15
  [Round 35] Val NASA per client: [280103.3, 81049.5, 181840.8, 111184.0]
  [Round 36] Val NASA per client: [232823.3, 68055.6, 116558.1, 71891.3]
  [Round 37] Val NASA per client: [160746.6, 57412.9, 168605.9, 94262.0]
  [Round 38] Val NASA per client: [171577.3, 76056.0, 341755.6, 56446.5]
  [Round 39] Val NASA per client: [263151.2, 73646.4, 147967.6, 80052.6]
  [Round 40] Re-clustered (α=1.0). Changes: {0: (0, 1), 1: (1, 0)}
  [Round 40] Assignments: {'0': 1, '1': 0, '2': 1, '3': 0}
  [Round 40] Cluster 0 val NASA: 103518.61
  [Round 40] Cluster 1 val NASA: 195530.95
  [Round 40] Val NASA per client: [211993.6, 59213.1, 179068.3, 147824.1]
  [Round 41] Val NASA per client: [60225.3, 34424.3, 410609.8, 73815.3]
  [Round 42] Val NASA per client: [70687.2, 96723.2, 161028.5, 67315.3]
  [Round 43] Val NASA per client: [69946.5, 39378.3, 82139.7, 79213.4]
  [Round 44] Val NASA per client: [123279.6, 35606.4, 395384.6, 66253.5]
  ⚠️ Spectral produced invalid clusters {0: 1, 1: 3}. Falling back to KMeans.
  KMeans fallback result: {1: 2, 0: 2}
  [Round 45] Re-clustered (α=1.0). Changes: {2: (1, 0), 3: (0, 1)}
  [Round 45] Assignments: {'0': 1, '1': 0, '2': 0, '3': 1}
  [Round 45] Cluster 0 val NASA: 101993.25
  [Round 45] Cluster 1 val NASA: 73203.77
  [Round 45] Val NASA per client: [73049.9, 62818.7, 141167.8, 73357.7]
  [Round 46] Val NASA per client: [119263.1, 43810.5, 238483.4, 83324.6]
  [Round 47] Val NASA per client: [113544.5, 48363.2, 183541.9, 90753.7]
  [Round 48] Val NASA per client: [124657.9, 49111.3, 195094.4, 104224.3]
  [Round 49] Val NASA per client: [85927.6, 76882.2, 268674.2, 83190.1]
  [Round 50] Val NASA per client: [110368.0, 31422.1, 192264.1, 66856.5]

  [Final] MAE: 20.2211 | NASA: 13328.28
AC-PFL 606: {'method': 'acpfl', 'dataset': 'FD002', 'seed': 606, 'test_mae': 20.2211, 'nasa_score': 13328.28, 'comm_kb': 27650.0}
  [Round 1] Val NASA per client: [34972.0, 118832.4, 56263.0, 234958.4]
  [Round 2] Val NASA per client: [63353.2, 60631.5, 53262.1, 60843.9]
  [Round 3] Val NASA per client: [55423.8, 37432.0, 40534.1, 109912.8]
  [Round 4] Val NASA per client: [29540.5, 35557.3, 43895.3, 46226.5]
  [Round 5] Re-clustered (α=1.0). Changes: {}
  [Round 5] Assignments: {'0': 0, '1': 0, '2': 1, '3': 1}
  [Round 5] Cluster 0 val NASA: 40806.43
  [Round 5] Cluster 1 val NASA: 38623.88
  [Round 5] Val NASA per client: [46938.7, 34674.2, 41298.5, 35949.3]
  [Round 6] Val NASA per client: [59987.2, 38520.6, 49598.8, 45863.3]
  [Round 7] Val NASA per client: [45294.5, 35534.2, 75911.4, 32345.5]
  [Round 8] Val NASA per client: [53286.1, 33330.7, 51186.5, 43996.7]
  [Round 9] Val NASA per client: [78827.2, 53311.7, 69774.7, 43541.3]
  [Round 10] Re-clustered (α=1.0). Changes: {1: (0, 1), 3: (1, 0)}
  [Round 10] Assignments: {'0': 0, '1': 1, '2': 1, '3': 0}
  [Round 10] Cluster 0 val NASA: 41535.62
  [Round 10] Cluster 1 val NASA: 63655.79
  [Round 10] Val NASA per client: [43092.4, 58804.1, 68507.5, 39978.8]
  [Round 11] Val NASA per client: [67766.6, 29187.3, 59333.4, 47803.8]
  [Round 12] Val NASA per client: [51938.9, 19421.6, 94954.1, 29586.0]
  [Round 13] Val NASA per client: [56773.6, 20122.5, 56393.5, 39334.8]
  [Round 14] Val NASA per client: [63457.4, 20968.4, 68276.4, 58393.6]
  [Round 15] Re-clustered (α=1.0). Changes: {1: (1, 0), 3: (0, 1)}
  [Round 15] Assignments: {'0': 0, '1': 0, '2': 1, '3': 1}
  [Round 15] Cluster 0 val NASA: 40876.29
  [Round 15] Cluster 1 val NASA: 48124.32
  [Round 15] Val NASA per client: [57125.5, 24627.0, 59643.9, 36604.8]
  [Round 16] Val NASA per client: [50821.9, 38473.6, 58560.8, 41182.3]
  [Round 17] Val NASA per client: [56693.4, 52948.7, 79732.0, 37549.3]
  [Round 18] Val NASA per client: [50898.5, 43902.8, 83827.0, 42450.2]
  [Round 19] Val NASA per client: [81540.6, 62978.9, 45811.6, 35900.7]
  [Round 20] Re-clustered (α=1.0). Changes: {1: (0, 1), 3: (1, 0)}
  [Round 20] Assignments: {'0': 0, '1': 1, '2': 1, '3': 0}
  [Round 20] Cluster 0 val NASA: 56557.68
  [Round 20] Cluster 1 val NASA: 53846.41
  [Round 20] Val NASA per client: [74169.4, 56043.3, 51649.5, 38946.0]
  [Round 21] Val NASA per client: [71474.1, 20675.8, 52583.6, 51782.5]
  [Round 22] Val NASA per client: [68541.3, 29108.3, 64338.9, 43891.4]
  [Round 23] Val NASA per client: [67089.6, 26870.4, 71851.1, 45595.4]
  [Round 24] Val NASA per client: [71054.3, 25071.6, 61781.1, 47896.5]
  [Round 25] Re-clustered (α=1.0). Changes: {1: (1, 0), 3: (0, 1)}
  [Round 25] Assignments: {'0': 0, '1': 0, '2': 1, '3': 1}
  [Round 25] Cluster 0 val NASA: 63526.21
  [Round 25] Cluster 1 val NASA: 69380.49
  [Round 25] Val NASA per client: [77030.9, 50021.6, 85013.6, 53747.4]
  [Round 26] Val NASA per client: [154851.3, 55045.1, 67469.9, 43792.3]
  [Round 27] Val NASA per client: [72996.7, 54079.5, 59930.2, 71095.1]
  [Round 28] Val NASA per client: [76606.1, 91499.5, 54514.0, 62845.7]
  [Round 29] Val NASA per client: [112983.7, 96683.0, 60109.2, 61700.0]
  ⚠️ Spectral produced invalid clusters {0: 3, 1: 1}. Falling back to KMeans.
  KMeans fallback result: {1: 2, 0: 2}
  [Round 30] Re-clustered (α=1.0). Changes: {0: (0, 1), 2: (1, 0)}
  [Round 30] Assignments: {'0': 1, '1': 0, '2': 0, '3': 1}
  [Round 30] Cluster 0 val NASA: 69512.71
  [Round 30] Cluster 1 val NASA: 59762.49
  [Round 30] Val NASA per client: [68942.2, 76765.8, 62259.6, 50582.8]
  [Round 31] Val NASA per client: [32758.1, 135748.9, 68376.9, 51020.8]
  [Round 32] Val NASA per client: [37776.4, 92835.6, 62539.0, 45290.8]
  [Round 33] Val NASA per client: [38779.4, 112732.6, 83014.2, 40069.1]
  [Round 34] Val NASA per client: [50274.2, 115589.4, 84988.0, 46381.4]
  [Round 35] Re-clustered (α=1.0). Changes: {0: (1, 0), 2: (0, 1)}
  [Round 35] Assignments: {'0': 0, '1': 0, '2': 1, '3': 1}
  [Round 35] Cluster 0 val NASA: 98532.92
  [Round 35] Cluster 1 val NASA: 76204.38
  [Round 35] Val NASA per client: [62721.7, 134344.2, 97754.6, 54654.2]
  [Round 36] Val NASA per client: [73304.3, 108726.5, 67119.4, 62212.8]
  [Round 37] Val NASA per client: [100494.1, 138977.9, 123982.6, 44898.2]
  [Round 38] Val NASA per client: [83732.5, 121657.5, 58751.8, 46439.4]
  [Round 39] Val NASA per client: [94042.9, 214659.8, 61631.4, 47322.5]
  [Round 40] Re-clustered (α=1.0). Changes: {1: (0, 1), 3: (1, 0)}
  [Round 40] Assignments: {'0': 0, '1': 1, '2': 1, '3': 0}
  [Round 40] Cluster 0 val NASA: 79483.39
  [Round 40] Cluster 1 val NASA: 98205.06
  [Round 40] Val NASA per client: [115123.4, 120448.5, 75961.6, 43843.4]
  [Round 41] Val NASA per client: [93293.8, 16255.7, 63708.9, 49676.9]
  [Round 42] Val NASA per client: [93245.3, 21226.7, 59091.4, 46873.9]
  [Round 43] Val NASA per client: [99725.4, 35065.7, 62327.2, 47278.9]
  [Round 44] Val NASA per client: [204511.2, 27044.2, 70128.6, 65311.6]
  [Round 45] Re-clustered (α=1.0). Changes: {0: (0, 1), 1: (1, 0)}
  [Round 45] Assignments: {'0': 1, '1': 0, '2': 1, '3': 0}
  [Round 45] Cluster 0 val NASA: 51659.75
  [Round 45] Cluster 1 val NASA: 93420.85
  [Round 45] Val NASA per client: [91171.0, 42126.1, 95670.7, 61193.4]
  [Round 46] Val NASA per client: [46004.5, 211169.1, 82286.1, 58686.4]
  [Round 47] Val NASA per client: [38935.3, 103335.9, 65189.6, 53987.2]
  [Round 48] Val NASA per client: [38735.5, 74175.1, 84266.2, 56300.6]
  [Round 49] Val NASA per client: [39164.5, 144269.9, 117137.3, 83120.2]
  [Round 50] Val NASA per client: [37592.8, 156810.3, 169451.6, 61348.8]

  [Final] MAE: 19.0418 | NASA: 7391.86
AC-PFL 707: {'method': 'acpfl', 'dataset': 'FD002', 'seed': 707, 'test_mae': 19.0418, 'nasa_score': 7391.86, 'comm_kb': 27650.0}
  [Round 1] Val NASA per client: [55264.4, 29822.9, 76969.3, 69416.6]
  [Round 2] Val NASA per client: [34218.2, 32544.6, 124880.1, 36181.8]
  [Round 3] Val NASA per client: [33984.9, 29823.7, 61878.0, 29335.2]
  [Round 4] Val NASA per client: [34033.3, 41625.3, 82831.2, 40421.0]
  ⚠️ Spectral produced invalid clusters {0: 1, 1: 3}. Falling back to KMeans.
  KMeans fallback result: {1: 1, 0: 3}
  [Round 5] Re-clustered (α=1.0). Changes: {0: (0, 1), 2: (1, 0), 3: (1, 0)}
  [Round 5] Assignments: {'0': 1, '1': 0, '2': 0, '3': 0}
  [Round 5] Cluster 0 val NASA: 49933.16
  [Round 5] Cluster 1 val NASA: 40813.41
  [Round 5] Val NASA per client: [40813.4, 50448.1, 67959.8, 31391.6]
  [Round 6] Val NASA per client: [38469.3, 40199.5, 89021.7, 21757.4]
  [Round 7] Val NASA per client: [50682.7, 29370.0, 84065.8, 28491.3]
  [Round 8] Val NASA per client: [36692.8, 39050.1, 74078.8, 31313.5]
  [Round 9] Val NASA per client: [34508.6, 25342.3, 67989.6, 22000.6]
  ⚠️ Spectral produced invalid clusters {1: 3, 0: 1}. Falling back to KMeans.
  KMeans fallback result: {0: 3, 1: 1}
  [Round 10] Re-clustered (α=1.0). Changes: {0: (1, 0), 3: (0, 1)}
  [Round 10] Assignments: {'0': 0, '1': 0, '2': 0, '3': 1}
  [Round 10] Cluster 0 val NASA: 48461.90
  [Round 10] Cluster 1 val NASA: 20801.74
  [Round 10] Val NASA per client: [45128.5, 37690.6, 62566.6, 20801.7]
  [Round 11] Val NASA per client: [23758.7, 25470.5, 51670.7, 20773.8]
  [Round 12] Val NASA per client: [28934.5, 37511.2, 44288.0, 37282.0]
  [Round 13] Val NASA per client: [31516.3, 29349.1, 37442.4, 35646.8]
  [Round 14] Val NASA per client: [23627.8, 27094.7, 54169.1, 42356.0]
  [Round 15] Re-clustered (α=1.0). Changes: {0: (0, 1), 1: (0, 1), 3: (1, 0)}
  [Round 15] Assignments: {'0': 1, '1': 1, '2': 0, '3': 0}
  [Round 15] Cluster 0 val NASA: 52779.91
  [Round 15] Cluster 1 val NASA: 34378.59
  [Round 15] Val NASA per client: [33789.2, 34968.0, 49005.6, 56554.2]
  [Round 16] Val NASA per client: [44176.7, 29655.1, 60987.9, 22581.0]
  [Round 17] Val NASA per client: [40228.0, 29556.7, 37590.7, 25092.7]
  [Round 18] Val NASA per client: [38252.0, 32174.7, 42737.6, 23442.4]
  [Round 19] Val NASA per client: [39583.1, 37643.5, 32489.2, 27620.4]
  ⚠️ Spectral produced invalid clusters {0: 3, 1: 1}. Falling back to KMeans.
  KMeans fallback result: {0: 2, 1: 2}
  [Round 20] Re-clustered (α=1.0). Changes: {0: (1, 0), 3: (0, 1)}
  [Round 20] Assignments: {'0': 0, '1': 1, '2': 0, '3': 1}
  [Round 20] Cluster 0 val NASA: 37107.82
  [Round 20] Cluster 1 val NASA: 42670.42
  [Round 20] Val NASA per client: [34307.0, 63310.7, 39908.6, 22030.1]
  [Round 21] Val NASA per client: [25694.5, 61210.9, 53565.1, 40733.5]
  [Round 22] Val NASA per client: [30062.9, 45253.3, 34283.0, 54859.6]
  [Round 23] Val NASA per client: [35849.8, 42524.0, 58619.2, 43362.3]
  [Round 24] Val NASA per client: [40801.9, 55842.6, 50729.9, 45938.6]
  [Round 25] Re-clustered (α=1.0). Changes: {0: (0, 1), 3: (1, 0)}
  [Round 25] Assignments: {'0': 1, '1': 1, '2': 0, '3': 0}
  [Round 25] Cluster 0 val NASA: 46440.38
  [Round 25] Cluster 1 val NASA: 52320.07
  [Round 25] Val NASA per client: [40694.1, 63946.1, 45381.3, 47499.5]
  [Round 26] Val NASA per client: [42639.5, 55393.6, 48498.4, 46590.6]
  [Round 27] Val NASA per client: [54721.4, 124997.0, 81326.9, 35404.8]
  [Round 28] Val NASA per client: [58202.9, 61447.1, 67077.3, 28089.4]
  [Round 29] Val NASA per client: [57728.6, 110112.0, 78937.0, 36814.9]
  [Round 30] Re-clustered (α=1.0). Changes: {0: (1, 0), 2: (0, 1)}
  [Round 30] Assignments: {'0': 0, '1': 1, '2': 1, '3': 0}
  [Round 30] Cluster 0 val NASA: 49849.87
  [Round 30] Cluster 1 val NASA: 68116.36
  [Round 30] Val NASA per client: [56771.4, 62880.7, 73352.1, 42928.3]
  [Round 31] Val NASA per client: [41529.7, 73396.9, 53420.5, 35813.0]
  [Round 32] Val NASA per client: [73651.5, 105865.7, 60762.8, 50827.3]
  [Round 33] Val NASA per client: [64411.4, 57323.9, 60328.3, 28131.7]
  [Round 34] Val NASA per client: [60564.1, 94000.3, 83064.2, 62178.2]
  [Round 35] Re-clustered (α=1.0). Changes: {2: (1, 0), 3: (0, 1)}
  [Round 35] Assignments: {'0': 0, '1': 1, '2': 0, '3': 1}
  [Round 35] Cluster 0 val NASA: 78221.54
  [Round 35] Cluster 1 val NASA: 62139.58
  [Round 35] Val NASA per client: [82517.8, 68589.3, 73925.2, 55689.9]
  [Round 36] Val NASA per client: [71535.2, 63026.1, 73946.8, 42638.3]
  [Round 37] Val NASA per client: [73833.9, 66122.3, 121749.4, 53149.2]
  [Round 38] Val NASA per client: [68142.9, 65953.7, 71270.4, 46211.2]
  [Round 39] Val NASA per client: [61632.4, 60873.1, 79435.6, 36630.2]
  [Round 40] Re-clustered (α=1.0). Changes: {1: (1, 0), 2: (0, 1)}
  [Round 40] Assignments: {'0': 0, '1': 0, '2': 1, '3': 1}
  [Round 40] Cluster 0 val NASA: 75690.96
  [Round 40] Cluster 1 val NASA: 103722.13
  [Round 40] Val NASA per client: [93792.6, 57589.4, 159629.1, 47815.2]
  [Round 41] Val NASA per client: [77463.3, 63353.2, 64213.9, 69522.1]
  [Round 42] Val NASA per client: [53146.4, 91535.5, 126166.9, 50983.8]
  [Round 43] Val NASA per client: [68452.9, 103282.3, 133797.2, 39538.9]
  [Round 44] Val NASA per client: [53219.2, 68084.5, 82553.1, 38974.3]
  [Round 45] Re-clustered (α=1.0). Changes: {1: (0, 1), 3: (1, 0)}
  [Round 45] Assignments: {'0': 0, '1': 1, '2': 1, '3': 0}
  [Round 45] Cluster 0 val NASA: 72538.40
  [Round 45] Cluster 1 val NASA: 73151.01
  [Round 45] Val NASA per client: [85527.1, 59020.6, 87281.4, 59549.7]
  [Round 46] Val NASA per client: [68881.6, 107696.0, 87482.1, 45226.1]
  [Round 47] Val NASA per client: [71135.8, 54985.9, 70182.7, 32146.2]
  [Round 48] Val NASA per client: [75843.5, 82884.3, 120290.2, 34046.3]
  [Round 49] Val NASA per client: [63309.2, 73589.9, 89789.0, 31709.8]
  [Round 50] Val NASA per client: [93603.2, 82818.2, 65050.2, 40261.7]

  [Final] MAE: 19.5359 | NASA: 5169.01
AC-PFL 808: {'method': 'acpfl', 'dataset': 'FD002', 'seed': 808, 'test_mae': 19.5359, 'nasa_score': 5169.01, 'comm_kb': 27650.0}
  [Round 1] Val NASA per client: [34127.8, 108663.9, 66386.0, 25922.2]
  [Round 2] Val NASA per client: [25020.4, 87663.4, 41803.0, 26034.4]
  [Round 3] Val NASA per client: [40065.5, 104529.8, 56367.4, 25876.2]
  [Round 4] Val NASA per client: [43846.0, 68905.0, 45595.5, 21002.1]
  [Round 5] Re-clustered (α=1.0). Changes: {}
  [Round 5] Assignments: {'0': 0, '1': 0, '2': 1, '3': 1}
  [Round 5] Cluster 0 val NASA: 56039.55
  [Round 5] Cluster 1 val NASA: 32137.07
  [Round 5] Val NASA per client: [54062.0, 58017.1, 43541.4, 20732.7]
  [Round 6] Val NASA per client: [35198.6, 57821.6, 38374.7, 28944.5]
  [Round 7] Val NASA per client: [100738.2, 190829.5, 48516.8, 25045.9]
  [Round 8] Val NASA per client: [65853.2, 63119.9, 54218.0, 27829.4]
  [Round 9] Val NASA per client: [40422.2, 73425.6, 58759.6, 59007.2]
  [Round 10] Re-clustered (α=1.0). Changes: {1: (0, 1), 3: (1, 0)}
  [Round 10] Assignments: {'0': 0, '1': 1, '2': 1, '3': 0}
  [Round 10] Cluster 0 val NASA: 82168.48
  [Round 10] Cluster 1 val NASA: 85515.99
  [Round 10] Val NASA per client: [108828.2, 104388.8, 66643.2, 55508.8]
  [Round 11] Val NASA per client: [64805.2, 92498.6, 88889.1, 31473.1]
  [Round 12] Val NASA per client: [45266.5, 105384.3, 82490.7, 23403.3]
  [Round 13] Val NASA per client: [44032.9, 116826.4, 63807.9, 33462.4]
  [Round 14] Val NASA per client: [43920.0, 94565.9, 77537.9, 28956.9]
  ⚠️ Spectral produced invalid clusters {1: 3, 0: 1}. Falling back to KMeans.
  KMeans fallback result: {0: 2, 1: 2}
  [Round 15] Re-clustered (α=1.0). Changes: {2: (1, 0), 3: (0, 1)}
  [Round 15] Assignments: {'0': 0, '1': 1, '2': 0, '3': 1}
  [Round 15] Cluster 0 val NASA: 68289.67
  [Round 15] Cluster 1 val NASA: 99192.07
  [Round 15] Val NASA per client: [46556.8, 113066.7, 90022.5, 85317.5]
  [Round 16] Val NASA per client: [46122.0, 123514.7, 36838.4, 34694.5]
  [Round 17] Val NASA per client: [38927.6, 124498.1, 39280.5, 36510.3]
  [Round 18] Val NASA per client: [43953.4, 120887.2, 46856.3, 73064.9]
  [Round 19] Val NASA per client: [44365.2, 116729.8, 51832.0, 57116.9]
  ⚠️ Spectral produced invalid clusters {0: 1, 1: 3}. Falling back to KMeans.
  KMeans fallback result: {1: 2, 0: 2}
  [Round 20] Re-clustered (α=1.0). Changes: {0: (0, 1), 3: (1, 0)}
  [Round 20] Assignments: {'0': 1, '1': 1, '2': 0, '3': 0}
  [Round 20] Cluster 0 val NASA: 92294.28
  [Round 20] Cluster 1 val NASA: 81911.32
  [Round 20] Val NASA per client: [59691.3, 104131.3, 60786.1, 123802.5]
  [Round 21] Val NASA per client: [105227.6, 152328.3, 88796.8, 28959.4]
  [Round 22] Val NASA per client: [48509.1, 86564.9, 65759.6, 35961.1]
  [Round 23] Val NASA per client: [64983.9, 115275.0, 70716.2, 87972.6]
  [Round 24] Val NASA per client: [73180.7, 95854.8, 117816.4, 25084.1]
  [Round 25] Re-clustered (α=1.0). Changes: {0: (1, 0), 3: (0, 1)}
  [Round 25] Assignments: {'0': 0, '1': 1, '2': 0, '3': 1}
  [Round 25] Cluster 0 val NASA: 65803.85
  [Round 25] Cluster 1 val NASA: 88865.31
  [Round 25] Val NASA per client: [57934.9, 150174.0, 73672.8, 27556.6]
  [Round 26] Val NASA per client: [39682.5, 102032.3, 81499.2, 70020.3]
  [Round 27] Val NASA per client: [56434.2, 100008.5, 111186.4, 64270.1]
  [Round 28] Val NASA per client: [58151.3, 88989.1, 113377.1, 72121.4]
  [Round 29] Val NASA per client: [54721.9, 74804.7, 70444.5, 113050.9]
  [Round 30] Re-clustered (α=1.0). Changes: {2: (0, 1), 3: (1, 0)}
  [Round 30] Assignments: {'0': 0, '1': 1, '2': 1, '3': 0}
  [Round 30] Cluster 0 val NASA: 71048.57
  [Round 30] Cluster 1 val NASA: 102072.67
  [Round 30] Val NASA per client: [69922.4, 116024.5, 88120.9, 72174.7]
  [Round 31] Val NASA per client: [67706.8, 97766.0, 95787.3, 40926.2]
  [Round 32] Val NASA per client: [49414.5, 99909.4, 98879.4, 56777.8]
  [Round 33] Val NASA per client: [71654.0, 91929.2, 99577.6, 38508.8]
  [Round 34] Val NASA per client: [67073.3, 79787.6, 135120.0, 79956.9]
  [Round 35] Re-clustered (α=1.0). Changes: {1: (1, 0), 3: (0, 1)}
  [Round 35] Assignments: {'0': 0, '1': 0, '2': 1, '3': 1}
  [Round 35] Cluster 0 val NASA: 73126.90
  [Round 35] Cluster 1 val NASA: 81785.18
  [Round 35] Val NASA per client: [59165.9, 87087.9, 116449.8, 47120.5]
  [Round 36] Val NASA per client: [54569.5, 184201.6, 95038.2, 56930.8]
  [Round 37] Val NASA per client: [62366.6, 203429.8, 143590.1, 111703.6]
  [Round 38] Val NASA per client: [44046.5, 82989.7, 127525.7, 88818.7]
  [Round 39] Val NASA per client: [53559.9, 195025.8, 124395.6, 69556.3]
  ⚠️ Spectral produced invalid clusters {0: 1, 1: 3}. Falling back to KMeans.
  KMeans fallback result: {1: 2, 0: 2}
  [Round 40] Re-clustered (α=1.0). Changes: {0: (0, 1), 2: (1, 0)}
  [Round 40] Assignments: {'0': 1, '1': 0, '2': 0, '3': 1}
  [Round 40] Cluster 0 val NASA: 152575.87
  [Round 40] Cluster 1 val NASA: 83365.55
  [Round 40] Val NASA per client: [48429.4, 168813.5, 136338.3, 118301.7]
  [Round 41] Val NASA per client: [47677.7, 101926.4, 36592.3, 57449.8]
  [Round 42] Val NASA per client: [52210.4, 103744.8, 65297.4, 139300.2]
  [Round 43] Val NASA per client: [73390.0, 151275.5, 48660.8, 101609.2]
  [Round 44] Val NASA per client: [67909.9, 105030.1, 50287.2, 63571.6]
  [Round 45] Re-clustered (α=1.0). Changes: {0: (1, 0), 1: (0, 1)}
  [Round 45] Assignments: {'0': 0, '1': 1, '2': 0, '3': 1}
  [Round 45] Cluster 0 val NASA: 71483.13
  [Round 45] Cluster 1 val NASA: 126284.54
  [Round 45] Val NASA per client: [65098.9, 185117.7, 77867.4, 67451.4]
  [Round 46] Val NASA per client: [49441.9, 89181.2, 46448.5, 101713.6]
  [Round 47] Val NASA per client: [81613.5, 138529.1, 85452.0, 68192.9]
  [Round 48] Val NASA per client: [57935.5, 118707.5, 67740.4, 130058.1]
  [Round 49] Val NASA per client: [73851.8, 142222.9, 55842.2, 102088.8]
  [Round 50] Val NASA per client: [71458.3, 182453.8, 76912.2, 100254.4]

  [Final] MAE: 18.7728 | NASA: 11113.33
AC-PFL 2026: {'method': 'acpfl', 'dataset': 'FD002', 'seed': 2026, 'test_mae': 18.7728, 'nasa_score': 11113.33, 'comm_kb': 27650.0}INFO flwr 2026-07-15 21:47:41,154 | app.py:225 | app_fit: losses_distributed [(1, 1886.997131653469), (2, 616.0592864576113), (3, 526.4821872878423), (4, 538.6844223946271), (5, 467.0315547967007), (6, 446.32901777613887), (7, 473.7492661987814), (8, 519.5155531562693), (9, 504.5629820152713), (10, 545.7516603919807), (11, 559.3191849105293), (12, 577.7678300256272), (13, 555.9633482548787), (14, 681.3422099836187), (15, 606.1499847730664), (16, 604.7999630476089), (17, 643.0654264191247), (18, 624.2663579124498), (19, 638.1797012870645), (20, 644.1264578227957), (21, 659.048521522092), (22, 635.6744772319754), (23, 735.2725140024078), (24, 726.5838600684307), (25, 656.7689660440656), (26, 650.4850574342095), (27, 666.2582245765001), (28, 667.0757811289491), (29, 645.9391584169392), (30, 636.1874892073533), (31, 659.7073117313903), (32, 669.3921740060061), (33, 631.5602236562581), (34, 721.587318187865), (35, 637.9176740419392), (36, 665.7650852912154), (37, 660.9835843526247), (38, 682.2349704368129), (39, 655.7350978715932), (40, 690.6984070270196), (41, 736.443942808657), (42, 666.0187114994312), (43, 643.4105112860248), (44, 651.6543052402568), (45, 660.2990494889357), (46, 664.9267706630126), (47, 683.6107962335575), (48, 662.704752765568), (49, 674.6393462497656), (50, 668.2182838264736)]
INFO flwr 2026-07-15 21:47:41,155 | app.py:226 | app_fit: metrics_distributed_fit {}
INFO flwr 2026-07-15 21:47:41,155 | app.py:227 | app_fit: metrics_distributed {'mae': [(1, 38.51766462704334), (2, 20.134824931596665), (3, 18.78001460172936), (4, 19.22170521809811), (5, 17.70494392629954), (6, 17.08498745322974), (7, 17.3496267843346), (8, 18.146438641239556), (9, 17.758879917001426), (10, 18.558584902132228), (11, 18.3890317144374), (12, 19.03446985435884), (13, 18.629125587128897), (14, 20.310603403796232), (15, 19.377330018881715), (16, 18.87794043574801), (17, 19.75657836360573), (18, 19.329371675718303), (19, 19.627272736503585), (20, 19.89305558194696), (21, 19.961705751558434), (22, 18.997947246694864), (23, 20.886512816873125), (24, 20.814007654170155), (25, 19.49139685959308), (26, 19.527401253773924), (27, 20.063982424208415), (28, 19.826814525062705), (29, 19.292601989754058), (30, 19.607075045750882), (31, 19.707481252076978), (32, 19.76942146914488), (33, 19.181223283779644), (34, 20.660985473800054), (35, 19.453802367391567), (36, 19.504664677319298), (37, 19.59719234319221), (38, 20.168544672526), (39, 19.62963249668448), (40, 20.065054444729164), (41, 20.79742108207655), (42, 19.70365809737267), (43, 19.357752049790545), (44, 19.513244109661446), (45, 19.79128090553841), (46, 19.955334385252694), (47, 20.282196056668592), (48, 19.955189569907297), (49, 19.52207891030202), (50, 19.912632963702176)]}
INFO flwr 2026-07-15 21:47:41,156 | app.py:228 | app_fit: losses_centralized [(0, 0.0), (1, 0.0), (2, 0.0), (3, 0.0), (4, 0.0), (5, 0.0), (6, 0.0), (7, 0.0), (8, 0.0), (9, 0.0), (10, 0.0), (11, 0.0), (12, 0.0), (13, 0.0), (14, 0.0), (15, 0.0), (16, 0.0), (17, 0.0), (18, 0.0), (19, 0.0), (20, 0.0), (21, 0.0), (22, 0.0), (23, 0.0), (24, 0.0), (25, 0.0), (26, 0.0), (27, 0.0), (28, 0.0), (29, 0.0), (30, 0.0), (31, 0.0), (32, 0.0), (33, 0.0), (34, 0.0), (35, 0.0), (36, 0.0), (37, 0.0), (38, 0.0), (39, 0.0), (40, 0.0), (41, 0.0), (42, 0.0), (43, 0.0), (44, 0.0), (45, 0.0), (46, 0.0), (47, 0.0), (48, 0.0), (49, 0.0), (50, 0.0)]
INFO flwr 2026-07-15 21:47:41,157 | app.py:229 | app_fit: metrics_centralized {'mae': [(0, 74.8714442475192), (1, 38.92917588870958), (2, 18.716504111713423), (3, 16.40620827582812), (4, 17.706932452654748), (5, 15.869383266993932), (6, 15.919343123564849), (7, 17.206347130440378), (8, 16.4540297515604), (9, 16.174540180957454), (10, 16.376589870821096), (11, 16.52866247722081), (12, 17.70126535349371), (13, 17.31478382905938), (14, 18.334926244374866), (15, 17.457201228638873), (16, 17.936485894398338), (17, 18.11997756442508), (18, 18.133104188101633), (19, 17.948507397331326), (20, 18.06600928214526), (21, 18.309433255876815), (22, 17.788952831135752), (23, 19.146288868082998), (24, 19.4856508284462), (25, 18.513307722378883), (26, 18.428269964387518), (27, 18.897088419056306), (28, 19.060679380497877), (29, 18.717237822337502), (30, 18.776272026268213), (31, 19.58480537444008), (32, 19.30232573107863), (33, 19.04301068957708), (34, 19.834812591434908), (35, 19.02008174469112), (36, 19.21845682799586), (37, 19.50909421618841), (38, 19.866731776233806), (39, 19.310607622949313), (40, 20.2146195592107), (41, 20.592696812162067), (42, 20.00439350025074), (43, 19.372885818186873), (44, 19.543058012443158), (45, 19.95141211992065), (46, 20.03418862037217), (47, 20.493667123860835), (48, 20.169927921074237), (49, 19.880998596721636), (50, 20.20121755563154)], 'nasa_score': [(0, 1540518.238738764), (1, 82747.81622985087), (2, 4063.8956973238232), (3, 3350.5096685646017), (4, 3133.25782087184), (5, 5674.093053721973), (6, 3395.517168403341), (7, 4595.9257272278055), (8, 5803.037748092982), (9, 5302.0705701712295), (10, 7141.791682550119), (11, 9776.433270425148), (12, 11464.704209125435), (13, 6802.573570719414), (14, 30041.209131564567), (15, 19658.568088483098), (16, 20192.10264128084), (17, 22709.920934473157), (18, 24985.53735419857), (19, 27888.587650852343), (20, 24446.927150957174), (21, 27472.373287979648), (22, 22356.443731959454), (23, 57692.538413087736), (24, 54869.361361318435), (25, 42653.60701036154), (26, 44467.03225067063), (27, 46313.72174757811), (28, 67065.34731513225), (29, 41077.68847674452), (30, 46569.40821575576), (31, 62288.355418906496), (32, 62597.77813829578), (33, 42078.631323039546), (34, 78371.285788829), (35, 34024.68116025825), (36, 78762.59177573193), (37, 76015.5750032586), (38, 76717.9797803338), (39, 78366.00868449645), (40, 102430.47610153277), (41, 92059.74742961852), (42, 87729.91999168044), (43, 59215.563456830314), (44, 36010.18415875884), (45, 82307.48259945243), (46, 84523.3952505122), (47, 91678.0690294236), (48, 89592.77058147549), (49, 123809.87804916986), (50, 90812.21983535563)]}

FedProx: {'method': 'fedprox', 'dataset': 'FD002', 'seed': 42, 'test_mae': 20.2012, 'nasa_score': 90812.22, 'comm_kb': 28900.78}
INFO flwr 2026-07-16 08:24:28,264 | app.py:225 | app_fit: losses_distributed [(1, 2015.0516270679238), (2, 698.9412849068327), (3, 641.520257565142), (4, 662.0755447218779), (5, 771.4946955076066), (6, 677.4609131374168), (7, 686.3114167273264), (8, 733.7968189583368), (9, 723.8400159997693), (10, 784.382100129316), (11, 778.5559048376651), (12, 778.7968082377706), (13, 817.5875052508895), (14, 809.0649261683744), (15, 861.0075791507253), (16, 820.0366839435519), (17, 824.5143834348848), (18, 859.3071152127537), (19, 839.5532183963371), (20, 866.2562817498641), (21, 909.326457089679), (22, 858.832712160391), (23, 862.4816808239058), (24, 856.4990659143652), (25, 880.2430378030587), (26, 854.6490084827606), (27, 903.9437569883163), (28, 893.3012037213878), (29, 909.9076431588117), (30, 918.811442106626), (31, 907.474444403118), (32, 893.4054481582763), (33, 892.1769013947289), (34, 887.2859669268603), (35, 914.5190122291674), (36, 915.5169930176039), (37, 918.5522825539709), (38, 930.6327311884307), (39, 913.1547936245964), (40, 903.6980709608819), (41, 895.4330239898729), (42, 926.6529290761832), (43, 925.2165100322878), (44, 930.3011055632145), (45, 906.3592119392873), (46, 910.6883260369992), (47, 960.7241558744585), (48, 923.9190721961279), (49, 919.3576302117652), (50, 930.6823109242183)]
INFO flwr 2026-07-16 08:24:28,266 | app.py:226 | app_fit: metrics_distributed_fit {}
INFO flwr 2026-07-16 08:24:28,266 | app.py:227 | app_fit: metrics_distributed {'mae': [(1, 38.3851111010369), (2, 21.617985347251107), (3, 20.51801110118329), (4, 20.88262416696825), (5, 22.15330899388902), (6, 20.794195916191427), (7, 20.841289222648914), (8, 21.42461650488436), (9, 21.371338483843605), (10, 22.08769082032698), (11, 21.98294312814442), (12, 22.063225427324923), (13, 22.609089428786547), (14, 22.678237107055214), (15, 23.358542963047057), (16, 22.65473700419312), (17, 22.733654191736555), (18, 23.162314086495794), (19, 23.105392371596444), (20, 23.574078221740884), (21, 24.30639837945708), (22, 23.35391130563015), (23, 23.383089056502662), (24, 23.265083660071436), (25, 23.314702184714324), (26, 23.421079228812918), (27, 24.08047196745684), (28, 23.651477544660874), (29, 24.04523041704547), (30, 23.742803840858407), (31, 23.67357053922614), (32, 23.765623768719486), (33, 23.56410714925184), (34, 23.538514439809553), (35, 23.906210310055698), (36, 24.00828810648096), (37, 24.154256285977603), (38, 24.059491808564022), (39, 23.834867739840817), (40, 23.875856159031233), (41, 23.801923759673606), (42, 24.196618558233137), (43, 24.062892486700964), (44, 24.31929311636692), (45, 24.105879328259682), (46, 23.994101551600863), (47, 24.315842698358146), (48, 24.13598039593895), (49, 23.940484093689705), (50, 24.135517247450874)]}
INFO flwr 2026-07-16 08:24:28,267 | app.py:228 | app_fit: losses_centralized [(0, 0.0), (1, 0.0), (2, 0.0), (3, 0.0), (4, 0.0), (5, 0.0), (6, 0.0), (7, 0.0), (8, 0.0), (9, 0.0), (10, 0.0), (11, 0.0), (12, 0.0), (13, 0.0), (14, 0.0), (15, 0.0), (16, 0.0), (17, 0.0), (18, 0.0), (19, 0.0), (20, 0.0), (21, 0.0), (22, 0.0), (23, 0.0), (24, 0.0), (25, 0.0), (26, 0.0), (27, 0.0), (28, 0.0), (29, 0.0), (30, 0.0), (31, 0.0), (32, 0.0), (33, 0.0), (34, 0.0), (35, 0.0), (36, 0.0), (37, 0.0), (38, 0.0), (39, 0.0), (40, 0.0), (41, 0.0), (42, 0.0), (43, 0.0), (44, 0.0), (45, 0.0), (46, 0.0), (47, 0.0), (48, 0.0), (49, 0.0), (50, 0.0)]
INFO flwr 2026-07-16 08:24:28,269 | app.py:229 | app_fit: metrics_centralized {'mae': [(0, 74.95372865993428), (1, 40.264229321571854), (2, 17.2852515953388), (3, 17.069752584553132), (4, 18.226468918406365), (5, 20.01861030622799), (6, 18.357776369367325), (7, 18.735293163756147), (8, 18.87581593649728), (9, 19.184955039079586), (10, 19.755505933724777), (11, 19.615734380184453), (12, 19.341372467836358), (13, 19.769057424832496), (14, 19.725299032498512), (15, 19.97573302795528), (16, 19.228764924303444), (17, 19.61876717497483), (18, 19.87700453872386), (19, 19.51586222188353), (20, 20.049921079952284), (21, 20.38698877607073), (22, 19.899807027868324), (23, 20.15629953951449), (24, 20.47140257330935), (25, 20.105574213860116), (26, 20.193765389873253), (27, 21.005217511681515), (28, 20.305530422902937), (29, 20.646798645667587), (30, 20.708322510295854), (31, 20.397160887257932), (32, 20.74544126738913), (33, 20.51673564395389), (34, 20.81983656864829), (35, 20.382716167847622), (36, 20.512457866005917), (37, 20.8440340402964), (38, 20.784400925212847), (39, 20.887030804019176), (40, 20.287216274894803), (41, 20.916367549233456), (42, 20.579561476541762), (43, 21.219539627605425), (44, 21.47490018307012), (45, 21.047476308226123), (46, 21.269699634272158), (47, 21.150764877731735), (48, 21.335360501263594), (49, 21.037422894510982), (50, 21.486549340620005)], 'nasa_score': [(0, 1550069.5665824958), (1, 237328.40970163117), (2, 2639.016016715878), (3, 2948.459421416831), (4, 5540.072160933834), (5, 7927.881507557386), (6, 6552.722173639277), (7, 6229.258499934374), (8, 6971.863971914432), (9, 7587.427706465256), (10, 9584.160108393287), (11, 9585.253757135906), (12, 11129.25920413843), (13, 12620.96991699225), (14, 12436.206724643242), (15, 12304.658597123009), (16, 9471.258865802261), (17, 12490.226691385651), (18, 11616.31903039432), (19, 10681.521930401508), (20, 12613.887041068096), (21, 10656.079609823966), (22, 12463.954484778422), (23, 11673.888548771522), (24, 12723.886262662838), (25, 15422.004292477839), (26, 12216.071790342634), (27, 13035.090397678146), (28, 13169.202640235075), (29, 13448.608909095616), (30, 16809.835479845926), (31, 18279.279896806373), (32, 15069.056647950925), (33, 16292.63652699514), (34, 19285.3523318609), (35, 14081.795351070505), (36, 15018.178752218088), (37, 13694.857169375728), (38, 15589.931377287165), (39, 17609.710108322277), (40, 14884.804344594217), (41, 15954.462614476573), (42, 18705.986964083055), (43, 19355.01650072503), (44, 17407.730124419904), (45, 17380.349780726796), (46, 19321.35377999292), (47, 17366.935461375597), (48, 17753.01882742792), (49, 17589.43763674894), (50, 19419.408526347583)]}

FedProx: {'method': 'fedprox', 'dataset': 'FD002', 'seed': 101, 'test_mae': 21.4865, 'nasa_score': 19419.41, 'comm_kb': 28900.78}
INFO flwr 2026-07-16 09:08:50,373 | app.py:225 | app_fit: losses_distributed [(1, 2033.7227286985376), (2, 597.654454105991), (3, 682.6262995332045), (4, 671.1330415451064), (5, 577.7320715992577), (6, 634.953038413797), (7, 627.0875725306394), (8, 706.5852399278122), (9, 678.72240046586), (10, 717.9119107199652), (11, 760.1064877379357), (12, 692.9685758884002), (13, 695.7070604085461), (14, 686.6555138835481), (15, 702.5559129053138), (16, 683.9924440864976), (17, 707.0025359227317), (18, 675.3898304047406), (19, 676.9448670609141), (20, 718.5625229200602), (21, 708.7499683348639), (22, 657.2118123185801), (23, 686.5332742238353), (24, 699.1381424371589), (25, 682.349592357555), (26, 700.0719804646201), (27, 688.588602732922), (28, 699.3835015510257), (29, 689.2186906690762), (30, 752.8432934274249), (31, 721.2136545440758), (32, 703.9317683118157), (33, 717.2387364417737), (34, 708.0823160371904), (35, 707.6324297505441), (36, 716.4208320595129), (37, 686.2655116685436), (38, 712.1524315615088), (39, 691.2360548320488), (40, 691.128413813906), (41, 696.1163277644989), (42, 669.0237591147824), (43, 717.257883754331), (44, 681.361072378179), (45, 689.9314388849314), (46, 711.8335788174409), (47, 698.7998412041006), (48, 684.2823689778646), (49, 665.8110723819109), (50, 719.6795026405402)]
INFO flwr 2026-07-16 09:08:50,374 | app.py:226 | app_fit: metrics_distributed_fit {}
INFO flwr 2026-07-16 09:08:50,375 | app.py:227 | app_fit: metrics_distributed {'mae': [(1, 38.2190211000737), (2, 19.937570672388485), (3, 21.61525524718237), (4, 21.20240177880317), (5, 19.60198643209251), (6, 20.31002743086489), (7, 20.312280692614923), (8, 21.43345286257464), (9, 20.76997190254077), (10, 21.641141337526204), (11, 21.82248424587174), (12, 20.774452223272895), (13, 20.79594343658326), (14, 20.886375311596197), (15, 21.15393095619997), (16, 20.68391598015644), (17, 20.83848867432903), (18, 20.71319403746047), (19, 20.539226693503537), (20, 21.24636609209528), (21, 20.935584215727662), (22, 20.06461111169992), (23, 20.59692529367159), (24, 20.643522023304296), (25, 20.649341797447224), (26, 20.848354069231533), (27, 20.727079006822105), (28, 20.67661205883798), (29, 20.455830490359542), (30, 21.524300240843495), (31, 21.323667618376295), (32, 21.004359680396586), (33, 21.122386989712073), (34, 20.683921719306863), (35, 21.024130756211406), (36, 20.724718914306045), (37, 20.522535476871166), (38, 20.838160062630728), (39, 20.276897994091687), (40, 20.361619750500747), (41, 20.626633348953806), (42, 20.04287849584875), (43, 20.79734077344766), (44, 20.072287713352797), (45, 20.322691693408498), (46, 20.395597807362236), (47, 20.561616767744134), (48, 20.046350572034633), (49, 19.615507253555304), (50, 20.483191407469086)]}
INFO flwr 2026-07-16 09:08:50,375 | app.py:228 | app_fit: losses_centralized [(0, 0.0), (1, 0.0), (2, 0.0), (3, 0.0), (4, 0.0), (5, 0.0), (6, 0.0), (7, 0.0), (8, 0.0), (9, 0.0), (10, 0.0), (11, 0.0), (12, 0.0), (13, 0.0), (14, 0.0), (15, 0.0), (16, 0.0), (17, 0.0), (18, 0.0), (19, 0.0), (20, 0.0), (21, 0.0), (22, 0.0), (23, 0.0), (24, 0.0), (25, 0.0), (26, 0.0), (27, 0.0), (28, 0.0), (29, 0.0), (30, 0.0), (31, 0.0), (32, 0.0), (33, 0.0), (34, 0.0), (35, 0.0), (36, 0.0), (37, 0.0), (38, 0.0), (39, 0.0), (40, 0.0), (41, 0.0), (42, 0.0), (43, 0.0), (44, 0.0), (45, 0.0), (46, 0.0), (47, 0.0), (48, 0.0), (49, 0.0), (50, 0.0)]
INFO flwr 2026-07-16 09:08:50,376 | app.py:229 | app_fit: metrics_centralized {'mae': [(0, 74.97040324896919), (1, 40.6596980444713), (2, 16.632241735126982), (3, 17.99640209242184), (4, 18.027163621541614), (5, 17.36281984837359), (6, 18.123248993199766), (7, 18.044985358779495), (8, 19.00372448667136), (9, 19.087604167378547), (10, 20.094228534624843), (11, 19.868439703834564), (12, 19.657676571584577), (13, 19.869956484172334), (14, 20.00537618614992), (15, 19.915825416682768), (16, 20.358318520328712), (17, 19.859277121348732), (18, 19.689405080434437), (19, 19.918601135489563), (20, 19.922712469653273), (21, 19.98147437563274), (22, 20.65127924694518), (23, 19.671021306836927), (24, 20.52784539005471), (25, 20.327145086752402), (26, 19.395704354098406), (27, 19.401318041974513), (28, 19.59715697387931), (29, 19.859552747954734), (30, 19.42545748677493), (31, 20.77536692674556), (32, 20.303470471650936), (33, 20.110075527176434), (34, 19.822452007573546), (35, 20.438828847583196), (36, 20.06261023591384), (37, 19.699352779903926), (38, 20.14793857000049), (39, 19.899114196364945), (40, 19.769472784977623), (41, 20.49327631622668), (42, 20.321713620631392), (43, 19.771523015379444), (44, 19.93356176693007), (45, 19.60762597603227), (46, 19.051389524835418), (47, 19.46315744760874), (48, 20.36108480181013), (49, 20.016635136254507), (50, 20.12056960470428)], 'nasa_score': [(0, 1549583.9589617196), (1, 299879.43392187834), (2, 4082.758852280109), (3, 2841.068258145395), (4, 3043.812980012622), (5, 8632.878364960205), (6, 4212.774973913405), (7, 6384.35900946714), (8, 6210.081472919681), (9, 8234.715658896403), (10, 11040.068643148616), (11, 8725.587425454149), (12, 11288.719395123937), (13, 12009.87797850784), (14, 10440.308961503746), (15, 10294.666246235285), (16, 10126.563238027808), (17, 8769.523542870304), (18, 8588.924915381402), (19, 9693.83227875019), (20, 9260.695421586712), (21, 6601.33271621956), (22, 18510.224177361408), (23, 11414.070280067492), (24, 37988.320451327454), (25, 15781.84714986711), (26, 7501.696064357475), (27, 11433.841948794585), (28, 10957.082272200209), (29, 13718.28279861094), (30, 9797.54521751801), (31, 22354.51664746368), (32, 12104.96548360169), (33, 10988.555805189488), (34, 9139.279104688023), (35, 12704.080057760482), (36, 13019.76624097912), (37, 12730.772281793077), (38, 12329.134114834276), (39, 15585.26039049404), (40, 12943.999816401461), (41, 17475.714688727276), (42, 15510.08933034861), (43, 13191.448215184435), (44, 14463.367715882669), (45, 12886.657533287256), (46, 14241.460155405282), (47, 12351.7592206803), (48, 14366.376726801365), (49, 14899.680255057889), (50, 11540.110016339642)]}

FedProx: {'method': 'fedprox', 'dataset': 'FD002', 'seed': 202, 'test_mae': 20.1206, 'nasa_score': 11540.11, 'comm_kb': 28900.78}
INFO flwr 2026-07-16 09:54:15,647 | app.py:225 | app_fit: losses_distributed [(1, 1764.9087226326278), (2, 561.1214563548788), (3, 480.64496367653675), (4, 424.2329413499641), (5, 439.1301593945877), (6, 467.5680754697388), (7, 401.2787207548641), (8, 391.57018571306725), (9, 473.26166067416364), (10, 422.4973639939692), (11, 431.75443813712263), (12, 425.6264188240392), (13, 443.7939945463066), (14, 471.32051129051746), (15, 524.427321187309), (16, 503.4415762573752), (17, 530.6801347362017), (18, 541.3707322883463), (19, 532.1442813279223), (20, 579.2585217503349), (21, 556.4210152293788), (22, 562.0119239164474), (23, 595.7341091838266), (24, 568.2805884711482), (25, 619.0792557737703), (26, 605.4243555829419), (27, 599.2337962341145), (28, 619.186207482739), (29, 611.6377946946933), (30, 622.6122587233173), (31, 656.525569850036), (32, 647.5947472189448), (33, 637.7365346894483), (34, 646.8065934000033), (35, 666.3083527973399), (36, 662.6127821244431), (37, 662.9922598171551), (38, 665.0879557496359), (39, 653.4262395134245), (40, 667.2886432172859), (41, 666.6254818138622), (42, 678.9730033200825), (43, 663.5491582753507), (44, 690.8276171793995), (45, 669.3731662342358), (46, 690.7456796019999), (47, 662.5584204828), (48, 666.2629050975768), (49, 675.2133060338142), (50, 678.1003156072205)]
INFO flwr 2026-07-16 09:54:15,648 | app.py:226 | app_fit: metrics_distributed_fit {}
INFO flwr 2026-07-16 09:54:15,649 | app.py:227 | app_fit: metrics_distributed {'mae': [(1, 36.251452175182436), (2, 19.49310644129978), (3, 18.331588884141528), (4, 17.047554610590346), (5, 17.48393127513266), (6, 17.47280731515559), (7, 16.250589239052502), (8, 16.077486525711866), (9, 16.988987646559174), (10, 16.651564258076096), (11, 16.47701608987943), (12, 16.612618400723168), (13, 16.012297176796736), (14, 17.259219665796817), (15, 17.79501255663766), (16, 17.41215203852849), (17, 17.7779496554375), (18, 18.303386810924977), (19, 17.850769279167228), (20, 18.861318950210077), (21, 18.332569124355928), (22, 18.55183430018114), (23, 19.662974382000588), (24, 18.67306118099258), (25, 19.475509653762053), (26, 19.016834058356363), (27, 19.11902106998692), (28, 18.966118085286123), (29, 19.026050517406706), (30, 19.279072453579378), (31, 19.605703121153866), (32, 19.585076364041345), (33, 19.259965800657195), (34, 19.51263162506146), (35, 20.22835985036934), (36, 19.873181830072102), (37, 19.682134675658084), (38, 20.07929689802782), (39, 19.6525145086374), (40, 19.663975208024837), (41, 19.98464546542498), (42, 20.00939629060814), (43, 19.562516945046124), (44, 20.2003680309519), (45, 20.002847668038285), (46, 20.429787692249963), (47, 19.888601708128917), (48, 19.956815630392104), (49, 20.053525326326753), (50, 20.42340266642039)]}
INFO flwr 2026-07-16 09:54:15,650 | app.py:228 | app_fit: losses_centralized [(0, 0.0), (1, 0.0), (2, 0.0), (3, 0.0), (4, 0.0), (5, 0.0), (6, 0.0), (7, 0.0), (8, 0.0), (9, 0.0), (10, 0.0), (11, 0.0), (12, 0.0), (13, 0.0), (14, 0.0), (15, 0.0), (16, 0.0), (17, 0.0), (18, 0.0), (19, 0.0), (20, 0.0), (21, 0.0), (22, 0.0), (23, 0.0), (24, 0.0), (25, 0.0), (26, 0.0), (27, 0.0), (28, 0.0), (29, 0.0), (30, 0.0), (31, 0.0), (32, 0.0), (33, 0.0), (34, 0.0), (35, 0.0), (36, 0.0), (37, 0.0), (38, 0.0), (39, 0.0), (40, 0.0), (41, 0.0), (42, 0.0), (43, 0.0), (44, 0.0), (45, 0.0), (46, 0.0), (47, 0.0), (48, 0.0), (49, 0.0), (50, 0.0)]
INFO flwr 2026-07-16 09:54:15,651 | app.py:229 | app_fit: metrics_centralized {'mae': [(0, 75.7153694928843), (1, 37.69019193907042), (2, 18.265777109212397), (3, 17.2398134327303), (4, 16.517563322796324), (5, 16.745437684666697), (6, 17.347414880185514), (7, 16.068032121106004), (8, 15.727013407526789), (9, 17.95411878202873), (10, 16.19686848592574), (11, 15.904303565448776), (12, 15.372034525779224), (13, 16.073846544538224), (14, 16.07643460675096), (15, 17.190433218672467), (16, 17.415653158799103), (17, 17.41352920458584), (18, 17.39668015807752), (19, 16.712227987046408), (20, 17.89626815972641), (21, 17.412239277224742), (22, 17.97925143076186), (23, 18.695315132730254), (24, 17.851282263354445), (25, 18.829264828597257), (26, 18.226320981058834), (27, 18.391640526907786), (28, 18.336293113737952), (29, 18.59656911282926), (30, 18.836703657643675), (31, 18.49804836994893), (32, 18.59229834567626), (33, 19.067141499758687), (34, 19.44922618792324), (35, 19.188744629672136), (36, 19.264967421307066), (37, 18.460529570413833), (38, 19.983103696904127), (39, 18.728987771111566), (40, 18.715301668321764), (41, 19.21413850231981), (42, 18.989609935569028), (43, 19.20107377542032), (44, 19.41382036245928), (45, 19.135217688718818), (46, 19.83890389107369), (47, 19.226055719677547), (48, 19.274033049358824), (49, 19.63654853202201), (50, 19.374085614119718)], 'nasa_score': [(0, 1642573.3146437176), (1, 126466.83057483254), (2, 2517.8451459020057), (3, 5128.483259461756), (4, 11557.950193803748), (5, 10354.35169972468), (6, 17811.625318564555), (7, 8007.815971114621), (8, 15196.269085801427), (9, 21268.782646387484), (10, 7330.599064747495), (11, 6656.6059730231345), (12, 3825.386312385619), (13, 5073.484066640741), (14, 3817.194858638392), (15, 5466.029430723718), (16, 6109.206441246217), (17, 6665.216971650506), (18, 5365.564877992276), (19, 5863.883410490553), (20, 8240.602263476427), (21, 5644.631993156965), (22, 5235.430510149763), (23, 6546.4340653518975), (24, 6020.363310449988), (25, 10434.69496696158), (26, 5987.365581558743), (27, 8409.630697238008), (28, 7340.213336730958), (29, 10024.45830426814), (30, 10568.88683983003), (31, 5747.979846515478), (32, 7899.086054868147), (33, 10950.372446126323), (34, 14839.89372133449), (35, 11093.942422216449), (36, 10823.41082605115), (37, 10009.122590610836), (38, 13623.0763299068), (39, 12366.692434904748), (40, 12639.038115207986), (41, 12441.057810641985), (42, 12619.428492641091), (43, 12805.986498222162), (44, 11263.720445561019), (45, 15375.09022960456), (46, 17878.118193835384), (47, 15581.377179561296), (48, 10764.639030157461), (49, 13794.526990444838), (50, 11939.767556466173)]}

FedProx: {'method': 'fedprox', 'dataset': 'FD002', 'seed': 303, 'test_mae': 19.3741, 'nasa_score': 11939.77, 'comm_kb': 28900.78}
INFO flwr 2026-07-20 17:21:29,079 | app.py:225 | app_fit: losses_distributed [(1, 1955.0219709402706), (2, 804.6057874112826), (3, 694.5026065594317), (4, 705.4530522247946), (5, 539.4805741550099), (6, 622.9901863537782), (7, 545.4166617206729), (8, 626.2550336549384), (9, 570.1321263407955), (10, 566.9307580254648), (11, 575.5660158123168), (12, 591.3641161885381), (13, 683.8401545125382), (14, 615.8303456278315), (15, 602.8710776283092), (16, 657.531353214189), (17, 630.9058709486908), (18, 651.7679942565256), (19, 727.1994955073304), (20, 709.2856766239923), (21, 780.0497103806844), (22, 704.417363991744), (23, 691.5240276331349), (24, 703.3334605821482), (25, 755.3619087678525), (26, 741.4393488694343), (27, 790.8906465807319), (28, 726.3260277720375), (29, 750.9395535032385), (30, 704.3909244252858), (31, 727.8838591884167), (32, 744.6101201410802), (33, 705.2673665552337), (34, 716.1798047825993), (35, 754.920595717796), (36, 733.8095550520735), (37, 739.2417723902025), (38, 733.9814015550282), (39, 705.2328493241295), (40, 737.6812780163091), (41, 706.9904573999105), (42, 721.2305586227776), (43, 720.6101184709477), (44, 723.1248818266633), (45, 730.5194177792325), (46, 764.2100846124496), (47, 725.801418559466), (48, 745.4791763490689), (49, 754.6713464128854), (50, 736.6980912861158)]
INFO flwr 2026-07-20 17:21:29,080 | app.py:226 | app_fit: metrics_distributed_fit {}
INFO flwr 2026-07-20 17:21:29,081 | app.py:227 | app_fit: metrics_distributed {'mae': [(1, 39.43518488319381), (2, 23.41692933361857), (3, 21.606044127636935), (4, 21.56277813559912), (5, 19.041754953364137), (6, 19.894197707959595), (7, 18.574223395670057), (8, 19.607144135648007), (9, 18.556389881006726), (10, 18.690211980815405), (11, 18.622522894258292), (12, 19.003250020143106), (13, 20.267297130936345), (14, 19.416349256073204), (15, 19.0809980667332), (16, 19.761739500782394), (17, 19.45519836123684), (18, 19.59943930147697), (19, 20.588882300152466), (20, 20.280583835515433), (21, 21.090862349694298), (22, 20.433905224186603), (23, 20.149706675036935), (24, 20.378039424416077), (25, 20.69903506592039), (26, 20.683248964038093), (27, 21.379752471142794), (28, 20.58017828546633), (29, 21.086223054180355), (30, 20.38702287007739), (31, 20.851158324248903), (32, 20.99949137751848), (33, 20.42842074235707), (34, 20.43728596883496), (35, 21.173097402116415), (36, 20.547116660191683), (37, 20.919538915048584), (38, 20.99973450112284), (39, 20.710673163052036), (40, 21.05108122626578), (41, 20.576394189080784), (42, 20.662728096873657), (43, 20.77945840628647), (44, 20.915138434974892), (45, 21.046105235517633), (46, 21.17097299643143), (47, 21.04002782410467), (48, 21.19185205093844), (49, 21.416172541931395), (50, 20.879465667433156)]}
INFO flwr 2026-07-20 17:21:29,082 | app.py:228 | app_fit: losses_centralized [(0, 0.0), (1, 0.0), (2, 0.0), (3, 0.0), (4, 0.0), (5, 0.0), (6, 0.0), (7, 0.0), (8, 0.0), (9, 0.0), (10, 0.0), (11, 0.0), (12, 0.0), (13, 0.0), (14, 0.0), (15, 0.0), (16, 0.0), (17, 0.0), (18, 0.0), (19, 0.0), (20, 0.0), (21, 0.0), (22, 0.0), (23, 0.0), (24, 0.0), (25, 0.0), (26, 0.0), (27, 0.0), (28, 0.0), (29, 0.0), (30, 0.0), (31, 0.0), (32, 0.0), (33, 0.0), (34, 0.0), (35, 0.0), (36, 0.0), (37, 0.0), (38, 0.0), (39, 0.0), (40, 0.0), (41, 0.0), (42, 0.0), (43, 0.0), (44, 0.0), (45, 0.0), (46, 0.0), (47, 0.0), (48, 0.0), (49, 0.0), (50, 0.0)]
INFO flwr 2026-07-20 17:21:29,082 | app.py:229 | app_fit: metrics_centralized {'mae': [(0, 74.56182355344525), (1, 39.3081341894437), (2, 20.303614476472713), (3, 18.386036303973107), (4, 19.051344661639003), (5, 17.078684236092), (6, 18.176396701326702), (7, 17.158564004198464), (8, 17.9680457630673), (9, 17.56759364816673), (10, 17.2272235362226), (11, 17.060411670493345), (12, 17.738737176283905), (13, 18.912608054613976), (14, 17.69112002619445), (15, 18.269342278881883), (16, 18.3786330315137), (17, 18.767344080803475), (18, 18.518316710777725), (19, 19.067235497434165), (20, 18.491458023837176), (21, 19.42519588912316), (22, 19.287069357500112), (23, 18.902307665025866), (24, 19.112636853369047), (25, 19.396657619697248), (26, 19.0931365996254), (27, 19.237227701312328), (28, 19.076286831417598), (29, 19.50125719313456), (30, 19.476805815825593), (31, 19.17595726366669), (32, 19.0238043884513), (33, 18.81062346351653), (34, 18.83795672678119), (35, 19.34231038627477), (36, 18.551232967597638), (37, 19.119140242057416), (38, 19.143912466336403), (39, 19.4751879202353), (40, 19.599563340882998), (41, 19.035093845087587), (42, 18.97183220174782), (43, 19.404955403685108), (44, 19.294341694894445), (45, 18.901235779279908), (46, 19.42363399520344), (47, 20.15230264258661), (48, 19.88377909126429), (49, 20.278187151581164), (50, 19.413312595323244)], 'nasa_score': [(0, 1504414.8901148844), (1, 31868.193175374225), (2, 2841.1312541779903), (3, 2420.2054547514604), (4, 3788.643867508472), (5, 3542.4753207456765), (6, 5240.108459281495), (7, 7190.552281110884), (8, 3951.5645391223115), (9, 6558.819175891963), (10, 3925.323071426714), (11, 3289.584596802433), (12, 3516.6066847423053), (13, 4233.655131435645), (14, 3565.214014430425), (15, 5615.8257586841055), (16, 4558.09723800539), (17, 8059.925984939318), (18, 9304.851201905636), (19, 10850.001070539445), (20, 7400.775578270039), (21, 6913.50238517409), (22, 8626.426335106498), (23, 9595.490370297506), (24, 13830.899332941386), (25, 8943.56898847076), (26, 7795.18346265913), (27, 12076.65195019242), (28, 13342.472101616822), (29, 8570.545509392083), (30, 17902.572726948885), (31, 14771.672332417245), (32, 13845.191035619151), (33, 15531.213232769529), (34, 9691.277472631224), (35, 17867.612816738947), (36, 17556.78927815892), (37, 21190.949744004272), (38, 20931.597244675315), (39, 23914.716792537856), (40, 27735.225469708705), (41, 21905.87348366805), (42, 23234.2587955872), (43, 29155.852215265695), (44, 25643.82039101939), (45, 23093.035066296277), (46, 31403.412734916204), (47, 47008.23075497565), (48, 40856.07758194736), (49, 40209.59082186636), (50, 28899.522656584937)]}

FedProx: {'method': 'fedprox', 'dataset': 'FD002', 'seed': 404, 'test_mae': 19.4133, 'nasa_score': 28899.52, 'comm_kb': 28900.78}
INFO flwr 2026-07-20 14:23:48,794 | app.py:225 | app_fit: losses_distributed [(1, 2261.641775710503), (2, 639.9507274545533), (3, 510.3972841157221), (4, 417.3707738620467), (5, 424.50915044525465), (6, 457.2713150583855), (7, 488.55581882082873), (8, 438.29017932986824), (9, 494.6061102058322), (10, 424.1002286968518), (11, 461.2647783912797), (12, 472.36737328886124), (13, 439.8455631846402), (14, 502.7114585430034), (15, 423.6812515010327), (16, 501.3131721240906), (17, 441.93348520244666), (18, 444.89564344404323), (19, 479.697884651903), (20, 424.58983872945925), (21, 449.37704386021335), (22, 472.96261079236984), (23, 447.2545505046394), (24, 470.98217848136477), (25, 466.7289016616233), (26, 460.37969873562395), (27, 470.4702136190715), (28, 461.073182764944), (29, 468.5013587744074), (30, 488.0644546798929), (31, 484.0821461357456), (32, 492.72849584099174), (33, 481.2361618572579), (34, 485.9990185580217), (35, 487.22544005969354), (36, 510.19482028182534), (37, 481.66126124024055), (38, 482.0947173677932), (39, 493.0554019716786), (40, 488.66065782638566), (41, 486.8120592920604), (42, 484.24226990611703), (43, 492.0572862293505), (44, 476.7445987765936), (45, 481.91979961553557), (46, 483.53990888430275), (47, 473.1911810630384), (48, 494.09097947582427), (49, 498.48280451971266), (50, 490.33665124713053)]
INFO flwr 2026-07-20 14:23:48,795 | app.py:226 | app_fit: metrics_distributed_fit {}
INFO flwr 2026-07-20 14:23:48,796 | app.py:227 | app_fit: metrics_distributed {'mae': [(1, 42.03623110657668), (2, 20.986173829933165), (3, 18.68549689481158), (4, 17.17848092946877), (5, 16.924011744825712), (6, 17.687931739553857), (7, 18.017605740378567), (8, 16.933668459096694), (9, 18.00920859353985), (10, 17.685442199450556), (11, 17.280831688328792), (12, 17.429586411323953), (13, 17.067060114618783), (14, 17.63172681367451), (15, 16.36100160100027), (16, 17.61970415465007), (17, 16.698011405228293), (18, 16.725709262446752), (19, 17.39388186912324), (20, 16.22927704562734), (21, 16.781009636602555), (22, 17.20786054881509), (23, 16.52598882655735), (24, 17.35601401186275), (25, 17.06776080896454), (26, 16.83096452926009), (27, 17.161845691615586), (28, 17.074575463667777), (29, 17.19616765902816), (30, 17.620990361445013), (31, 17.495315154017813), (32, 17.591626595794583), (33, 17.414313475140656), (34, 17.304415550035568), (35, 17.480278036376234), (36, 18.102869981376422), (37, 17.386053324572266), (38, 17.449889994454065), (39, 17.42114542942987), (40, 17.576763582074324), (41, 17.425662127371684), (42, 16.965474066908136), (43, 17.418939385472733), (44, 17.338412184965236), (45, 17.26444939317692), (46, 17.2477486774017), (47, 17.21000496902089), (48, 17.381397505394613), (49, 17.359322655813347), (50, 17.627487408236956)]}
INFO flwr 2026-07-20 14:23:48,796 | app.py:228 | app_fit: losses_centralized [(0, 0.0), (1, 0.0), (2, 0.0), (3, 0.0), (4, 0.0), (5, 0.0), (6, 0.0), (7, 0.0), (8, 0.0), (9, 0.0), (10, 0.0), (11, 0.0), (12, 0.0), (13, 0.0), (14, 0.0), (15, 0.0), (16, 0.0), (17, 0.0), (18, 0.0), (19, 0.0), (20, 0.0), (21, 0.0), (22, 0.0), (23, 0.0), (24, 0.0), (25, 0.0), (26, 0.0), (27, 0.0), (28, 0.0), (29, 0.0), (30, 0.0), (31, 0.0), (32, 0.0), (33, 0.0), (34, 0.0), (35, 0.0), (36, 0.0), (37, 0.0), (38, 0.0), (39, 0.0), (40, 0.0), (41, 0.0), (42, 0.0), (43, 0.0), (44, 0.0), (45, 0.0), (46, 0.0), (47, 0.0), (48, 0.0), (49, 0.0), (50, 0.0)]
INFO flwr 2026-07-20 14:23:48,797 | app.py:229 | app_fit: metrics_centralized {'mae': [(0, 74.55074335410328), (1, 40.82216124368911), (2, 18.84387019242099), (3, 17.462477989638636), (4, 15.970672496957668), (5, 16.176440249999057), (6, 16.73623321783589), (7, 17.06137706506206), (8, 16.003390798237334), (9, 17.085034407243764), (10, 16.800638511834457), (11, 16.474121325724834), (12, 16.769833295962066), (13, 16.709406116294126), (14, 17.185731530649782), (15, 15.806222587938935), (16, 16.768392437673445), (17, 16.041180853677993), (18, 16.520799250216097), (19, 17.11969836614307), (20, 15.888189481492208), (21, 16.413453267808126), (22, 17.101406638686722), (23, 16.104629170480383), (24, 16.457763583503635), (25, 16.832894122738637), (26, 17.219055286245457), (27, 17.09367000182163), (28, 16.317719176008893), (29, 16.80975576717421), (30, 17.276302197725155), (31, 17.172879325837243), (32, 17.970237893947765), (33, 17.217155103057507), (34, 16.991649576135583), (35, 17.283249004467113), (36, 17.662980083333018), (37, 17.718054303791533), (38, 17.709679194859095), (39, 17.68314296766598), (40, 17.84849311946442), (41, 17.692597996774328), (42, 17.088166873887698), (43, 17.268835944098395), (44, 17.288099009097774), (45, 17.656121552220643), (46, 17.598940396400952), (47, 17.558404458535684), (48, 17.25979654761355), (49, 17.710225617103134), (50, 17.616665158952987)], 'nasa_score': [(0, 1502926.354084678), (1, 22005.519797338955), (2, 2763.9218908468183), (3, 2192.4466744203364), (4, 1948.6425520094713), (5, 2702.6468298764407), (6, 4357.592265384411), (7, 11409.758629941225), (8, 6118.400991506151), (9, 7518.340466269388), (10, 5148.814133102722), (11, 8051.572447354245), (12, 8586.664504300403), (13, 6681.438598737641), (14, 7377.214240335844), (15, 8501.057027449337), (16, 10778.26026235322), (17, 9985.466248003695), (18, 7375.89995566209), (19, 8122.3197032934895), (20, 5339.836432064729), (21, 8413.303302107604), (22, 7479.330090976656), (23, 7042.95559516371), (24, 5910.903625110317), (25, 6051.090306576947), (26, 5736.446516877852), (27, 5350.141821870086), (28, 4698.385185939744), (29, 4376.310259636217), (30, 5269.619034865708), (31, 4884.798379758614), (32, 4919.474739791276), (33, 4876.925909189189), (34, 5140.524053014666), (35, 5695.651327689821), (36, 6223.936957079222), (37, 5575.596311652072), (38, 6001.474092290478), (39, 5756.051900172643), (40, 6130.317591022716), (41, 5130.639550145088), (42, 7227.111772313684), (43, 6633.935959707475), (44, 5296.377025553631), (45, 5578.037291352402), (46, 6472.039246585785), (47, 6125.477711110024), (48, 4854.821000017144), (49, 11664.182961729963), (50, 5773.543439896134)]}

FedProx: {'method': 'fedprox', 'dataset': 'FD002', 'seed': 505, 'test_mae': 17.6167, 'nasa_score': 5773.54, 'comm_kb': 28900.78}

INFO flwr 2026-07-20 15:07:27,234 | app.py:225 | app_fit: losses_distributed [(1, 2202.264126078288), (2, 686.4638852370413), (3, 721.2391187567459), (4, 582.7460221809254), (5, 522.6731564705832), (6, 510.0442185853657), (7, 508.165167975844), (8, 519.3483362967507), (9, 547.4596273087618), (10, 553.1645493055645), (11, 549.869612432781), (12, 591.9804507606908), (13, 594.4702369489167), (14, 621.7910607789693), (15, 635.1628782707348), (16, 696.0840204874675), (17, 668.942503808674), (18, 714.2974413219251), (19, 694.585097309581), (20, 685.9042850494385), (21, 684.7958253559314), (22, 675.8192226744535), (23, 695.5799750679417), (24, 722.9565543927645), (25, 694.1524936876799), (26, 711.291363070304), (27, 721.745644184581), (28, 707.7570820590906), (29, 701.3488851513779), (30, 705.0871253632663), (31, 702.2347471270645), (32, 705.5199679056803), (33, 707.4659941957708), (34, 709.6286494472571), (35, 720.5635707922149), (36, 727.9341697759795), (37, 736.9267547741271), (38, 733.1834016632615), (39, 728.9440729710094), (40, 731.2744496931109), (41, 727.1518105824788), (42, 744.0195368917365), (43, 722.590075850905), (44, 732.1929238637289), (45, 730.2965959850111), (46, 726.707410604912), (47, 743.734472863716), (48, 740.7809653834292), (49, 749.6363635481449), (50, 748.1098416445548)]
INFO flwr 2026-07-20 15:07:27,235 | app.py:226 | app_fit: metrics_distributed_fit {}
INFO flwr 2026-07-20 15:07:27,236 | app.py:227 | app_fit: metrics_distributed {'mae': [(1, 39.04980738497617), (2, 21.72283627275835), (3, 22.668084764898868), (4, 19.862430901276436), (5, 18.36737450340338), (6, 18.2541964997325), (7, 18.15493648658719), (8, 18.218839521366252), (9, 18.289805383431283), (10, 18.810224926889987), (11, 18.518996649666835), (12, 18.889699861250424), (13, 19.00065939405508), (14, 19.033025376838552), (15, 19.51329052385531), (16, 20.164705293638665), (17, 19.449639244037762), (18, 20.49567982021131), (19, 20.08483721185149), (20, 20.033086607330723), (21, 20.15457252912354), (22, 19.91421692015832), (23, 20.244221879724872), (24, 20.83991663016771), (25, 20.220222691694897), (26, 20.42771354098069), (27, 20.68567998932119), (28, 20.501584708063227), (29, 20.260388684272765), (30, 20.139488727377174), (31, 20.19600848482366), (32, 20.28429304465913), (33, 20.522450912835303), (34, 20.37345455027463), (35, 20.75404983089681), (36, 20.945013354326548), (37, 20.750148019665165), (38, 20.844414593671498), (39, 20.874665593055255), (40, 20.5655907869339), (41, 20.794815242499634), (42, 20.828743825879013), (43, 20.779875448712133), (44, 20.843574181983346), (45, 20.861501074673836), (46, 20.657673781587366), (47, 21.1322367118116), (48, 21.213081130646824), (49, 21.0613621423119), (50, 21.078688897166337)]}
INFO flwr 2026-07-20 15:07:27,237 | app.py:228 | app_fit: losses_centralized [(0, 0.0), (1, 0.0), (2, 0.0), (3, 0.0), (4, 0.0), (5, 0.0), (6, 0.0), (7, 0.0), (8, 0.0), (9, 0.0), (10, 0.0), (11, 0.0), (12, 0.0), (13, 0.0), (14, 0.0), (15, 0.0), (16, 0.0), (17, 0.0), (18, 0.0), (19, 0.0), (20, 0.0), (21, 0.0), (22, 0.0), (23, 0.0), (24, 0.0), (25, 0.0), (26, 0.0), (27, 0.0), (28, 0.0), (29, 0.0), (30, 0.0), (31, 0.0), (32, 0.0), (33, 0.0), (34, 0.0), (35, 0.0), (36, 0.0), (37, 0.0), (38, 0.0), (39, 0.0), (40, 0.0), (41, 0.0), (42, 0.0), (43, 0.0), (44, 0.0), (45, 0.0), (46, 0.0), (47, 0.0), (48, 0.0), (49, 0.0), (50, 0.0)]
INFO flwr 2026-07-20 15:07:27,237 | app.py:229 | app_fit: metrics_centralized {'mae': [(0, 75.7923873685962), (1, 41.35428310084988), (2, 17.531145230223313), (3, 18.961273016616644), (4, 16.752924092487937), (5, 15.818110180637552), (6, 15.413613080057859), (7, 15.886457251766013), (8, 15.74103392229117), (9, 16.528231784643815), (10, 16.26949217881015), (11, 16.000203355398877), (12, 16.646012098172456), (13, 16.716839271162467), (14, 16.243279578602912), (15, 16.924889479824934), (16, 16.78427878125754), (17, 17.02580804714365), (18, 17.473172349819347), (19, 17.0393357184863), (20, 17.05472862214195), (21, 16.774574596449217), (22, 16.948127260539522), (23, 17.34628895719079), (24, 19.35343090263573), (25, 17.281816626147414), (26, 17.23739665999836), (27, 17.937847240551097), (28, 17.596076332003914), (29, 18.161282528321255), (30, 17.725926723259295), (31, 17.889103046255222), (32, 18.078541862458337), (33, 18.73156789094785), (34, 18.386477901208355), (35, 18.70617642641988), (36, 19.27310068727), (37, 18.627752429269915), (38, 18.72919145237985), (39, 18.96563010050063), (40, 18.780924049583643), (41, 18.988714144496843), (42, 19.142980605018646), (43, 19.14085109077365), (44, 19.21051803058639), (45, 18.43420106011468), (46, 19.60398635716972), (47, 19.779481114567936), (48, 19.565258983479502), (49, 19.68665955885957), (50, 20.000712516224983)], 'nasa_score': [(0, 1654129.4259259212), (1, 385639.431438283), (2, 2806.316679290648), (3, 4908.11139370761), (4, 2403.1806476363186), (5, 4228.892201134816), (6, 4599.192976520913), (7, 5556.4160700548255), (8, 3495.0796575965874), (9, 6268.078156732891), (10, 6659.734748868307), (11, 5344.1095032991725), (12, 4361.48244582169), (13, 5471.965252192042), (14, 4573.541318092337), (15, 4554.459092917303), (16, 4468.266103486387), (17, 6538.4339424922655), (18, 3976.601532697501), (19, 7205.332949031956), (20, 5587.512790655335), (21, 4986.502403795415), (22, 7304.776379774166), (23, 5296.672200759538), (24, 11970.58682330744), (25, 7763.599379563988), (26, 6806.740293964611), (27, 7183.262479439323), (28, 8151.152382875718), (29, 8074.611687167375), (30, 13998.863848072944), (31, 9655.512993104196), (32, 16655.148839125006), (33, 13857.268799256773), (34, 14634.080280631435), (35, 13963.670732047656), (36, 13074.93028441353), (37, 16729.33390458271), (38, 16182.522583343163), (39, 15722.223975825878), (40, 16488.742811631648), (41, 15802.120672042262), (42, 16741.085866289584), (43, 17146.89796544134), (44, 16099.906293913033), (45, 13157.3777724297), (46, 15223.895802621031), (47, 15681.109866791454), (48, 13946.064928213378), (49, 14891.693931181173), (50, 17028.581727697507)]}

FedProx: {'method': 'fedprox', 'dataset': 'FD002', 'seed': 606, 'test_mae': 20.0007, 'nasa_score': 17028.58, 'comm_kb': 28900.78}

INFO flwr 2026-07-20 15:52:18,882 | app.py:225 | app_fit: losses_distributed [(1, 1877.2541488210165), (2, 881.595782130843), (3, 703.8293314369803), (4, 652.543874001729), (5, 557.8973193867503), (6, 608.1845284584913), (7, 630.5979284706544), (8, 547.6533336308938), (9, 553.9465350420942), (10, 725.9320843519827), (11, 585.9160041489008), (12, 702.5427388688688), (13, 627.5710837098266), (14, 707.7502729921569), (15, 685.932693513037), (16, 723.4154967496867), (17, 720.3482245812817), (18, 715.6036676043348), (19, 763.46050365623), (20, 749.6661913413374), (21, 715.5948381510204), (22, 700.8217887234114), (23, 725.1426335135563), (24, 743.1644570636531), (25, 711.1759472560477), (26, 726.3887057279961), (27, 705.3350933765396), (28, 738.6548916169394), (29, 718.5520058106373), (30, 805.8129645508983), (31, 713.3777448661034), (32, 719.1264593102151), (33, 722.1734583225855), (34, 721.6806165685422), (35, 720.7887073361798), (36, 734.6986667931931), (37, 741.1121736185423), (38, 693.3383428185571), (39, 742.3691209383853), (40, 744.1662446747707), (41, 710.2664863159938), (42, 725.4755838424718), (43, 711.8741562024329), (44, 723.9784553480445), (45, 718.3632676489436), (46, 722.3848838710546), (47, 730.6781088928908), (48, 710.3789706172488), (49, 715.8365362191676), (50, 747.4529700610221)]
INFO flwr 2026-07-20 15:52:18,882 | app.py:226 | app_fit: metrics_distributed_fit {}
INFO flwr 2026-07-20 15:52:18,883 | app.py:227 | app_fit: metrics_distributed {'mae': [(1, 38.59801828958662), (2, 24.078338436614303), (3, 22.315878423429126), (4, 21.43110850382906), (5, 19.50207986049147), (6, 19.57864016204199), (7, 19.877668666517447), (8, 19.003958265519262), (9, 18.79056142121342), (10, 20.848411059163944), (11, 19.135024874769186), (12, 20.52402232921343), (13, 19.783663396262728), (14, 20.717589658629315), (15, 20.500907969238373), (16, 21.089891644050006), (17, 20.977497350238203), (18, 21.094857313046596), (19, 21.503754410125907), (20, 21.399358618242545), (21, 21.28372463011412), (22, 21.24661191533149), (23, 21.581879282719925), (24, 21.489369555653422), (25, 21.248053807090983), (26, 21.3531612665601), (27, 21.09057834006296), (28, 21.48153340552801), (29, 21.437840279766945), (30, 22.11841877428836), (31, 21.2420216340365), (32, 21.219620874975845), (33, 21.339795088396492), (34, 21.553307382476167), (35, 21.350341068395437), (36, 21.815945105393155), (37, 21.57616795305724), (38, 20.97441988821654), (39, 21.74289595936591), (40, 21.41545942243543), (41, 21.30132249348094), (42, 21.459578119306844), (43, 21.565227878708146), (44, 21.539039751277116), (45, 21.35102695092223), (46, 21.467793943420325), (47, 21.317987239164662), (48, 20.864352850920756), (49, 21.276749983038584), (50, 21.78729992613263)]}
INFO flwr 2026-07-20 15:52:18,884 | app.py:228 | app_fit: losses_centralized [(0, 0.0), (1, 0.0), (2, 0.0), (3, 0.0), (4, 0.0), (5, 0.0), (6, 0.0), (7, 0.0), (8, 0.0), (9, 0.0), (10, 0.0), (11, 0.0), (12, 0.0), (13, 0.0), (14, 0.0), (15, 0.0), (16, 0.0), (17, 0.0), (18, 0.0), (19, 0.0), (20, 0.0), (21, 0.0), (22, 0.0), (23, 0.0), (24, 0.0), (25, 0.0), (26, 0.0), (27, 0.0), (28, 0.0), (29, 0.0), (30, 0.0), (31, 0.0), (32, 0.0), (33, 0.0), (34, 0.0), (35, 0.0), (36, 0.0), (37, 0.0), (38, 0.0), (39, 0.0), (40, 0.0), (41, 0.0), (42, 0.0), (43, 0.0), (44, 0.0), (45, 0.0), (46, 0.0), (47, 0.0), (48, 0.0), (49, 0.0), (50, 0.0)]
INFO flwr 2026-07-20 15:52:18,885 | app.py:229 | app_fit: metrics_centralized {'mae': [(0, 75.26924491895211), (1, 38.863471719749185), (2, 20.03427384718965), (3, 18.748121419928708), (4, 18.17082166119432), (5, 16.600195013878427), (6, 17.32852316086817), (7, 17.767697354541323), (8, 16.942761384382212), (9, 16.835380020288888), (10, 19.56505350900893), (11, 16.93395235731795), (12, 18.098512866782407), (13, 17.053881825627506), (14, 17.57852654475503), (15, 17.636178627897873), (16, 18.051073118526503), (17, 17.45906535262767), (18, 17.785070459815067), (19, 17.815045183689897), (20, 17.364100452555654), (21, 17.54122510563913), (22, 18.423354196732568), (23, 18.576598771290428), (24, 17.717567797333118), (25, 18.05763682067164), (26, 17.818742921453644), (27, 18.28829917760429), (28, 18.182811508767852), (29, 18.2821257602294), (30, 18.134667635884526), (31, 18.43971519028358), (32, 17.88765491942181), (33, 18.541649910473915), (34, 18.796172727489104), (35, 18.08493556018962), (36, 18.15544506941983), (37, 18.47293318376578), (38, 18.468622052991712), (39, 18.40765347720113), (40, 18.10532651628767), (41, 18.357289192759392), (42, 18.265986033848353), (43, 18.979283631078065), (44, 18.999799559015106), (45, 18.87492932500066), (46, 18.780670350122637), (47, 18.726615007319506), (48, 18.829464930825253), (49, 18.92690389036672), (50, 18.69088684730088)], 'nasa_score': [(0, 1586808.8986438417), (1, 36032.416895170376), (2, 3628.3301941097398), (3, 2572.519980001359), (4, 3043.607791908721), (5, 3737.7090293122856), (6, 10251.557429730692), (7, 7844.9607271772675), (8, 12646.209855253876), (9, 9937.464928485617), (10, 10645.391424386695), (11, 8716.890246941573), (12, 6832.985212573909), (13, 4659.727907093774), (14, 5125.411173396761), (15, 3835.6986214029093), (16, 4290.856628693781), (17, 3688.426999209655), (18, 3417.216385037639), (19, 3805.5693365825377), (20, 4042.2008421318324), (21, 5480.027455949419), (22, 6539.030341272698), (23, 5141.901823965973), (24, 5792.475443576308), (25, 5927.6766849238575), (26, 5022.268094987312), (27, 6536.699079995386), (28, 7312.725021469547), (29, 6487.4637737589965), (30, 6381.907783362789), (31, 8352.103040247193), (32, 6718.657637038392), (33, 7962.947333591957), (34, 8740.930346248831), (35, 7302.601179212032), (36, 7020.713961968588), (37, 8491.702533748921), (38, 9817.858357485955), (39, 7889.360734730546), (40, 7964.784652251629), (41, 11171.98195047667), (42, 9778.906385171735), (43, 9937.35840949965), (44, 9981.48398507198), (45, 10343.163964956246), (46, 9707.395546353737), (47, 10211.747623356678), (48, 12200.249387200383), (49, 10961.898228681624), (50, 10034.112186440423)]}

FedProx: {'method': 'fedprox', 'dataset': 'FD002', 'seed': 707, 'test_mae': 18.6909, 'nasa_score': 10034.11, 'comm_kb': 28900.78}

INFO flwr 2026-07-20 16:36:07,080 | app.py:225 | app_fit: losses_distributed [(1, 2437.526285166005), (2, 590.4628723855818), (3, 538.8000793016711), (4, 527.7452080052383), (5, 460.809931933946), (6, 461.47897088223374), (7, 489.4082166665402), (8, 499.7462786946524), (9, 495.0873744748673), (10, 513.6936360925469), (11, 537.6947847186394), (12, 625.0986214928834), (13, 551.3825704458154), (14, 557.5297899015471), (15, 591.0837961889133), (16, 582.0933957589982), (17, 608.2884107718854), (18, 606.1112625105135), (19, 630.2896850518196), (20, 606.3330940542951), (21, 624.8238566442018), (22, 647.2595455190847), (23, 619.1495851438398), (24, 626.6515169776637), (25, 631.1260767726072), (26, 645.0657455732238), (27, 655.4228512441147), (28, 646.8417829066879), (29, 656.0878206750529), (30, 663.0764730269319), (31, 658.0770299507167), (32, 656.4999034682601), (33, 650.9818623228423), (34, 665.6079773694375), (35, 679.7021479362123), (36, 684.1199452932614), (37, 661.8491424120226), (38, 661.9115236474988), (39, 682.5809814046676), (40, 723.7069882070052), (41, 708.9593402621219), (42, 663.2108834015808), (43, 681.7683317432128), (44, 717.7486755913027), (45, 721.766355741884), (46, 677.9912630714138), (47, 678.6666600641215), (48, 674.7359083914465), (49, 687.9377206817187), (50, 701.3741113660603)]
INFO flwr 2026-07-20 16:36:07,081 | app.py:226 | app_fit: metrics_distributed_fit {}
INFO flwr 2026-07-20 16:36:07,082 | app.py:227 | app_fit: metrics_distributed {'mae': [(1, 40.15982447930102), (2, 19.472713247758566), (3, 18.908444534581193), (4, 17.93859056034575), (5, 17.11064318816749), (6, 17.143131784276083), (7, 17.473928366437736), (8, 17.51061429924494), (9, 17.354084218117293), (10, 17.279934390086048), (11, 17.712962042822294), (12, 19.29273252921152), (13, 18.084129560853743), (14, 18.10595981521691), (15, 18.63112399771264), (16, 18.462204732905484), (17, 18.736009879329227), (18, 18.783669594522323), (19, 19.05983918832489), (20, 18.940289547123204), (21, 19.216838249646862), (22, 19.27298679457653), (23, 18.975215342200954), (24, 19.220374358639734), (25, 19.399523022278036), (26, 19.644952432587992), (27, 19.713323640982132), (28, 19.39918466095919), (29, 19.461540097057753), (30, 19.389050803359154), (31, 19.466779329721195), (32, 19.92347166122792), (33, 19.49828270902644), (34, 19.704106754256408), (35, 20.095191447928002), (36, 20.06803110781044), (37, 19.760250644705007), (38, 19.748547934215686), (39, 19.79745383310265), (40, 20.73201792650297), (41, 20.266095437696585), (42, 19.748085454036868), (43, 19.946959986459138), (44, 20.78123018813054), (45, 20.685358238855294), (46, 19.87430117328741), (47, 19.808139798696775), (48, 19.72758512359348), (49, 20.01593076915508), (50, 20.022273796327106)]}
INFO flwr 2026-07-20 16:36:07,082 | app.py:228 | app_fit: losses_centralized [(0, 0.0), (1, 0.0), (2, 0.0), (3, 0.0), (4, 0.0), (5, 0.0), (6, 0.0), (7, 0.0), (8, 0.0), (9, 0.0), (10, 0.0), (11, 0.0), (12, 0.0), (13, 0.0), (14, 0.0), (15, 0.0), (16, 0.0), (17, 0.0), (18, 0.0), (19, 0.0), (20, 0.0), (21, 0.0), (22, 0.0), (23, 0.0), (24, 0.0), (25, 0.0), (26, 0.0), (27, 0.0), (28, 0.0), (29, 0.0), (30, 0.0), (31, 0.0), (32, 0.0), (33, 0.0), (34, 0.0), (35, 0.0), (36, 0.0), (37, 0.0), (38, 0.0), (39, 0.0), (40, 0.0), (41, 0.0), (42, 0.0), (43, 0.0), (44, 0.0), (45, 0.0), (46, 0.0), (47, 0.0), (48, 0.0), (49, 0.0), (50, 0.0)]
INFO flwr 2026-07-20 16:36:07,083 | app.py:229 | app_fit: metrics_centralized {'mae': [(0, 73.58749018580757), (1, 42.86326345789847), (2, 16.957769165628203), (3, 16.964234031765617), (4, 16.986125640427282), (5, 15.203324542542683), (6, 15.40345372380437), (7, 15.832342068661134), (8, 15.962323672983176), (9, 15.216415368452035), (10, 15.238397099336602), (11, 15.92380140923165), (12, 16.71655834595669), (13, 15.960527749595494), (14, 15.851186586623026), (15, 16.05455613596559), (16, 16.69683890177016), (17, 16.603193272034634), (18, 16.76413630334567), (19, 16.72972463732981), (20, 16.87923372850455), (21, 17.208796294959814), (22, 17.109252554109197), (23, 16.97653238009302), (24, 17.82398343914724), (25, 17.745500697132243), (26, 18.140769280982294), (27, 18.294964613601508), (28, 17.69518652661887), (29, 17.74877166379833), (30, 17.857058720238882), (31, 17.665055698409503), (32, 18.551161261599038), (33, 17.755955832345144), (34, 18.227289325021868), (35, 17.932408616349505), (36, 18.394472784977623), (37, 18.601117815290177), (38, 17.865496786404762), (39, 18.160049291190955), (40, 19.00512374966301), (41, 18.313349698040938), (42, 18.500731088940242), (43, 18.17736560129291), (44, 19.10723085292978), (45, 19.19914991607077), (46, 18.263264512463426), (47, 18.099714919867203), (48, 18.741698975728745), (49, 18.36181421169443), (50, 18.46459099316689)], 'nasa_score': [(0, 1394672.4298536563), (1, 624335.9635162964), (2, 3796.431659276935), (3, 3062.175361894768), (4, 3128.4993247863567), (5, 2698.733099372423), (6, 2713.2912917584777), (7, 2463.890616224023), (8, 2300.7493627155013), (9, 2664.1397971101446), (10, 3350.8853931048006), (11, 2777.2859275508854), (12, 8291.336539451051), (13, 3048.660702435281), (14, 3478.531152870601), (15, 3988.8940580557282), (16, 6954.89015236396), (17, 8640.459335156225), (18, 11390.484779714967), (19, 6894.81739835848), (20, 9224.687568247124), (21, 8251.67067388476), (22, 7744.527820113006), (23, 12145.497734383043), (24, 14317.937316976044), (25, 12296.262587119396), (26, 11015.297082724677), (27, 11353.252292638212), (28, 10744.720820103212), (29, 9088.36580859416), (30, 15468.25711912254), (31, 9755.137722545316), (32, 13563.661910046638), (33, 11495.86936264822), (34, 9293.874874169014), (35, 8347.450265797735), (36, 14255.772775130921), (37, 16578.084929705838), (38, 11217.448996485553), (39, 12752.0929404096), (40, 20971.15595899399), (41, 18362.060649225845), (42, 13762.028027474707), (43, 15243.661565012168), (44, 18880.69603711734), (45, 20695.536874984144), (46, 13723.155800691275), (47, 13648.401883237175), (48, 14331.360924400586), (49, 15360.154633985732), (50, 18420.581649205953)]}

FedProx: {'method': 'fedprox', 'dataset': 'FD002', 'seed': 808, 'test_mae': 18.4646, 'nasa_score': 18420.58, 'comm_kb': 28900.78}

INFO flwr 2026-07-16 10:40:36,644 | app.py:225 | app_fit: losses_distributed [(1, 1797.8867106601188), (2, 838.7211086165338), (3, 612.3459676983889), (4, 568.8376341567911), (5, 523.9297364492896), (6, 490.49121940066635), (7, 527.0350374413416), (8, 554.7180315671332), (9, 535.6580980942296), (10, 597.434097109516), (11, 711.8317850471284), (12, 630.3392310179808), (13, 645.4919085765569), (14, 607.8211272587536), (15, 630.4392737156646), (16, 623.4229623057547), (17, 639.3643109229994), (18, 697.7418369547934), (19, 620.9763234384986), (20, 664.8767589250117), (21, 656.754793548431), (22, 661.4997936529508), (23, 639.4080720774894), (24, 691.302393388337), (25, 623.8849923986936), (26, 664.5622319568965), (27, 690.0302243046276), (28, 599.435934002136), (29, 631.4884801741853), (30, 661.4108716843481), (31, 655.2116291970941), (32, 629.2114500386552), (33, 654.8465207415256), (34, 671.5715400079268), (35, 679.3911106988521), (36, 653.8727531486651), (37, 669.3973241744453), (38, 639.3347786520344), (39, 657.3413961260214), (40, 654.8153567011045), (41, 652.893200158547), (42, 651.8453647819291), (43, 642.2829961537693), (44, 679.4671112849953), (45, 626.1197116592496), (46, 660.2787543389179), (47, 650.4286762403539), (48, 646.7137302408626), (49, 648.2150471536053), (50, 637.0091369947116)]
INFO flwr 2026-07-16 10:40:36,645 | app.py:226 | app_fit: metrics_distributed_fit {}
INFO flwr 2026-07-16 10:40:36,646 | app.py:227 | app_fit: metrics_distributed {'mae': [(1, 35.9845229677239), (2, 23.42452562331006), (3, 20.394287686704608), (4, 19.477339478755297), (5, 18.932921202311373), (6, 18.09096857147033), (7, 18.750373704748498), (8, 18.86836434653653), (9, 18.115241227801107), (10, 19.38270701428848), (11, 20.60952393784417), (12, 19.735592534600887), (13, 19.74021068211187), (14, 19.158564713093522), (15, 19.561980820237597), (16, 19.418006320216744), (17, 19.656239862214452), (18, 20.431008543928996), (19, 19.411966203185106), (20, 20.321422733332128), (21, 19.880239811980083), (22, 20.176974898185907), (23, 19.97866577238699), (24, 20.359912391365807), (25, 19.518187850659945), (26, 20.201228481221587), (27, 20.356384871119317), (28, 19.330410931520095), (29, 19.759718442312195), (30, 20.205281768601477), (31, 19.970686541737646), (32, 19.698116731232528), (33, 20.19398773335636), (34, 20.467678895999654), (35, 20.471428751634743), (36, 19.927474522557173), (37, 20.1893797330013), (38, 19.81475129136108), (39, 20.049273885417517), (40, 20.364668999307256), (41, 20.16083610906423), (42, 19.92582203540148), (43, 19.539440964705868), (44, 20.14557577178692), (45, 19.4228732925822), (46, 20.253372123921732), (47, 19.930313955979763), (48, 19.765918729585902), (49, 19.820064784482746), (50, 19.730510738633644)]}
INFO flwr 2026-07-16 10:40:36,646 | app.py:228 | app_fit: losses_centralized [(0, 0.0), (1, 0.0), (2, 0.0), (3, 0.0), (4, 0.0), (5, 0.0), (6, 0.0), (7, 0.0), (8, 0.0), (9, 0.0), (10, 0.0), (11, 0.0), (12, 0.0), (13, 0.0), (14, 0.0), (15, 0.0), (16, 0.0), (17, 0.0), (18, 0.0), (19, 0.0), (20, 0.0), (21, 0.0), (22, 0.0), (23, 0.0), (24, 0.0), (25, 0.0), (26, 0.0), (27, 0.0), (28, 0.0), (29, 0.0), (30, 0.0), (31, 0.0), (32, 0.0), (33, 0.0), (34, 0.0), (35, 0.0), (36, 0.0), (37, 0.0), (38, 0.0), (39, 0.0), (40, 0.0), (41, 0.0), (42, 0.0), (43, 0.0), (44, 0.0), (45, 0.0), (46, 0.0), (47, 0.0), (48, 0.0), (49, 0.0), (50, 0.0)]
INFO flwr 2026-07-16 10:40:36,648 | app.py:229 | app_fit: metrics_centralized {'mae': [(0, 73.8686096808625), (1, 38.849319988236005), (2, 20.205691089040986), (3, 17.822492573712324), (4, 17.655989164551254), (5, 17.783203397478378), (6, 16.957621423434105), (7, 17.456606577722262), (8, 17.576948162211416), (9, 17.299425014657864), (10, 18.185312742432114), (11, 18.20996042568251), (12, 17.506255090927066), (13, 17.71214435459564), (14, 17.914588633651437), (15, 17.3579909534528), (16, 17.853684149193487), (17, 17.72861757241621), (18, 17.96614849797547), (19, 17.903126237935542), (20, 18.63672757977224), (21, 18.07622397728408), (22, 18.870215533783078), (23, 18.83600749012126), (24, 18.955179313895325), (25, 18.58207365352675), (26, 18.483997746323986), (27, 19.169773013435275), (28, 18.315456051623958), (29, 18.667756990116075), (30, 18.887491793245882), (31, 18.93357612727692), (32, 18.68693054228676), (33, 18.746730723436276), (34, 19.583333475709424), (35, 18.891967515687686), (36, 18.725822242530615), (37, 19.275961032705418), (38, 19.183938958009698), (39, 19.080385554251063), (40, 19.840917130694887), (41, 18.87483851605861), (42, 18.867407412142366), (43, 18.70340273647235), (44, 18.686193812307703), (45, 18.811741265551003), (46, 18.850421471025033), (47, 19.02874621093043), (48, 19.12243348198968), (49, 19.271943861913496), (50, 18.717672046086964)], 'nasa_score': [(0, 1424937.3775893897), (1, 193690.88061398081), (2, 4102.809426196089), (3, 3134.927739755623), (4, 3713.5515959018585), (5, 4544.3739785008875), (6, 5015.256113725016), (7, 7022.092120303198), (8, 6983.418118488726), (9, 8562.97972382846), (10, 6478.544111239994), (11, 6048.511692868668), (12, 4973.483269032097), (13, 5883.256704112895), (14, 8277.226758473878), (15, 5411.301950974348), (16, 4966.269196029229), (17, 6123.811696884355), (18, 4356.133284384936), (19, 7873.161840551407), (20, 5193.200374925997), (21, 5554.127932155084), (22, 6772.173799916551), (23, 8405.652719959495), (24, 6837.049482153952), (25, 9183.20185672445), (26, 6434.969851468459), (27, 7911.97236562635), (28, 9933.026989208936), (29, 7898.622074563715), (30, 6666.670614956099), (31, 6322.2163209215), (32, 8771.636537665545), (33, 8963.696103083303), (34, 6282.213221872507), (35, 5339.455121707354), (36, 10535.924841093683), (37, 11053.489979441234), (38, 9730.950140716202), (39, 5964.529527414027), (40, 8607.461962120153), (41, 11320.88915013103), (42, 9594.387569741346), (43, 11238.62990054799), (44, 8200.811743742457), (45, 13318.624799674786), (46, 8006.097118430996), (47, 13606.86286968457), (48, 10652.253888482792), (49, 12466.370020087084), (50, 9128.960261737462)]}

FedProx: {'method': 'fedprox', 'dataset': 'FD002', 'seed': 2026, 'test_mae': 18.7177, 'nasa_score': 9128.96, 'comm_kb': 28900.78}
INFO flwr 2026-07-16 12:06:40,490 | app.py:225 | app_fit: losses_distributed [(1, 956.6266739815411), (2, 784.8803864863322), (3, 750.944366257574), (4, 814.7035339610313), (5, 883.1612380567324), (6, 862.8948381204943), (7, 868.3385738364839), (8, 898.9778931556017), (9, 908.935656349644), (10, 865.8116239480037), (11, 933.893560880211), (12, 885.0108514964954), (13, 947.7378982448379), (14, 877.547683632996), (15, 893.1724882058162), (16, 936.7426275137819), (17, 973.8919253036722), (18, 917.0975331730534), (19, 931.5607323314053), (20, 974.8702607666526), (21, 921.2945360792952), (22, 942.6552466597587), (23, 916.969073983274), (24, 1024.5914959997126), (25, 911.3678857918821), (26, 908.3124315170256), (27, 978.6095036707741), (28, 936.6499605819926), (29, 953.7734742740003), (30, 924.1947992249172), (31, 898.6213912740878), (32, 916.7704028740806), (33, 915.2269891280969), (34, 923.8577795040633), (35, 911.4899828184124), (36, 906.0188319068861), (37, 923.7482817393006), (38, 943.373585354162), (39, 970.3852799322012), (40, 931.677506557138), (41, 889.3272107405055), (42, 907.0178690677396), (43, 993.4247648235154), (44, 921.999008433555), (45, 932.6101799632413), (46, 892.9496452315615), (47, 915.0637867013696), (48, 858.0521365553949), (49, 941.2814071304863), (50, 868.2183423641579)]
INFO flwr 2026-07-16 12:06:40,491 | app.py:226 | app_fit: metrics_distributed_fit {}
INFO flwr 2026-07-16 12:06:40,492 | app.py:227 | app_fit: metrics_distributed {'mae': [(1, 25.274146841562864), (2, 23.11674444819791), (3, 22.203467706349798), (4, 22.54749964493053), (5, 23.464438104928163), (6, 23.331126855161344), (7, 23.626106570608183), (8, 24.088568121804574), (9, 24.13840076211599), (10, 23.476709736165024), (11, 24.346064281264525), (12, 23.43760778570474), (13, 24.406925722651792), (14, 23.583947291404073), (15, 23.492478098899188), (16, 24.207721620810556), (17, 24.43803363931453), (18, 24.036446099888558), (19, 23.819947792244356), (20, 24.898361376282566), (21, 24.07915314373741), (22, 24.20353010133811), (23, 23.935536013465832), (24, 25.03000433788419), (25, 23.906977562117927), (26, 23.75302937732609), (27, 24.774928289067024), (28, 24.155846170294012), (29, 24.306142986393173), (30, 23.819446802836122), (31, 23.707394066334768), (32, 23.598859397752797), (33, 23.845449581624074), (34, 23.52352241802813), (35, 23.623184838424397), (36, 23.442013148425268), (37, 23.8617606676695), (38, 24.078826534772965), (39, 24.305789269385606), (40, 23.941455215501886), (41, 23.28539467076917), (42, 23.544504642088377), (43, 24.239190219488922), (44, 23.729337424674462), (45, 23.600134795194876), (46, 23.03118950579012), (47, 23.624824194818547), (48, 22.495248808293354), (49, 23.69308940771975), (50, 22.386408687782687)]}
INFO flwr 2026-07-16 12:06:40,492 | app.py:228 | app_fit: losses_centralized []
INFO flwr 2026-07-16 12:06:40,493 | app.py:229 | app_fit: metrics_centralized {}

Ditto: {'method': 'ditto', 'dataset': 'FD002', 'seed': 42, 'test_mae': 22.0595, 'nasa_score': 20539.83, 'comm_kb': 28900.78}
INFO flwr 2026-07-16 13:30:58,245 | app.py:225 | app_fit: losses_distributed [(1, 857.7264804098062), (2, 999.5937694141346), (3, 957.2759649539157), (4, 1061.0405093646011), (5, 1047.5482968456568), (6, 949.2476766422415), (7, 1056.050568119224), (8, 1069.2124362364405), (9, 1028.9881017673877), (10, 1174.7430400745832), (11, 1103.7841299391823), (12, 1132.7974972368481), (13, 1144.8384464084945), (14, 1127.98113482148), (15, 1114.8506029578466), (16, 1160.1154975565346), (17, 1146.8704866158944), (18, 1080.267398384991), (19, 1086.3234710773795), (20, 1139.48857421875), (21, 1080.485271866094), (22, 1137.815952845982), (23, 1151.1335885827643), (24, 1131.5188881189872), (25, 1119.1728995733909), (26, 1147.043176507623), (27, 1091.5741218916794), (28, 1121.9904894935878), (29, 1106.3296443989482), (30, 1104.9817805779376), (31, 1078.0586543861916), (32, 1054.6803361843433), (33, 1052.4760899199393), (34, 1099.2999640610071), (35, 1101.4655403487106), (36, 1086.8682533984065), (37, 1141.2603816907658), (38, 1058.1426986123238), (39, 1044.1406952113432), (40, 1127.562111459912), (41, 1086.4397297490693), (42, 1160.2324962239927), (43, 1055.789003903676), (44, 1071.6510080871421), (45, 1126.9576417560004), (46, 1115.383009981066), (47, 1059.292339878756), (48, 1091.9572292780335), (49, 1076.2027270585031), (50, 1060.9876536979132)]
INFO flwr 2026-07-16 13:30:58,245 | app.py:226 | app_fit: metrics_distributed_fit {}
INFO flwr 2026-07-16 13:30:58,246 | app.py:227 | app_fit: metrics_distributed {'mae': [(1, 24.027678586912582), (2, 25.531584137920085), (3, 24.654048019192), (4, 25.93941376786139), (5, 25.48458287304932), (6, 24.609640326371743), (7, 25.786079117368256), (8, 25.879987450832434), (9, 25.391775111920843), (10, 27.177283899270048), (11, 26.57520411707064), (12, 26.658158298385853), (13, 26.813598107361578), (14, 26.355214109606784), (15, 26.607133087737346), (16, 27.10273315799695), (17, 26.661544483890644), (18, 26.08991594128566), (19, 26.02809596184875), (20, 26.86484041550817), (21, 26.58865490693699), (22, 27.0380573678909), (23, 27.299529901402966), (24, 26.763355324101184), (25, 26.486579450407213), (26, 26.946334491180757), (27, 26.29985884252698), (28, 26.631848412987804), (29, 26.480390109523196), (30, 26.180052844033973), (31, 26.11871518430172), (32, 25.629221491796063), (33, 25.86138977911451), (34, 25.879956582551515), (35, 26.637422413843584), (36, 26.42952540914951), (37, 26.69438162619149), (38, 25.983401903907563), (39, 25.7956707706562), (40, 26.47964888850701), (41, 26.22136749766284), (42, 27.108010275865393), (43, 25.681316812100007), (44, 26.199057273884854), (45, 26.837603165139384), (46, 26.25048571894781), (47, 25.95179602482725), (48, 26.277094653888195), (49, 25.723034293939392), (50, 25.747731244897114)]}
INFO flwr 2026-07-16 13:30:58,247 | app.py:228 | app_fit: losses_centralized []
INFO flwr 2026-07-16 13:30:58,248 | app.py:229 | app_fit: metrics_centralized {}

Ditto: {'method': 'ditto', 'dataset': 'FD002', 'seed': 101, 'test_mae': 20.2167, 'nasa_score': 14366.52, 'comm_kb': 28900.78}
INFO flwr 2026-07-16 14:56:21,852 | app.py:225 | app_fit: losses_distributed [(1, 1024.0219526159694), (2, 791.7175842241618), (3, 911.0462956107332), (4, 700.3231412770368), (5, 917.8042952155503), (6, 842.9428230953498), (7, 918.5133142349832), (8, 963.1483204553072), (9, 959.9288345565493), (10, 999.5902768613901), (11, 1118.7459873038913), (12, 1053.914712957003), (13, 1123.8928422810263), (14, 1087.7353717396168), (15, 1064.5167716996307), (16, 1225.9929071587912), (17, 1096.2240595547878), (18, 1121.0268091434832), (19, 1101.0362328521874), (20, 1065.8313007127324), (21, 1134.9456322488345), (22, 1118.0683324307122), (23, 1137.1142780766943), (24, 1197.2527664792558), (25, 1144.2990022801387), (26, 1133.6001635615303), (27, 1134.2178087412344), (28, 1112.9527308247232), (29, 1144.3612548803246), (30, 1099.2328516401235), (31, 1186.819343749602), (32, 1133.648622029809), (33, 1103.5704077877401), (34, 1124.1257809738397), (35, 1177.0536817665143), (36, 1155.9890508664369), (37, 1157.8258967347604), (38, 1165.8646429317098), (39, 1112.148103010177), (40, 1121.1061641017097), (41, 1114.2511450575967), (42, 1091.788713542861), (43, 1064.1033429501801), (44, 1111.9842432143187), (45, 1076.3809800893903), (46, 1154.9767704661149), (47, 1064.6776531813864), (48, 1117.45503334225), (49, 1098.891061159105), (50, 1089.50590522756)]
INFO flwr 2026-07-16 14:56:21,854 | app.py:226 | app_fit: metrics_distributed_fit {}
INFO flwr 2026-07-16 14:56:21,854 | app.py:227 | app_fit: metrics_distributed {'mae': [(1, 25.392700653441587), (2, 23.013272560980297), (3, 23.405964724747616), (4, 20.930782387116434), (5, 23.37660833358959), (6, 22.356474799919383), (7, 23.540983330883964), (8, 23.891373954950993), (9, 23.790632002630403), (10, 24.849740020898118), (11, 26.23900848570602), (12, 25.354991757929245), (13, 25.982444544517822), (14, 25.52336168847997), (15, 25.705235549388743), (16, 27.393918019629734), (17, 25.64812554402489), (18, 26.427818092308094), (19, 25.87545004856036), (20, 25.521637816950534), (21, 26.500764460589412), (22, 26.468624428313987), (23, 26.588977606328367), (24, 27.268476865226724), (25, 26.520307230290975), (26, 26.227861319090703), (27, 25.981516303265845), (28, 26.09151353314177), (29, 26.65023594374906), (30, 25.98927455957689), (31, 26.660818576181043), (32, 26.53682244993867), (33, 25.761407084607402), (34, 26.140215071457845), (35, 26.950350178790774), (36, 26.66229608388629), (37, 26.58641653567246), (38, 26.415147618879107), (39, 25.740875280098997), (40, 26.485499421184514), (41, 25.902722414390496), (42, 25.780122099988848), (43, 25.372158697204682), (44, 26.06541950156246), (45, 25.39392941435166), (46, 26.48563057788587), (47, 25.461830990498893), (48, 25.803463067505977), (49, 25.37513195167292), (50, 25.701965413472102)]}
INFO flwr 2026-07-16 14:56:21,855 | app.py:228 | app_fit: losses_centralized []
INFO flwr 2026-07-16 14:56:21,856 | app.py:229 | app_fit: metrics_centralized {}

Ditto: {'method': 'ditto', 'dataset': 'FD002', 'seed': 202, 'test_mae': 21.8385, 'nasa_score': 13760.06, 'comm_kb': 28900.78}
INFO flwr 2026-07-16 16:21:09,443 | app.py:225 | app_fit: losses_distributed [(1, 701.1125551713913), (2, 791.4081810313579), (3, 653.8945604838997), (4, 772.7272289610517), (5, 818.224624021347), (6, 785.7906322656856), (7, 915.4840913625801), (8, 826.6368953880809), (9, 941.8291232249829), (10, 892.4851773219256), (11, 906.0099542440802), (12, 894.8237918044111), (13, 868.5543282594695), (14, 944.9786114664618), (15, 896.0188590401592), (16, 906.4403693644097), (17, 959.3949544719413), (18, 896.5481712801048), (19, 927.9467742929721), (20, 985.1252678870441), (21, 911.531310329623), (22, 933.0967757445413), (23, 962.3123485128718), (24, 964.2788360442185), (25, 937.034570918736), (26, 969.7189957999346), (27, 965.1237580198223), (28, 980.1683017682126), (29, 937.9238603704813), (30, 937.6688704867823), (31, 926.1713450400283), (32, 893.2652178224067), (33, 962.0046325768519), (34, 907.5172178784313), (35, 933.4051923142451), (36, 961.6729495793559), (37, 917.5724100175996), (38, 935.6745733444637), (39, 917.7854813897583), (40, 912.4728368599716), (41, 945.0846208051607), (42, 942.2378153106353), (43, 944.9046693638766), (44, 893.3368733048911), (45, 917.7927180113328), (46, 944.7157115623934), (47, 921.491073796214), (48, 887.9254494664706), (49, 922.488926407868), (50, 885.483671413529)]
INFO flwr 2026-07-16 16:21:09,444 | app.py:226 | app_fit: metrics_distributed_fit {}
INFO flwr 2026-07-16 16:21:09,445 | app.py:227 | app_fit: metrics_distributed {'mae': [(1, 22.265902606294915), (2, 23.199961714452126), (3, 20.77917331686166), (4, 22.07063102783412), (5, 22.534264335562913), (6, 22.329670355379434), (7, 24.12755649778555), (8, 23.26837828704661), (9, 24.500533289410733), (10, 23.6944106721679), (11, 24.12523540046477), (12, 23.72993899968762), (13, 23.170138763383637), (14, 24.24754196982765), (15, 24.169005221579503), (16, 24.039174174517314), (17, 24.34412191440599), (18, 23.665183455303804), (19, 23.89908284098819), (20, 24.7245877247659), (21, 23.583845105069642), (22, 24.174065924604356), (23, 24.19496645616615), (24, 24.80759186118468), (25, 24.111322727752526), (26, 24.93047290117292), (27, 24.080415794301516), (28, 24.48990370223625), (29, 24.310030085798328), (30, 24.037765390648648), (31, 23.84465396137599), (32, 23.42418474570773), (33, 23.946378395336158), (34, 23.538614587866494), (35, 23.894921650968705), (36, 24.371681777642163), (37, 24.00154641939539), (38, 23.81302192718202), (39, 23.48186287629353), (40, 23.657853639854373), (41, 23.729231564835054), (42, 23.36446427997833), (43, 23.70082276916014), (44, 23.331210813264093), (45, 23.349519258033894), (46, 23.72407592778337), (47, 23.926932591615188), (48, 22.98177665241727), (49, 23.019211137778342), (50, 22.95746870407338)]}
INFO flwr 2026-07-16 16:21:09,446 | app.py:228 | app_fit: losses_centralized []
INFO flwr 2026-07-16 16:21:09,446 | app.py:229 | app_fit: metrics_centralized {}

Ditto: {'method': 'ditto', 'dataset': 'FD002', 'seed': 303, 'test_mae': 20.8429, 'nasa_score': 7856.96, 'comm_kb': 28900.78}
INFO flwr 2026-07-16 17:50:17,240 | app.py:225 | app_fit: losses_distributed [(1, 773.2979361207304), (2, 774.2516958704448), (3, 797.9012369722313), (4, 933.2153198780697), (5, 888.6939865243872), (6, 998.9717457528245), (7, 957.2902437144681), (8, 896.5076990336006), (9, 930.8090921099448), (10, 1009.4916338632789), (11, 988.3011417515129), (12, 1069.275730436733), (13, 1021.4836118647253), (14, 1000.4988217228564), (15, 1003.2140755111238), (16, 1017.480210534695), (17, 1065.8925566947696), (18, 1074.6005608050168), (19, 1036.913030177289), (20, 1079.7620034563008), (21, 1069.2293828884299), (22, 1048.1117555179599), (23, 1027.8984709549027), (24, 1081.7666430399704), (25, 1073.0116225893378), (26, 1104.1180886222146), (27, 1100.1550483466485), (28, 1077.7499510568298), (29, 1089.290011133439), (30, 1078.0024719666642), (31, 1099.3621552939499), (32, 1127.6482863930105), (33, 1114.8458938491542), (34, 1202.7210677265284), (35, 1044.804783874842), (36, 1056.7963856906865), (37, 1104.2569853738862), (38, 1063.8490772174646), (39, 1055.870371149804), (40, 1089.4672484519322), (41, 975.1424649951691), (42, 1062.687078781541), (43, 1074.2687909401848), (44, 1075.4846979894307), (45, 1008.4220799151035), (46, 1139.498983618394), (47, 971.6976960042399), (48, 1020.2184605389051), (49, 1006.8217377633018), (50, 990.103497487021)]
INFO flwr 2026-07-16 17:50:17,240 | app.py:226 | app_fit: metrics_distributed_fit {}
INFO flwr 2026-07-16 17:50:17,241 | app.py:227 | app_fit: metrics_distributed {'mae': [(1, 23.028085139511532), (2, 22.272920194885547), (3, 23.02377330484767), (4, 24.050496920426337), (5, 23.708081527872125), (6, 25.10291307188118), (7, 24.52643248483655), (8, 23.642124761386746), (9, 24.2418771833271), (10, 24.832411502916923), (11, 24.996674777654935), (12, 25.58331894821984), (13, 25.21259486969282), (14, 24.95190490002094), (15, 24.819067096002648), (16, 25.187098396787764), (17, 25.75939424888438), (18, 25.885973139423058), (19, 25.398260470356472), (20, 25.853941773230456), (21, 25.82874827655542), (22, 25.765788912271148), (23, 25.30933014127901), (24, 25.5109292203017), (25, 25.401233313961882), (26, 26.027065768566022), (27, 25.853512268303533), (28, 25.70494604464497), (29, 25.981816616712365), (30, 25.5455711222087), (31, 25.88728385968894), (32, 26.33641731349409), (33, 25.91467234709231), (34, 27.127894995517092), (35, 25.17121400846516), (36, 25.424362616713978), (37, 25.862101673434488), (38, 25.70459507088731), (39, 25.113753233688353), (40, 25.410342542924838), (41, 24.600676030177546), (42, 25.532910609164027), (43, 25.700919567044664), (44, 25.561275322498958), (45, 25.392062298109423), (46, 26.15959415049502), (47, 24.49390817553863), (48, 24.79506222346466), (49, 24.87080361156108), (50, 24.35942288909906)]}
INFO flwr 2026-07-16 17:50:17,241 | app.py:228 | app_fit: losses_centralized []
INFO flwr 2026-07-16 17:50:17,242 | app.py:229 | app_fit: metrics_centralized {}

Ditto: {'method': 'ditto', 'dataset': 'FD002', 'seed': 2026, 'test_mae': 20.9461, 'nasa_score': 10533.05, 'comm_kb': 28900.78}

