INFO flwr 2026-07-17 07:07:12,267 | app.py:225 | app_fit: losses_distributed [(1, 1768.8777656726058), (2, 373.4216980141299), (3, 358.70583201774025), (4, 336.23856968333126), (5, 440.59596653713385), (6, 326.18815889823424), (7, 301.9422599943259), (8, 350.82692239030075), (9, 339.6231159838449), (10, 313.31219405625336), (11, 309.17612085153934), (12, 337.49205352421336), (13, 306.4169914878875), (14, 313.8945780436198), (15, 323.19152132820864), (16, 347.8865777499434), (17, 298.508275752011), (18, 358.72153493205235), (19, 332.5211313762841), (20, 262.0103329101884), (21, 312.9350850101516), (22, 391.61755580575414), (23, 316.57831559614704), (24, 320.5899064095438), (25, 303.05713942054075), (26, 276.371346615677), (27, 336.3210441539096), (28, 328.22874494107816), (29, 311.03421771183946), (30, 321.90688911608873), (31, 283.3549399957669), (32, 281.6435813049397), (33, 309.1594332125818), (34, 293.2478802224864), (35, 302.4999558319373), (36, 304.7696739468179), (37, 320.9776104792619), (38, 302.4213682393312), (39, 334.55676810323644), (40, 296.5425905009032), (41, 319.0132409458889), (42, 277.1923922291229), (43, 313.5741312019439), (44, 296.2342077765383), (45, 318.4785819836442), (46, 361.27079999720155), (47, 302.17100919339026), (48, 303.91932831413664), (49, 290.6242539115574), (50, 287.93544842263924)]
INFO flwr 2026-07-17 07:07:12,268 | app.py:226 | app_fit: metrics_distributed_fit {}
INFO flwr 2026-07-17 07:07:12,269 | app.py:227 | app_fit: metrics_distributed {'mae': [(1, 33.657005685497175), (2, 14.70959012831938), (3, 14.301369340115071), (4, 14.454220058355721), (5, 15.548429109173801), (6, 13.663424004113722), (7, 13.329241788057471), (8, 14.251242086789981), (9, 13.986771933112063), (10, 13.594688564798107), (11, 13.366171613952075), (12, 13.569462396724736), (13, 13.33637850765183), (14, 13.477990190407976), (15, 13.350729004227912), (16, 13.807816085513872), (17, 12.532785550344917), (18, 13.800344488774678), (19, 13.367787743117342), (20, 12.211660543700608), (21, 12.82915737317956), (22, 14.35445218117655), (23, 13.048730443368944), (24, 13.09811345126789), (25, 12.969958091253348), (26, 12.40260313835697), (27, 13.271485325407449), (28, 13.278709903661756), (29, 12.92146399325847), (30, 13.68153219361236), (31, 12.601545907072085), (32, 12.438156961483761), (33, 13.023555583225095), (34, 12.910199836811373), (35, 12.864637461324298), (36, 12.956105788109017), (37, 13.472210710698908), (38, 12.979788519616811), (39, 13.187693498131472), (40, 12.77017437629549), (41, 13.039748074980121), (42, 12.173664032957456), (43, 13.20526958284642), (44, 12.714974779322528), (45, 13.224078905660958), (46, 13.633653961905377), (47, 12.797024649719319), (48, 12.99265917123385), (49, 12.757507182486915), (50, 12.893159219744334)]}
INFO flwr 2026-07-17 07:07:12,270 | app.py:228 | app_fit: losses_centralized [(0, 0.0), (1, 0.0), (2, 0.0), (3, 0.0), (4, 0.0), (5, 0.0), (6, 0.0), (7, 0.0), (8, 0.0), (9, 0.0), (10, 0.0), (11, 0.0), (12, 0.0), (13, 0.0), (14, 0.0), (15, 0.0), (16, 0.0), (17, 0.0), (18, 0.0), (19, 0.0), (20, 0.0), (21, 0.0), (22, 0.0), (23, 0.0), (24, 0.0), (25, 0.0), (26, 0.0), (27, 0.0), (28, 0.0), (29, 0.0), (30, 0.0), (31, 0.0), (32, 0.0), (33, 0.0), (34, 0.0), (35, 0.0), (36, 0.0), (37, 0.0), (38, 0.0), (39, 0.0), (40, 0.0), (41, 0.0), (42, 0.0), (43, 0.0), (44, 0.0), (45, 0.0), (46, 0.0), (47, 0.0), (48, 0.0), (49, 0.0), (50, 0.0)]
INFO flwr 2026-07-17 07:07:12,270 | app.py:229 | app_fit: metrics_centralized {'mae': [(0, 75.33591431137174), (1, 32.594076597094535), (2, 12.481104712486268), (3, 12.62346552848816), (4, 11.605045471191406), (5, 14.740134506225585), (6, 12.290408124923706), (7, 11.711251239776612), (8, 12.407314043045044), (9, 12.12737120628357), (10, 12.437690739631654), (11, 12.374720077514649), (12, 13.109904966354371), (13, 11.99822741508484), (14, 12.363553276062012), (15, 12.939592761993408), (16, 12.945532245635986), (17, 13.09807499885559), (18, 13.658136267662048), (19, 12.871669883728027), (20, 11.915237169265747), (21, 12.383010821342468), (22, 13.884951047897339), (23, 12.959576416015626), (24, 12.952207345962524), (25, 12.424608483314515), (26, 11.974729814529418), (27, 13.116464767456055), (28, 12.864147710800172), (29, 12.610181217193604), (30, 12.32981698513031), (31, 12.073359489440918), (32, 11.816488399505616), (33, 12.444358158111573), (34, 12.303299379348754), (35, 12.33949291229248), (36, 12.288012762069702), (37, 13.487617387771607), (38, 12.13118169784546), (39, 13.066305332183838), (40, 12.18100591659546), (41, 12.815888090133667), (42, 13.22953335762024), (43, 12.78934411048889), (44, 12.293217058181762), (45, 12.892741203308105), (46, 13.613997993469239), (47, 12.5039511013031), (48, 12.800789546966552), (49, 12.337170400619506), (50, 12.747862787246705)], 'nasa_score': [(0, 421449.3282138561), (1, 13696.747315951474), (2, 517.4534928765756), (3, 531.4077830795204), (4, 361.3435537022788), (5, 677.1986770603633), (6, 455.79274020705833), (7, 417.7258745922582), (8, 456.8329813682265), (9, 426.52166689996864), (10, 446.25323087844373), (11, 453.7001994010378), (12, 518.6711920341776), (13, 389.43873192021044), (14, 444.0456806577042), (15, 473.754932679529), (16, 488.3854220481442), (17, 506.533206665183), (18, 626.7605743345725), (19, 501.11001078143704), (20, 373.3630906920216), (21, 453.1781141492088), (22, 663.1075197569496), (23, 483.1186545940925), (24, 473.1771824778567), (25, 410.8233653984165), (26, 386.27033708557997), (27, 536.3248812187093), (28, 469.8207280043689), (29, 457.18303741759433), (30, 424.51944133588086), (31, 438.08274976182804), (32, 408.1570554304992), (33, 435.7728643059704), (34, 413.3060616449536), (35, 415.6725789528775), (36, 419.6232800441546), (37, 521.5866889630132), (38, 397.23166469360115), (39, 566.6336873870505), (40, 417.3633787522943), (41, 482.6730962453165), (42, 516.2835683527406), (43, 426.7500168995653), (44, 417.64723454221263), (45, 486.2589121623229), (46, 606.2847358670252), (47, 483.39717288240416), (48, 526.0356862334148), (49, 430.0564769710748), (50, 446.38634813945896)]}

FedAvg 42: {'method': 'fedavg', 'dataset': 'FD001', 'seed': 42, 'test_mae': 12.7479, 'nasa_score': 446.39, 'comm_kb': 28900.78}
INFO flwr 2026-07-17 07:31:04,183 | app.py:225 | app_fit: losses_distributed [(1, 1281.043836869102), (2, 763.982146667755), (3, 473.51227848295093), (4, 571.9453822931368), (5, 456.1320080659438), (6, 442.0919415742263), (7, 550.790585248605), (8, 398.0998600164334), (9, 423.9524281819661), (10, 400.67002668480825), (11, 582.728445305698), (12, 424.53973636122004), (13, 472.3645744228411), (14, 418.93918042275857), (15, 406.61086270905685), (16, 519.1024575717207), (17, 502.4279079332404), (18, 421.18916198791476), (19, 505.3279311462738), (20, 434.9772463469193), (21, 423.99313193973694), (22, 381.9629670752697), (23, 444.327768934899), (24, 372.77166714113037), (25, 387.01405882370705), (26, 407.04087074275975), (27, 410.1768666333642), (28, 403.3985293272553), (29, 348.6989676777212), (30, 379.7848387894066), (31, 361.540623479459), (32, 458.84777328361577), (33, 368.7218080679814), (34, 353.8989979116277), (35, 329.6187085633514), (36, 353.42876247880696), (37, 324.4481183366142), (38, 373.82422762998993), (39, 362.4505256450754), (40, 350.34666938533906), (41, 328.8946347062675), (42, 356.1944833781229), (43, 319.21401374736826), (44, 340.86436842156314), (45, 338.1047864015075), (46, 305.8430435889843), (47, 347.56309663314096), (48, 353.45474934804326), (49, 335.97067293913466), (50, 361.5796288791029)]
INFO flwr 2026-07-17 07:31:04,184 | app.py:226 | app_fit: metrics_distributed_fit {}
INFO flwr 2026-07-17 07:31:04,184 | app.py:227 | app_fit: metrics_distributed {'mae': [(1, 28.853805416646686), (2, 21.257905055974973), (3, 17.51907845892232), (4, 18.659958055649682), (5, 16.849229310763473), (6, 16.555234879746788), (7, 18.394667161696557), (8, 15.5592996946637), (9, 16.266580793274933), (10, 15.864195829626919), (11, 18.45662101872381), (12, 16.00531561716624), (13, 16.90190584143658), (14, 16.187540686291374), (15, 15.92437829356501), (16, 17.69533625797651), (17, 17.363351059817838), (18, 15.957977855402133), (19, 17.34879153278814), (20, 16.250556565236593), (21, 16.13493791858534), (22, 15.1626175773674), (23, 16.52120051009842), (24, 14.977884787788753), (25, 15.24225467446445), (26, 15.980344193271254), (27, 15.806720174353817), (28, 15.615322276272218), (29, 14.599784333964458), (30, 15.210569487995413), (31, 14.79433148959349), (32, 16.668433104795792), (33, 14.950435630325554), (34, 14.673074247597576), (35, 14.177828432023079), (36, 14.849822124679466), (37, 14.011722122651824), (38, 15.189117473581325), (39, 14.965266338531402), (40, 14.882093368084178), (41, 14.242375796821818), (42, 14.725105901410258), (43, 13.877434520349688), (44, 14.42884404584207), (45, 14.537788416849619), (46, 13.663699678395284), (47, 14.462414232746832), (48, 14.777673249004007), (49, 14.199269827576293), (50, 14.629469624642788)]}
INFO flwr 2026-07-17 07:31:04,185 | app.py:228 | app_fit: losses_centralized [(0, 0.0), (1, 0.0), (2, 0.0), (3, 0.0), (4, 0.0), (5, 0.0), (6, 0.0), (7, 0.0), (8, 0.0), (9, 0.0), (10, 0.0), (11, 0.0), (12, 0.0), (13, 0.0), (14, 0.0), (15, 0.0), (16, 0.0), (17, 0.0), (18, 0.0), (19, 0.0), (20, 0.0), (21, 0.0), (22, 0.0), (23, 0.0), (24, 0.0), (25, 0.0), (26, 0.0), (27, 0.0), (28, 0.0), (29, 0.0), (30, 0.0), (31, 0.0), (32, 0.0), (33, 0.0), (34, 0.0), (35, 0.0), (36, 0.0), (37, 0.0), (38, 0.0), (39, 0.0), (40, 0.0), (41, 0.0), (42, 0.0), (43, 0.0), (44, 0.0), (45, 0.0), (46, 0.0), (47, 0.0), (48, 0.0), (49, 0.0), (50, 0.0)]
INFO flwr 2026-07-17 07:31:04,186 | app.py:229 | app_fit: metrics_centralized {'mae': [(0, 74.67046918794513), (1, 23.214295072555544), (2, 16.958949785232544), (3, 13.385677065849304), (4, 14.767434678077699), (5, 13.311291761398316), (6, 13.198048915863037), (7, 14.08248926639557), (8, 12.844476718902587), (9, 12.71146638393402), (10, 12.413400950431823), (11, 15.023735437393189), (12, 12.977881355285644), (13, 13.772518358230592), (14, 12.939513115882873), (15, 12.542962827682494), (16, 14.24823148727417), (17, 13.748473238945007), (18, 13.043956999778748), (19, 14.030262012481689), (20, 13.260623750686646), (21, 13.299095783233643), (22, 12.768618469238282), (23, 13.28756498813629), (24, 12.185776033401488), (25, 12.012711572647095), (26, 12.724823994636536), (27, 12.9251079082489), (28, 12.675943841934204), (29, 11.983995857238769), (30, 12.732262287139893), (31, 12.212025508880615), (32, 13.981811380386352), (33, 11.838082008361816), (34, 11.820836887359619), (35, 11.676610975265502), (36, 11.795324258804321), (37, 11.340287599563599), (38, 11.89067253112793), (39, 11.908365888595581), (40, 11.774484376907349), (41, 11.6708034324646), (42, 11.89346360206604), (43, 11.300978927612304), (44, 11.753773975372315), (45, 11.34220317840576), (46, 10.761153812408446), (47, 11.901979284286499), (48, 10.908294591903687), (49, 11.519769678115845), (50, 11.804668884277344)], 'nasa_score': [(0, 398245.9851181007), (1, 3392.026370711583), (2, 1174.2805332537682), (3, 496.4280797811213), (4, 749.9732800972157), (5, 570.1798284688364), (6, 520.2011124751626), (7, 664.148593149249), (8, 517.2973374880314), (9, 437.1372427439689), (10, 406.9051082794988), (11, 904.2889397027907), (12, 492.39073072686926), (13, 592.2392187057205), (14, 459.892891266683), (15, 402.4881009616657), (16, 707.6113691017007), (17, 594.399942972175), (18, 455.92872233063486), (19, 674.0185967665512), (20, 531.9444734192766), (21, 575.9318936039875), (22, 487.5752599247022), (23, 460.88544421635396), (24, 333.32153920876294), (25, 389.25283111144694), (26, 398.09810297727404), (27, 466.76172591692074), (28, 608.9166728739581), (29, 379.59681672914286), (30, 455.526995738367), (31, 379.8249025498672), (32, 624.2538867520379), (33, 317.2878983394095), (34, 405.0732943333045), (35, 384.6072422096872), (36, 372.4283994198123), (37, 451.0695737707576), (38, 324.4101752489538), (39, 393.39259344282567), (40, 359.0355675741216), (41, 372.91623021049605), (42, 415.1206841399588), (43, 374.1393909383674), (44, 354.57446434622557), (45, 345.7423977714011), (46, 334.1626615007958), (47, 491.10834559738885), (48, 282.78684696397477), (49, 416.87620278601105), (50, 355.1895324108675)]}

FedAvg 101: {'method': 'fedavg', 'dataset': 'FD001', 'seed': 101, 'test_mae': 11.8047, 'nasa_score': 355.19, 'comm_kb': 28900.78}
INFO flwr 2026-07-17 07:55:13,618 | app.py:225 | app_fit: losses_distributed [(1, 1225.744550445511), (2, 611.4427312861405), (3, 542.3903443127886), (4, 565.3692624178109), (5, 561.5965838620006), (6, 552.3419754416062), (7, 473.86427066120626), (8, 452.2277881981546), (9, 481.785759572788), (10, 427.0572043866973), (11, 514.9550370129413), (12, 429.0185747322421), (13, 551.4215474644287), (14, 524.1760135568904), (15, 352.16920436218595), (16, 451.0403874715169), (17, 445.63996036075275), (18, 589.6606581060222), (19, 485.96022124544686), (20, 400.0468413614787), (21, 433.3100654438591), (22, 366.9877967777452), (23, 360.24674565458275), (24, 438.41406847578884), (25, 417.2536537044964), (26, 451.23251587963244), (27, 447.37513848472486), (28, 410.9113658644634), (29, 463.5918529607434), (30, 394.82467716370996), (31, 355.1424880624114), (32, 369.4592381711617), (33, 370.8423039883479), (34, 391.294780269332), (35, 339.95140663378857), (36, 346.2288451677065), (37, 358.3018986274784), (38, 392.0496246649605), (39, 349.8360828120256), (40, 357.1198388799602), (41, 376.9441611000597), (42, 364.8199567504944), (43, 366.2897295075147), (44, 352.62469610908937), (45, 366.1660290819291), (46, 415.8154552936792), (47, 366.34246058290614), (48, 375.379458364231), (49, 400.1284083740356), (50, 361.02695887422584)]
INFO flwr 2026-07-17 07:55:13,618 | app.py:226 | app_fit: metrics_distributed_fit {}
INFO flwr 2026-07-17 07:55:13,619 | app.py:227 | app_fit: metrics_distributed {'mae': [(1, 28.68027628531311), (2, 19.453188070326703), (3, 18.395617699825056), (4, 18.68621560335753), (5, 18.50975806711916), (6, 18.245323994650317), (7, 17.25906385755325), (8, 16.763652173571167), (9, 17.270403718734535), (10, 16.535098882474646), (11, 17.79998275232244), (12, 16.16705212239074), (13, 18.146263567083917), (14, 17.862422628550014), (15, 15.384265966657743), (16, 16.628322755037164), (17, 16.571279380828752), (18, 18.608526848059835), (19, 17.08072102669762), (20, 15.857191872466068), (21, 16.212553959672107), (22, 14.996528306646494), (23, 14.97887729089772), (24, 16.32664826596977), (25, 15.99503085170151), (26, 16.352289062978976), (27, 16.311704930465616), (28, 15.790407321437652), (29, 16.651562632288456), (30, 15.507625027444153), (31, 14.985569754582944), (32, 15.07796713363845), (33, 15.142979585536393), (34, 15.615281603261494), (35, 14.639152420891655), (36, 14.623058420303868), (37, 15.024412314097086), (38, 15.552095725872531), (39, 14.80551895052269), (40, 14.94035345247627), (41, 15.3028122054206), (42, 15.277060075844469), (43, 15.194531430281033), (44, 14.680112288018394), (45, 15.08352201805818), (46, 15.897056871821883), (47, 15.028748884804521), (48, 15.455699714428759), (49, 15.594879683060734), (50, 14.972342897898889)]}
INFO flwr 2026-07-17 07:55:13,620 | app.py:228 | app_fit: losses_centralized [(0, 0.0), (1, 0.0), (2, 0.0), (3, 0.0), (4, 0.0), (5, 0.0), (6, 0.0), (7, 0.0), (8, 0.0), (9, 0.0), (10, 0.0), (11, 0.0), (12, 0.0), (13, 0.0), (14, 0.0), (15, 0.0), (16, 0.0), (17, 0.0), (18, 0.0), (19, 0.0), (20, 0.0), (21, 0.0), (22, 0.0), (23, 0.0), (24, 0.0), (25, 0.0), (26, 0.0), (27, 0.0), (28, 0.0), (29, 0.0), (30, 0.0), (31, 0.0), (32, 0.0), (33, 0.0), (34, 0.0), (35, 0.0), (36, 0.0), (37, 0.0), (38, 0.0), (39, 0.0), (40, 0.0), (41, 0.0), (42, 0.0), (43, 0.0), (44, 0.0), (45, 0.0), (46, 0.0), (47, 0.0), (48, 0.0), (49, 0.0), (50, 0.0)]
INFO flwr 2026-07-17 07:55:13,621 | app.py:229 | app_fit: metrics_centralized {'mae': [(0, 75.29891641914844), (1, 22.009717314243318), (2, 14.62335979938507), (3, 13.53036536693573), (4, 13.582768397331238), (5, 13.67102201461792), (6, 13.537771654129028), (7, 12.567178010940552), (8, 12.517581787109375), (9, 12.590630702972412), (10, 12.005489044189453), (11, 12.84284038066864), (12, 12.20509165763855), (13, 13.615115838050842), (14, 12.866576738357544), (15, 10.759073238372803), (16, 12.089228296279908), (17, 11.66966025352478), (18, 13.678664450645448), (19, 12.101865601539611), (20, 11.60150866508484), (21, 11.878902292251587), (22, 11.21193603515625), (23, 10.93017047405243), (24, 11.795070643424987), (25, 11.43006254196167), (26, 12.459468412399293), (27, 12.014188413619996), (28, 11.92980188369751), (29, 12.06216594696045), (30, 11.643349933624268), (31, 10.940349073410035), (32, 11.193684368133544), (33, 11.02827693939209), (34, 11.371443824768066), (35, 10.503309564590454), (36, 10.724330072402955), (37, 10.906620597839355), (38, 11.143605117797852), (39, 11.162697124481202), (40, 10.641611337661743), (41, 11.143115673065186), (42, 10.752418918609619), (43, 10.879827060699462), (44, 10.930976028442382), (45, 11.441026611328125), (46, 11.691785192489624), (47, 11.162768898010254), (48, 11.295782251358032), (49, 11.625193729400635), (50, 11.288817977905273)], 'nasa_score': [(0, 416005.7013379776), (1, 2308.079787815008), (2, 672.3121866480519), (3, 569.087601387999), (4, 584.5311246084034), (5, 627.5926430010388), (6, 667.2365642672454), (7, 504.29149667589706), (8, 497.36721510920154), (9, 467.35064190242406), (10, 414.551150145808), (11, 490.8612612237252), (12, 452.4240303335602), (13, 670.8978249571476), (14, 537.9379225722053), (15, 323.1784820818524), (16, 431.6172027954412), (17, 387.47611655356667), (18, 603.204741124995), (19, 449.77613056101535), (20, 417.06340424339817), (21, 442.97049781595666), (22, 365.5120371783649), (23, 339.66367986581474), (24, 405.45136820324416), (25, 356.8999798770168), (26, 451.99684559003424), (27, 413.1424234191574), (28, 386.9548497008259), (29, 443.49755946569246), (30, 385.9248620121192), (31, 329.7478424637377), (32, 366.44682872217965), (33, 345.21573597386976), (34, 369.04200443943694), (35, 320.550949773963), (36, 321.2905808916035), (37, 316.72138396466556), (38, 364.06333548107176), (39, 372.2276113078917), (40, 300.78385838426607), (41, 348.95057607334616), (42, 317.21772761985574), (43, 311.2620041661087), (44, 369.9459050324195), (45, 343.83700513868655), (46, 348.35411430823285), (47, 310.78110910677935), (48, 318.6236498947563), (49, 359.6906832287114), (50, 347.15522208185354)]}

FedAvg 202: {'method': 'fedavg', 'dataset': 'FD001', 'seed': 202, 'test_mae': 11.2888, 'nasa_score': 347.16, 'comm_kb': 28900.78}
INFO flwr 2026-07-17 13:20:44,873 | app.py:227 | app_fit: metrics_distributed {'mae': [(1, 33.6814574348616), (2, 17.326896518674825), (3, 17.1815736655033), (4, 17.21652717732293), (5, 16.153800865236207), (6, 15.662343376307714), (7, 16.25985628819605), (8, 16.1691687668593), (9, 15.604709489874102), (10, 16.129769503468214), (11, 16.12541965092198), (12, 16.84745528937527), (13, 15.78885989338714), (14, 17.09659583235218), (15, 15.947296599135127), (16, 16.197639520848956), (17, 15.363689749878432), (18, 16.383717541489304), (19, 15.534433912939368), (20, 15.322428416597406), (21, 15.245777179813334), (22, 15.291286168613059), (23, 15.607748938899672), (24, 15.561550988091362), (25, 15.78033697269243), (26, 15.642312727983425), (27, 15.527600007510959), (28, 14.611257848937356), (29, 14.905745254305687), (30, 14.85018131189179), (31, 15.03659905986796), (32, 15.194686224712836), (33, 15.18865043035788), (34, 14.4422969919516), (35, 14.384244505615072), (36, 15.03163064685925), (37, 14.42658193741372), (38, 14.591607889300137), (39, 14.901783235145338), (40, 14.728015713080772), (41, 14.810071718052686), (42, 14.27406744143229), (43, 14.429445499945421), (44, 15.104238362340203), (45, 14.28107101089583), (46, 14.981926414321421), (47, 14.536651984989991), (48, 14.03738674364592), (49, 14.64333083666366), (50, 14.38555034736824)]}
INFO flwr 2026-07-17 13:20:44,874 | app.py:228 | app_fit: losses_centralized [(0, 0.0), (1, 0.0), (2, 0.0), (3, 0.0), (4, 0.0), (5, 0.0), (6, 0.0), (7, 0.0), (8, 0.0), (9, 0.0), (10, 0.0), (11, 0.0), (12, 0.0), (13, 0.0), (14, 0.0), (15, 0.0), (16, 0.0), (17, 0.0), (18, 0.0), (19, 0.0), (20, 0.0), (21, 0.0), (22, 0.0), (23, 0.0), (24, 0.0), (25, 0.0), (26, 0.0), (27, 0.0), (28, 0.0), (29, 0.0), (30, 0.0), (31, 0.0), (32, 0.0), (33, 0.0), (34, 0.0), (35, 0.0), (36, 0.0), (37, 0.0), (38, 0.0), (39, 0.0), (40, 0.0), (41, 0.0), (42, 0.0), (43, 0.0), (44, 0.0), (45, 0.0), (46, 0.0), (47, 0.0), (48, 0.0), (49, 0.0), (50, 0.0)]
INFO flwr 2026-07-17 13:20:44,874 | app.py:229 | app_fit: metrics_centralized {'mae': [(0, 74.99406534558162), (1, 30.57266224384308), (2, 16.59933180809021), (3, 16.226581315994263), (4, 16.60280339241028), (5, 14.328067111968995), (6, 14.015271944999695), (7, 14.601101608276368), (8, 14.527619285583496), (9, 13.908469686508178), (10, 14.86453134059906), (11, 14.509684991836547), (12, 14.519576215744019), (13, 13.802863941192626), (14, 15.514043521881103), (15, 14.3301833152771), (16, 14.623945326805115), (17, 13.558327598571777), (18, 15.061633610725403), (19, 13.859312329292298), (20, 13.718663454055786), (21, 13.145156183242797), (22, 13.408099851608277), (23, 13.659163246154785), (24, 13.506876974105834), (25, 14.155345659255982), (26, 13.778786487579346), (27, 13.819062395095825), (28, 12.932912797927857), (29, 13.28665940284729), (30, 13.508168334960937), (31, 13.406243467330933), (32, 13.04838324546814), (33, 13.556440010070801), (34, 12.915956630706788), (35, 13.326512050628661), (36, 13.651938982009888), (37, 13.020638742446899), (38, 13.470417070388795), (39, 13.273513069152832), (40, 12.795567378997802), (41, 12.765780391693115), (42, 12.829695949554443), (43, 12.561479635238648), (44, 13.487833166122437), (45, 12.781767120361328), (46, 13.043318605422973), (47, 12.727257862091065), (48, 12.37493800163269), (49, 12.965884389877319), (50, 12.464191303253173)], 'nasa_score': [(0, 407237.84084661043), (1, 6495.096257317836), (2, 848.8357648158678), (3, 747.3980841085457), (4, 887.9003088904701), (5, 541.8520946806563), (6, 558.7670431576007), (7, 628.923459133956), (8, 581.048232357651), (9, 546.4970256346235), (10, 690.4302611326954), (11, 645.3782691425116), (12, 593.0820483017918), (13, 519.9320489393135), (14, 876.7123625463959), (15, 678.1380051818016), (16, 718.868169623651), (17, 537.559888631981), (18, 720.1067056493087), (19, 529.5549285032594), (20, 564.6248972285791), (21, 472.98915546124124), (22, 470.36558424171363), (23, 510.52198926566757), (24, 513.9133565447178), (25, 633.7423025139923), (26, 554.359747409755), (27, 599.2863197350866), (28, 476.12091843004816), (29, 522.7386344542759), (30, 574.9424022355653), (31, 509.33379722855904), (32, 434.647774698046), (33, 491.4539097809785), (34, 432.5115241205455), (35, 527.1626437665018), (36, 520.4971245276096), (37, 465.3675332587788), (38, 504.7639551637655), (39, 484.20159168796516), (40, 442.5070641075584), (41, 507.74967040605895), (42, 459.9703474778941), (43, 424.5686623928471), (44, 562.6203927868069), (45, 454.78680128447735), (46, 473.5432433154244), (47, 409.15843236430624), (48, 390.8973370159146), (49, 456.3129973480963), (50, 403.3576237009927)]}

FedAvg 303: {'method': 'fedavg', 'dataset': 'FD001', 'seed': 303, 'test_mae': 12.4642, 'nasa_score': 403.36, 'comm_kb': 28900.78}

INFO flwr 2026-07-17 08:41:08,099 | app.py:225 | app_fit: losses_distributed [(1, 983.1264269756686), (2, 418.11577647843836), (3, 412.56019609859123), (4, 414.1562995433091), (5, 315.7391451710036), (6, 337.85643670889635), (7, 325.3380881411228), (8, 342.92956206771095), (9, 327.49594696151894), (10, 300.94114950960375), (11, 311.16080012199694), (12, 288.7954450214751), (13, 297.39289245452653), (14, 291.4734632389869), (15, 305.13629081622923), (16, 324.7192303271191), (17, 292.41194086356586), (18, 286.71318751809355), (19, 294.89007654701044), (20, 284.2708376224004), (21, 292.85522549571425), (22, 291.30081522124493), (23, 288.13344276363273), (24, 287.2029758428536), (25, 299.3271299389881), (26, 321.3896962310531), (27, 259.5668439182211), (28, 259.94165265231834), (29, 264.79769394692624), (30, 289.617987382991), (31, 270.7287641438354), (32, 301.17243076528854), (33, 302.99196884162916), (34, 264.4213387341755), (35, 272.59528488747526), (36, 275.15542367964787), (37, 238.52866145378957), (38, 280.15316888601944), (39, 265.2686123759614), (40, 271.75878714464517), (41, 295.60214600923604), (42, 290.79489722559913), (43, 275.0286723572908), (44, 273.82179860061086), (45, 276.53639835516213), (46, 262.94538391143846), (47, 260.7671219429853), (48, 269.9463082028438), (49, 279.6674047249463), (50, 266.552749687275)]
INFO flwr 2026-07-17 08:41:08,100 | app.py:226 | app_fit: metrics_distributed_fit {}
INFO flwr 2026-07-17 08:41:08,101 | app.py:227 | app_fit: metrics_distributed {'mae': [(1, 25.52097555942755), (2, 15.58828654788289), (3, 15.55406295793559), (4, 15.704855959476324), (5, 14.07620636200272), (6, 14.37907183474759), (7, 14.102622497063848), (8, 14.505597219624756), (9, 14.122224703632597), (10, 13.823837480607127), (11, 13.599450161532276), (12, 13.280845209426383), (13, 13.387265925533962), (14, 13.448887759587379), (15, 13.620332326301646), (16, 14.02910952097664), (17, 13.23220601103338), (18, 13.383831831951648), (19, 13.598349023712952), (20, 13.31123662150139), (21, 13.447137962297374), (22, 13.31172634305271), (23, 13.253214460047234), (24, 13.33332285023834), (25, 13.490270384920796), (26, 13.956614950864866), (27, 12.696996612195438), (28, 12.950912243256166), (29, 12.580366622941996), (30, 13.461857620214426), (31, 13.116937482840548), (32, 13.53487549845314), (33, 13.840922646004376), (34, 12.755848365959432), (35, 12.786099842445935), (36, 13.000345940224577), (37, 12.275403759631146), (38, 12.897321401146215), (39, 13.027558591047047), (40, 12.988839075454306), (41, 13.511495602626352), (42, 13.505510541517614), (43, 13.075361370503096), (44, 13.051133327264456), (45, 13.422938030722383), (46, 12.835128768420422), (47, 12.914329655121492), (48, 12.970401905271848), (49, 13.30417348840682), (50, 12.935993351217622)]}
INFO flwr 2026-07-17 08:41:08,101 | app.py:228 | app_fit: losses_centralized [(0, 0.0), (1, 0.0), (2, 0.0), (3, 0.0), (4, 0.0), (5, 0.0), (6, 0.0), (7, 0.0), (8, 0.0), (9, 0.0), (10, 0.0), (11, 0.0), (12, 0.0), (13, 0.0), (14, 0.0), (15, 0.0), (16, 0.0), (17, 0.0), (18, 0.0), (19, 0.0), (20, 0.0), (21, 0.0), (22, 0.0), (23, 0.0), (24, 0.0), (25, 0.0), (26, 0.0), (27, 0.0), (28, 0.0), (29, 0.0), (30, 0.0), (31, 0.0), (32, 0.0), (33, 0.0), (34, 0.0), (35, 0.0), (36, 0.0), (37, 0.0), (38, 0.0), (39, 0.0), (40, 0.0), (41, 0.0), (42, 0.0), (43, 0.0), (44, 0.0), (45, 0.0), (46, 0.0), (47, 0.0), (48, 0.0), (49, 0.0), (50, 0.0)]
INFO flwr 2026-07-17 08:41:08,102 | app.py:229 | app_fit: metrics_centralized {'mae': [(0, 74.6267657673359), (1, 26.387838654518127), (2, 14.861381063461303), (3, 14.659737882614136), (4, 13.755784015655518), (5, 11.92676631450653), (6, 12.630966677665711), (7, 12.851885070800781), (8, 13.376701703071594), (9, 13.146112489700318), (10, 12.715869107246398), (11, 13.347897238731385), (12, 12.70280200958252), (13, 12.418664412498474), (14, 12.272153720855712), (15, 12.537285614013673), (16, 12.50829336643219), (17, 12.214878997802735), (18, 12.43957537651062), (19, 12.44702205657959), (20, 11.915334157943725), (21, 12.091671180725097), (22, 11.952576498985291), (23, 12.491833152770996), (24, 12.301161818504333), (25, 12.964544582366944), (26, 12.981003313064575), (27, 11.015515880584717), (28, 11.477587280273438), (29, 11.94569619178772), (30, 12.462933893203735), (31, 11.357802534103394), (32, 11.75987771987915), (33, 10.972775506973267), (34, 10.82358024597168), (35, 11.610557165145874), (36, 11.717909574508667), (37, 10.902735509872436), (38, 11.638974132537841), (39, 11.561998872756957), (40, 11.497174558639527), (41, 10.892424030303955), (42, 11.371818685531617), (43, 11.520424642562865), (44, 11.28541615486145), (45, 11.142334098815917), (46, 11.217974147796632), (47, 10.706314420700073), (48, 10.984534091949463), (49, 11.088480997085572), (50, 11.043389081954956)], 'nasa_score': [(0, 396085.613454602), (1, 6016.27009835532), (2, 685.8390596928633), (3, 651.7452778345936), (4, 543.2896813309833), (5, 416.41828693575513), (6, 448.43453124984984), (7, 492.0730981223147), (8, 559.0757478499737), (9, 520.2144383302905), (10, 478.45928340648663), (11, 577.7897078391271), (12, 477.58586454624725), (13, 429.3115946229092), (14, 423.97038643183697), (15, 457.43701351920765), (16, 433.806706872277), (17, 431.72617559513515), (18, 418.64246010059065), (19, 439.4745634911192), (20, 370.28392505734456), (21, 390.8429657755936), (22, 377.6431300095955), (23, 444.67344529392454), (24, 423.1088205787097), (25, 487.31755647591166), (26, 471.77127341747075), (27, 349.09393138064434), (28, 351.03580344289094), (29, 428.09258278211007), (30, 399.36889340907237), (31, 357.41031184419967), (32, 347.56052290032625), (33, 328.4902389889067), (34, 341.8695432904846), (35, 406.3864659761878), (36, 374.8976216405568), (37, 333.4037668347865), (38, 398.38036064908226), (39, 371.8746635428565), (40, 375.7213212090857), (41, 326.8030049381422), (42, 361.7964906620357), (43, 377.8329433078309), (44, 349.40399429541174), (45, 316.4701515101839), (46, 338.5654580312503), (47, 305.3018837742193), (48, 328.8529999109923), (49, 339.65073787383267), (50, 326.6917161228294)]}


FedAvg 2026: {'method': 'fedavg', 'dataset': 'FD001', 'seed': 2026, 'test_mae': 11.0434, 'nasa_score': 326.69, 'comm_kb': 28900.78}
INFO flwr 2026-07-17 09:04:15,696 | app.py:225 | app_fit: losses_distributed [(1, 3021.633026340168), (2, 1730.5194857028162), (3, 1324.9937436391556), (4, 1012.0385268380991), (5, 879.4999524906847), (6, 842.4687180349479), (7, 639.996761694947), (8, 582.7806444612887), (9, 493.53630481664686), (10, 495.43747613276105), (11, 456.70668980293124), (12, 452.6078300707268), (13, 383.6907622607486), (14, 452.6671213102278), (15, 400.32185092368144), (16, 366.4599359002195), (17, 385.0916902645146), (18, 384.1561148622133), (19, 341.3221583912966), (20, 373.0975646771618), (21, 316.09941188726816), (22, 300.7085542580827), (23, 309.18588865177117), (24, 342.3358233586288), (25, 324.7873491973274), (26, 287.9794240597208), (27, 340.0111183458009), (28, 342.14481787800946), (29, 358.27266790618694), (30, 378.6982318300189), (31, 335.7441408220173), (32, 353.6704354186931), (33, 335.07185027633886), (34, 389.00590815487584), (35, 392.90130615234375), (36, 366.78225872859025), (37, 379.9092935956671), (38, 374.30768507805425), (39, 394.1462047833228), (40, 379.905072970384), (41, 362.65907142448174), (42, 381.531594289747), (43, 386.47277115129515), (44, 403.04983233827534), (45, 387.15437097763044), (46, 371.89676720339), (47, 349.14321829452814), (48, 353.0492799781528), (49, 382.55282795419805), (50, 389.73090226043985)]
INFO flwr 2026-07-17 09:04:15,696 | app.py:226 | app_fit: metrics_distributed_fit {}
INFO flwr 2026-07-17 09:04:15,697 | app.py:227 | app_fit: metrics_distributed {'mae': [(1, 45.35032532281084), (2, 33.786947250868806), (3, 28.349912601717218), (4, 23.870922182357045), (5, 21.998064393205606), (6, 21.50211104793825), (7, 18.620410136146194), (8, 17.539699956770786), (9, 16.551151576940565), (10, 16.56262703921955), (11, 16.053835013418485), (12, 16.03293755170699), (13, 14.932797899861894), (14, 15.946138640040623), (15, 14.895038961327595), (16, 14.30453039428148), (17, 14.523499729071053), (18, 14.619655692812954), (19, 13.914314826141077), (20, 14.406325661178006), (21, 13.4882855595022), (22, 13.125061711398038), (23, 12.99182330673077), (24, 13.684806809909102), (25, 13.593353124475291), (26, 12.759798270314736), (27, 13.71002286375747), (28, 13.554957271219084), (29, 13.909514930534112), (30, 14.475842237158412), (31, 13.636318769442392), (32, 13.846760357038777), (33, 13.540620581937244), (34, 14.378767079892366), (35, 14.633549262286802), (36, 13.922251071854543), (37, 14.348406531594016), (38, 14.217483828849943), (39, 14.547134161435254), (40, 14.32982132877757), (41, 14.141268941756136), (42, 14.575169679644237), (43, 14.530605884345938), (44, 14.58852512374697), (45, 14.184638551101383), (46, 14.154459370297719), (47, 14.121880964548064), (48, 14.148149146832653), (49, 14.57818455325442), (50, 14.628392286388614)]}
INFO flwr 2026-07-17 09:04:15,698 | app.py:228 | app_fit: losses_centralized []
INFO flwr 2026-07-17 09:04:15,699 | app.py:229 | app_fit: metrics_centralized {}

FedPer 42: {'method': 'fedper', 'dataset': 'FD001', 'seed': 42, 'test_mae': 14.5344, 'nasa_score': 622.12, 'comm_kb': 27650.0}
INFO flwr 2026-07-17 09:27:34,249 | app.py:225 | app_fit: losses_distributed [(1, 4635.956550106294), (2, 3212.716852572249), (3, 1734.8526543460448), (4, 1330.1873025279353), (5, 1281.3639699010357), (6, 1210.7105734394765), (7, 1079.8243170284975), (8, 876.6109197903489), (9, 1074.180770096214), (10, 828.3025338450769), (11, 760.5400944852281), (12, 622.2631313432639), (13, 761.9984760961195), (14, 629.3538154933764), (15, 672.4234390220661), (16, 622.5033718721083), (17, 595.5653845364305), (18, 557.2132053556352), (19, 548.3880058109373), (20, 515.9766501865645), (21, 517.72057885852), (22, 568.2747376769379), (23, 499.3313836932242), (24, 556.806566405213), (25, 596.2344679100879), (26, 597.5361437933377), (27, 596.7579015744203), (28, 527.7209803759009), (29, 479.92441887881745), (30, 605.8118497285171), (31, 488.5387627612585), (32, 480.90242821094336), (33, 558.6769937251223), (34, 494.1225989788309), (35, 412.3050928377974), (36, 552.21041199066), (37, 515.8080866564399), (38, 530.4540688563799), (39, 485.9803423407315), (40, 436.1285807215411), (41, 434.0663933932692), (42, 446.099645382997), (43, 418.0568600816169), (44, 467.2123809158653), (45, 441.3981901185028), (46, 451.9337886446181), (47, 367.5271528168716), (48, 431.65261304741915), (49, 409.1028628675774), (50, 402.7805993853659)]
INFO flwr 2026-07-17 09:27:34,250 | app.py:226 | app_fit: metrics_distributed_fit {}
INFO flwr 2026-07-17 09:27:34,251 | app.py:227 | app_fit: metrics_distributed {'mae': [(1, 57.94838299100724), (2, 47.10497069132441), (3, 33.93536325337469), (4, 29.362048947411974), (5, 28.926797680947733), (6, 27.526697333486958), (7, 26.312039763256646), (8, 23.43375935642675), (9, 25.873079644507733), (10, 22.804157301403773), (11, 22.260228661761648), (12, 19.887562273026465), (13, 22.239370568164404), (14, 20.330285230080882), (15, 20.884722126775358), (16, 20.183627074268806), (17, 19.720493644073805), (18, 19.066932025043922), (19, 18.98792613428393), (20, 18.509415144207832), (21, 18.380641499738108), (22, 19.263241401855378), (23, 17.748472502087427), (24, 18.813749703450657), (25, 19.06621954096728), (26, 19.21182608163577), (27, 19.66474816037797), (28, 18.240431752698175), (29, 17.703175049075956), (30, 19.43685492749574), (31, 17.629081631469344), (32, 17.49108972721014), (33, 18.830906054665004), (34, 17.838501779154978), (35, 16.500220752727504), (36, 18.907704859718805), (37, 18.151736448908494), (38, 18.35679366194207), (39, 17.599364117465573), (40, 16.804218171895116), (41, 16.748402925803028), (42, 16.992199007717744), (43, 16.434790504032346), (44, 17.187775803231883), (45, 16.893495689327274), (46, 17.109867592563276), (47, 15.401666496587598), (48, 16.650849154327943), (49, 16.01940149095641), (50, 16.043209187690167)]}
INFO flwr 2026-07-17 09:27:34,252 | app.py:228 | app_fit: losses_centralized []
INFO flwr 2026-07-17 09:27:34,252 | app.py:229 | app_fit: metrics_centralized {}

FedPer 101: {'method': 'fedper', 'dataset': 'FD001', 'seed': 101, 'test_mae': 12.3718, 'nasa_score': 332.41, 'comm_kb': 27650.0}
INFO flwr 2026-07-17 09:50:21,465 | app.py:225 | app_fit: losses_distributed [(1, 4158.312593423019), (2, 3575.7315660751337), (3, 2725.563022767482), (4, 1908.99866289824), (5, 1758.88086551805), (6, 1692.523246031468), (7, 1340.6671726928164), (8, 969.679347868398), (9, 924.195429818572), (10, 847.0414924488533), (11, 888.7042193524446), (12, 858.8305127229867), (13, 617.9550625164828), (14, 633.1318653412701), (15, 598.1278009647508), (16, 647.6930121025994), (17, 549.2623937328359), (18, 525.8141628886908), (19, 536.7968849368397), (20, 558.7337334314032), (21, 563.534593393034), (22, 494.8922794191886), (23, 532.3836096519847), (24, 504.3347070881188), (25, 498.17965779211846), (26, 534.1103268154355), (27, 494.8955703834188), (28, 447.75904280544216), (29, 559.1962554429857), (30, 445.2716952952569), (31, 505.06059857393655), (32, 479.54833345741076), (33, 463.672284151466), (34, 458.93015681230196), (35, 434.35329526588583), (36, 475.8538161782881), (37, 461.86363017980767), (38, 522.5011653548518), (39, 432.0320786427192), (40, 413.9621650722411), (41, 445.8179226254253), (42, 428.2808897496458), (43, 423.4910744827187), (44, 414.10626042797963), (45, 383.923115379132), (46, 488.4177432856158), (47, 437.4596883700627), (48, 433.53574500965374), (49, 402.2115165052808), (50, 413.03629061970236)]
INFO flwr 2026-07-17 09:50:21,466 | app.py:226 | app_fit: metrics_distributed_fit {}
INFO flwr 2026-07-17 09:50:21,466 | app.py:227 | app_fit: metrics_distributed {'mae': [(1, 54.12602210888295), (2, 50.7719638104099), (3, 42.6913788666699), (4, 34.895089108134954), (5, 34.221291069255045), (6, 33.97214009694098), (7, 29.68148414876013), (8, 24.887878510390102), (9, 24.20554017783043), (10, 23.02313953450977), (11, 23.442134536197663), (12, 22.898731152810562), (13, 19.789797449563356), (14, 20.027054948954067), (15, 19.529516991062668), (16, 20.30703341741139), (17, 18.735387859620083), (18, 18.457415314414458), (19, 18.410708654324807), (20, 18.648115149290334), (21, 18.583521095507763), (22, 17.683986015680958), (23, 18.464096036548927), (24, 17.774868362628233), (25, 17.78421103995893), (26, 18.21004289385687), (27, 17.430880169519217), (28, 16.824893808626214), (29, 18.371858006160416), (30, 16.76138293404572), (31, 17.43753003004955), (32, 17.283976423247395), (33, 16.951821612551488), (34, 17.060183483982893), (35, 16.619220637182245), (36, 17.231938723729034), (37, 16.84201765202977), (38, 17.873803357075385), (39, 16.475485253345926), (40, 16.21795398938341), (41, 16.718924530240272), (42, 16.185375175609124), (43, 16.195310200157603), (44, 16.02223437166238), (45, 15.66945538190567), (46, 17.020684553725125), (47, 16.3104024439471), (48, 16.214929084844357), (49, 15.954451747242349), (50, 15.949315383295307)]}
INFO flwr 2026-07-17 09:50:21,467 | app.py:228 | app_fit: losses_centralized []
INFO flwr 2026-07-17 09:50:21,468 | app.py:229 | app_fit: metrics_centralized {}

FedPer 202: {'method': 'fedper', 'dataset': 'FD001', 'seed': 202, 'test_mae': 12.3208, 'nasa_score': 381.95, 'comm_kb': 27650.0}
INFO flwr 2026-07-17 10:13:02,492 | app.py:225 | app_fit: losses_distributed [(1, 3103.9945892382657), (2, 1339.1024464551974), (3, 1062.422760983213), (4, 887.6917947528846), (5, 789.3144162394531), (6, 662.5260545405094), (7, 565.3316627109007), (8, 477.4758742888642), (9, 487.1024986279258), (10, 407.5704458704152), (11, 421.83116069998533), (12, 388.37983946975146), (13, 409.5076803139459), (14, 387.93302580424285), (15, 360.07308000709577), (16, 320.19784271710733), (17, 328.8520336891349), (18, 364.65534125434027), (19, 390.48125326753865), (20, 342.9135253273509), (21, 302.3286574392608), (22, 337.35873807737767), (23, 325.75170382915945), (24, 365.1016568189476), (25, 329.1130258903929), (26, 369.15513050296346), (27, 298.91361430450553), (28, 308.5086669556832), (29, 317.85565339270454), (30, 380.8779472460587), (31, 352.3701614631357), (32, 364.1537539387307), (33, 393.53675526725937), (34, 364.6432500349468), (35, 371.86982450429457), (36, 365.9730674423226), (37, 375.92945809088), (38, 364.11325661772304), (39, 355.7896061176825), (40, 399.5440049361574), (41, 373.2665154975757), (42, 378.5055326860297), (43, 415.4085485284979), (44, 327.6307384484883), (45, 410.16591026553573), (46, 409.36178695540804), (47, 386.8591267749517), (48, 388.0771992879621), (49, 356.1316120486384), (50, 403.332536087969)]
INFO flwr 2026-07-17 10:13:02,492 | app.py:226 | app_fit: metrics_distributed_fit {}
INFO flwr 2026-07-17 10:13:02,493 | app.py:227 | app_fit: metrics_distributed {'mae': [(1, 46.65740102659446), (2, 30.62676980557561), (3, 25.998942322961703), (4, 23.19884272650922), (5, 21.20243545721846), (6, 19.6343813348108), (7, 18.020560145187986), (8, 16.609036073983823), (9, 16.547880193009647), (10, 15.248588788388956), (11, 15.635962319209309), (12, 15.222844063760371), (13, 15.393576410588656), (14, 15.251342491796839), (15, 14.357974261314801), (16, 13.911529600081579), (17, 13.963714214032917), (18, 14.227093274767002), (19, 15.135764446238264), (20, 14.128965912443219), (21, 13.548149165924656), (22, 14.121582560308559), (23, 13.81001380122386), (24, 14.435713129433973), (25, 14.043642378182946), (26, 14.581451895641305), (27, 13.583582608640226), (28, 13.386276371107654), (29, 13.734279118719916), (30, 14.867092886483142), (31, 14.267432334510524), (32, 14.524897970080946), (33, 15.096145192591958), (34, 14.619804213998927), (35, 14.589323254229857), (36, 14.351475930860358), (37, 14.984349766416413), (38, 14.576712523160749), (39, 14.432195396007597), (40, 14.971897169606981), (41, 14.628659727217224), (42, 14.687288484314792), (43, 15.59119563328339), (44, 13.950432093203036), (45, 15.359589047662633), (46, 15.071948544767421), (47, 14.788182024623662), (48, 14.731998391128613), (49, 14.320416126778504), (50, 15.080005819147283)]}
INFO flwr 2026-07-17 10:13:02,495 | app.py:228 | app_fit: losses_centralized []
INFO flwr 2026-07-17 10:13:02,496 | app.py:229 | app_fit: metrics_centralized {}

FedPer 303: {'method': 'fedper', 'dataset': 'FD001', 'seed': 303, 'test_mae': 12.9424, 'nasa_score': 465.7, 'comm_kb': 27650.0}
INFO flwr 2026-07-17 10:35:53,176 | app.py:225 | app_fit: losses_distributed [(1, 4407.958052435098), (2, 3305.7473862160427), (3, 2365.3241397741144), (4, 1460.6419887093825), (5, 1167.3696869156274), (6, 821.678544275153), (7, 788.2264482233604), (8, 683.0777666285805), (9, 648.6715085445551), (10, 667.8805153836712), (11, 513.9170983953958), (12, 454.06600958261123), (13, 451.24153073787926), (14, 427.4156266901573), (15, 409.8204891336639), (16, 418.3035857497183), (17, 419.89948310527313), (18, 416.3090182530265), (19, 374.4947263959293), (20, 370.8855572023807), (21, 404.3768083842683), (22, 372.9277959373753), (23, 356.13529392905275), (24, 389.15275624924203), (25, 391.18764765953864), (26, 365.2948629945651), (27, 365.23755632380454), (28, 383.4407465079455), (29, 366.8115530687389), (30, 352.9699348522295), (31, 367.62141669841185), (32, 365.94437106251416), (33, 338.24747397127186), (34, 405.15441508668033), (35, 344.81567129900174), (36, 359.30042367322955), (37, 336.6054189010567), (38, 320.32180444586555), (39, 339.0632764179228), (40, 323.86352905823577), (41, 386.4722422455094), (42, 336.168541768341), (43, 421.53242862493204), (44, 367.890369413373), (45, 346.3828010998431), (46, 338.0043294387993), (47, 341.889672865316), (48, 349.9334125318226), (49, 345.8350918635644), (50, 330.55728994492716)]
INFO flwr 2026-07-17 10:35:53,176 | app.py:226 | app_fit: metrics_distributed_fit {}
INFO flwr 2026-07-17 10:35:53,177 | app.py:227 | app_fit: metrics_distributed {'mae': [(1, 55.759840955242375), (2, 49.033518723863686), (3, 41.487501190254314), (4, 31.575739395875125), (5, 28.454076608420014), (6, 23.42917816293914), (7, 23.18684797425478), (8, 21.06800598876143), (9, 20.742865688513085), (10, 21.127878549162244), (11, 18.571941568186478), (12, 17.234176454749417), (13, 17.165653101730538), (14, 16.803241977586588), (15, 16.25104396774223), (16, 16.28737179541743), (17, 16.007074765819993), (18, 16.18050487577527), (19, 15.421788797774909), (20, 15.576008726491532), (21, 16.261349546234786), (22, 15.33080503829551), (23, 15.185252613226174), (24, 15.823507940285673), (25, 15.752098758279173), (26, 15.27139068187089), (27, 15.323952092250467), (28, 15.370550436918654), (29, 15.258051533667995), (30, 14.843619675175452), (31, 15.223964282853876), (32, 15.14164953513568), (33, 14.631686240001864), (34, 15.876525317780901), (35, 14.798221815450226), (36, 14.92402930491318), (37, 14.532032115613454), (38, 14.266561051876353), (39, 14.349020256898257), (40, 14.354320753438508), (41, 15.338208581545262), (42, 14.32349933333915), (43, 15.74592416168274), (44, 14.762486702809646), (45, 14.392017029736957), (46, 14.512888130690374), (47, 14.237860581728), (48, 14.720481815729729), (49, 14.463792030848321), (50, 14.344503834179537)]}
INFO flwr 2026-07-17 10:35:53,178 | app.py:228 | app_fit: losses_centralized []
INFO flwr 2026-07-17 10:35:53,179 | app.py:229 | app_fit: metrics_centralized {}

FedPer 2026: {'method': 'fedper', 'dataset': 'FD001', 'seed': 2026, 'test_mae': 11.552, 'nasa_score': 369.23, 'comm_kb': 27650.0}
  [Round 1] Global MAE: 21.4162
  [Round 2] Global MAE: 12.7116
  [Round 3] Global MAE: 13.3226
  [Round 4] Global MAE: 12.2192
  [Round 5] CFL one-shot clustering: {0: 0, 1: 1, 2: 0, 3: 1}
  [Round 5] Cluster MAEs: [13.11, 13.11] | Avg: 13.1064
  [Round 6] Cluster MAEs: [14.86, 10.81] | Avg: 12.8371
  [Round 7] Cluster MAEs: [14.8, 11.2] | Avg: 13.0016
  [Round 8] Cluster MAEs: [16.21, 10.49] | Avg: 13.348
  [Round 9] Cluster MAEs: [14.9, 10.95] | Avg: 12.9236
  [Round 10] Cluster MAEs: [14.26, 10.38] | Avg: 12.3193
  [Round 11] Cluster MAEs: [14.93, 10.52] | Avg: 12.7269
  [Round 12] Cluster MAEs: [16.47, 10.67] | Avg: 13.5695
  [Round 13] Cluster MAEs: [16.85, 11.14] | Avg: 13.9932
  [Round 14] Cluster MAEs: [15.14, 11.9] | Avg: 13.517
  [Round 15] Cluster MAEs: [16.09, 10.87] | Avg: 13.4763
  [Round 16] Cluster MAEs: [15.84, 10.89] | Avg: 13.3656
  [Round 17] Cluster MAEs: [16.99, 10.84] | Avg: 13.916
  [Round 18] Cluster MAEs: [15.77, 11.89] | Avg: 13.8333
  [Round 19] Cluster MAEs: [16.46, 11.87] | Avg: 14.1635
  [Round 20] Cluster MAEs: [15.8, 11.3] | Avg: 13.5531
  [Round 21] Cluster MAEs: [14.75, 11.35] | Avg: 13.0498
  [Round 22] Cluster MAEs: [16.18, 11.84] | Avg: 14.0105
  [Round 23] Cluster MAEs: [15.67, 11.42] | Avg: 13.5444
  [Round 24] Cluster MAEs: [14.72, 11.22] | Avg: 12.9732
  [Round 25] Cluster MAEs: [16.64, 10.97] | Avg: 13.8028
  [Round 26] Cluster MAEs: [15.28, 11.56] | Avg: 13.4183
  [Round 27] Cluster MAEs: [16.19, 10.82] | Avg: 13.5027
  [Round 28] Cluster MAEs: [15.58, 11.38] | Avg: 13.4787
  [Round 29] Cluster MAEs: [14.9, 11.55] | Avg: 13.2242
  [Round 30] Cluster MAEs: [15.01, 12.05] | Avg: 13.5282
  [Round 31] Cluster MAEs: [17.01, 12.36] | Avg: 14.683
  [Round 32] Cluster MAEs: [17.17, 11.4] | Avg: 14.2829
  [Round 33] Cluster MAEs: [17.48, 11.61] | Avg: 14.5422
  [Round 34] Cluster MAEs: [16.53, 11.9] | Avg: 14.2181
  [Round 35] Cluster MAEs: [16.01, 11.55] | Avg: 13.7818
  [Round 36] Cluster MAEs: [16.53, 11.58] | Avg: 14.0572
  [Round 37] Cluster MAEs: [15.63, 11.55] | Avg: 13.5885
  [Round 38] Cluster MAEs: [17.22, 12.25] | Avg: 14.7328
  [Round 39] Cluster MAEs: [15.65, 12.5] | Avg: 14.0754
  [Round 40] Cluster MAEs: [15.52, 11.63] | Avg: 13.5776
  [Round 41] Cluster MAEs: [15.91, 12.47] | Avg: 14.1906
  [Round 42] Cluster MAEs: [15.79, 12.34] | Avg: 14.068
  [Round 43] Cluster MAEs: [15.06, 11.99] | Avg: 13.526
  [Round 44] Cluster MAEs: [17.41, 12.27] | Avg: 14.839
  [Round 45] Cluster MAEs: [15.6, 12.05] | Avg: 13.8255
  [Round 46] Cluster MAEs: [16.35, 12.35] | Avg: 14.3536
  [Round 47] Cluster MAEs: [16.02, 11.98] | Avg: 14.0
  [Round 48] Cluster MAEs: [16.22, 12.96] | Avg: 14.5907
  [Round 49] Cluster MAEs: [16.37, 12.9] | Avg: 14.6347
  [Round 50] Cluster MAEs: [15.75, 12.89] | Avg: 14.3191
CFL: {'method': 'cfl', 'dataset': 'FD001', 'seed': 42, 'test_mae': 16.1493, 'nasa_score': 1712.66, 'comm_kb': 27650.0}
  [Round 1] Global MAE: 28.1342
  [Round 2] Global MAE: 18.3462
  [Round 3] Global MAE: 16.5573
  [Round 4] Global MAE: 17.0414
  [Round 5] CFL one-shot clustering: {0: 0, 1: 1, 2: 0, 3: 1}
  [Round 5] Cluster MAEs: [14.35, 14.35] | Avg: 14.3517
  [Round 6] Cluster MAEs: [17.91, 11.13] | Avg: 14.5204
  [Round 7] Cluster MAEs: [14.88, 10.98] | Avg: 12.9295
  [Round 8] Cluster MAEs: [16.41, 11.72] | Avg: 14.061
  [Round 9] Cluster MAEs: [17.15, 12.72] | Avg: 14.9329
  [Round 10] Cluster MAEs: [18.44, 11.2] | Avg: 14.8172
  [Round 11] Cluster MAEs: [18.33, 12.59] | Avg: 15.4555
  [Round 12] Cluster MAEs: [16.97, 11.18] | Avg: 14.0753
  [Round 13] Cluster MAEs: [15.86, 11.85] | Avg: 13.8587
  [Round 14] Cluster MAEs: [14.88, 13.25] | Avg: 14.0621
  [Round 15] Cluster MAEs: [16.31, 11.98] | Avg: 14.1445
  [Round 16] Cluster MAEs: [16.02, 11.23] | Avg: 13.6241
  [Round 17] Cluster MAEs: [14.97, 13.74] | Avg: 14.3518
  [Round 18] Cluster MAEs: [17.94, 12.77] | Avg: 15.351
  [Round 19] Cluster MAEs: [16.23, 11.97] | Avg: 14.0999
  [Round 20] Cluster MAEs: [17.51, 11.15] | Avg: 14.3335
  [Round 21] Cluster MAEs: [16.05, 12.05] | Avg: 14.0499
  [Round 22] Cluster MAEs: [15.82, 12.18] | Avg: 14.0026
  [Round 23] Cluster MAEs: [16.11, 11.67] | Avg: 13.8907
  [Round 24] Cluster MAEs: [15.73, 11.32] | Avg: 13.5237
  [Round 25] Cluster MAEs: [17.41, 11.28] | Avg: 14.3449
  [Round 26] Cluster MAEs: [14.07, 11.8] | Avg: 12.9352
  [Round 27] Cluster MAEs: [16.16, 11.9] | Avg: 14.0298
  [Round 28] Cluster MAEs: [15.45, 11.61] | Avg: 13.5349
  [Round 29] Cluster MAEs: [16.5, 12.04] | Avg: 14.2669
  [Round 30] Cluster MAEs: [15.75, 11.39] | Avg: 13.5729
  [Round 31] Cluster MAEs: [15.34, 11.58] | Avg: 13.4607
  [Round 32] Cluster MAEs: [16.06, 11.27] | Avg: 13.6668
  [Round 33] Cluster MAEs: [14.91, 11.84] | Avg: 13.3757
  [Round 34] Cluster MAEs: [15.95, 11.13] | Avg: 13.537
  [Round 35] Cluster MAEs: [15.71, 12.02] | Avg: 13.8647
  [Round 36] Cluster MAEs: [15.39, 11.14] | Avg: 13.2638
  [Round 37] Cluster MAEs: [16.4, 11.25] | Avg: 13.8241
  [Round 38] Cluster MAEs: [14.82, 10.46] | Avg: 12.642
  [Round 39] Cluster MAEs: [16.18, 11.48] | Avg: 13.8256
  [Round 40] Cluster MAEs: [14.94, 11.9] | Avg: 13.4197
  [Round 41] Cluster MAEs: [14.99, 12.01] | Avg: 13.5004
  [Round 42] Cluster MAEs: [16.62, 11.95] | Avg: 14.286
  [Round 43] Cluster MAEs: [15.5, 11.84] | Avg: 13.6667
  [Round 44] Cluster MAEs: [16.53, 11.31] | Avg: 13.9185
  [Round 45] Cluster MAEs: [15.03, 11.67] | Avg: 13.3521
  [Round 46] Cluster MAEs: [15.59, 11.75] | Avg: 13.6735
  [Round 47] Cluster MAEs: [15.48, 12.28] | Avg: 13.8809
  [Round 48] Cluster MAEs: [15.17, 12.15] | Avg: 13.66
  [Round 49] Cluster MAEs: [15.99, 12.01] | Avg: 13.9999
  [Round 50] Cluster MAEs: [15.93, 11.27] | Avg: 13.6013
CFL: {'method': 'cfl', 'dataset': 'FD001', 'seed': 101, 'test_mae': 13.3882, 'nasa_score': 853.77, 'comm_kb': 27650.0}
  [Round 1] Global MAE: 20.7354
  [Round 2] Global MAE: 13.6253
  [Round 3] Global MAE: 15.3592
  [Round 4] Global MAE: 13.6154
  [Round 5] CFL one-shot clustering: {0: 0, 1: 1, 2: 0, 3: 1}
  [Round 5] Cluster MAEs: [14.78, 14.78] | Avg: 14.7779
  [Round 6] Cluster MAEs: [14.02, 9.82] | Avg: 11.9219
  [Round 7] Cluster MAEs: [15.32, 12.35] | Avg: 13.8381
  [Round 8] Cluster MAEs: [16.05, 10.8] | Avg: 13.4259
  [Round 9] Cluster MAEs: [15.93, 10.23] | Avg: 13.0774
  [Round 10] Cluster MAEs: [15.04, 12.07] | Avg: 13.5594
  [Round 11] Cluster MAEs: [16.57, 11.01] | Avg: 13.7909
  [Round 12] Cluster MAEs: [14.02, 10.59] | Avg: 12.3011
  [Round 13] Cluster MAEs: [16.9, 10.38] | Avg: 13.6421
  [Round 14] Cluster MAEs: [14.63, 10.65] | Avg: 12.6354
  [Round 15] Cluster MAEs: [14.33, 10.59] | Avg: 12.4601
  [Round 16] Cluster MAEs: [16.39, 10.63] | Avg: 13.5114
  [Round 17] Cluster MAEs: [14.44, 10.34] | Avg: 12.3938
  [Round 18] Cluster MAEs: [15.68, 10.19] | Avg: 12.9362
  [Round 19] Cluster MAEs: [15.3, 10.58] | Avg: 12.9436
  [Round 20] Cluster MAEs: [14.72, 10.6] | Avg: 12.6599
  [Round 21] Cluster MAEs: [14.07, 10.34] | Avg: 12.2048
  [Round 22] Cluster MAEs: [15.28, 10.53] | Avg: 12.9036
  [Round 23] Cluster MAEs: [14.9, 10.66] | Avg: 12.7801
  [Round 24] Cluster MAEs: [14.02, 10.77] | Avg: 12.3971
  [Round 25] Cluster MAEs: [14.44, 10.98] | Avg: 12.7086
  [Round 26] Cluster MAEs: [15.15, 11.0] | Avg: 13.0749
  [Round 27] Cluster MAEs: [14.37, 10.03] | Avg: 12.2
  [Round 28] Cluster MAEs: [14.95, 10.79] | Avg: 12.8728
  [Round 29] Cluster MAEs: [14.26, 10.9] | Avg: 12.5798
  [Round 30] Cluster MAEs: [15.11, 11.41] | Avg: 13.2627
  [Round 31] Cluster MAEs: [16.78, 10.98] | Avg: 13.8777
  [Round 32] Cluster MAEs: [15.33, 11.18] | Avg: 13.2517
  [Round 33] Cluster MAEs: [15.22, 11.58] | Avg: 13.3977
  [Round 34] Cluster MAEs: [16.42, 11.36] | Avg: 13.8937
  [Round 35] Cluster MAEs: [13.96, 11.39] | Avg: 12.6759
  [Round 36] Cluster MAEs: [15.15, 11.19] | Avg: 13.1707
  [Round 37] Cluster MAEs: [15.21, 11.41] | Avg: 13.3072
  [Round 38] Cluster MAEs: [14.57, 11.73] | Avg: 13.1545
  [Round 39] Cluster MAEs: [14.19, 11.09] | Avg: 12.6389
  [Round 40] Cluster MAEs: [14.38, 11.63] | Avg: 13.005
  [Round 41] Cluster MAEs: [15.35, 11.68] | Avg: 13.516
  [Round 42] Cluster MAEs: [14.12, 11.87] | Avg: 12.9973
  [Round 43] Cluster MAEs: [14.43, 11.84] | Avg: 13.1347
  [Round 44] Cluster MAEs: [14.29, 11.53] | Avg: 12.9071
  [Round 45] Cluster MAEs: [15.54, 11.19] | Avg: 13.3617
  [Round 46] Cluster MAEs: [15.27, 11.47] | Avg: 13.3677
  [Round 47] Cluster MAEs: [15.27, 11.58] | Avg: 13.4265
  [Round 48] Cluster MAEs: [14.69, 11.68] | Avg: 13.1861
  [Round 49] Cluster MAEs: [15.08, 11.37] | Avg: 13.2225
  [Round 50] Cluster MAEs: [15.05, 11.75] | Avg: 13.3964
CFL: {'method': 'cfl', 'dataset': 'FD001', 'seed': 202, 'test_mae': 13.6033, 'nasa_score': 640.15, 'comm_kb': 27650.0}
  [Round 1] Global MAE: 32.1676
  [Round 2] Global MAE: 12.1764
  [Round 3] Global MAE: 12.4994
  [Round 4] Global MAE: 12.2352
  [Round 5] CFL one-shot clustering: {0: 0, 1: 1, 2: 0, 3: 1}
  [Round 5] Cluster MAEs: [12.5, 12.5] | Avg: 12.5005
  [Round 6] Cluster MAEs: [15.55, 10.87] | Avg: 13.2121
  [Round 7] Cluster MAEs: [16.76, 11.13] | Avg: 13.9467
  [Round 8] Cluster MAEs: [16.13, 10.71] | Avg: 13.4167
  [Round 9] Cluster MAEs: [16.44, 11.11] | Avg: 13.7741
  [Round 10] Cluster MAEs: [16.68, 11.54] | Avg: 14.1091
  [Round 11] Cluster MAEs: [13.56, 11.73] | Avg: 12.6464
  [Round 12] Cluster MAEs: [17.21, 12.07] | Avg: 14.6428
  [Round 13] Cluster MAEs: [16.81, 11.75] | Avg: 14.2787
  [Round 14] Cluster MAEs: [16.44, 11.2] | Avg: 13.8188
  [Round 15] Cluster MAEs: [16.07, 11.69] | Avg: 13.8833
  [Round 16] Cluster MAEs: [16.36, 12.05] | Avg: 14.2073
  [Round 17] Cluster MAEs: [16.63, 12.99] | Avg: 14.81
  [Round 18] Cluster MAEs: [15.05, 12.61] | Avg: 13.8268
  [Round 19] Cluster MAEs: [16.58, 12.62] | Avg: 14.5975
  [Round 20] Cluster MAEs: [18.75, 12.28] | Avg: 15.5114
  [Round 21] Cluster MAEs: [16.84, 11.89] | Avg: 14.3672
  [Round 22] Cluster MAEs: [16.14, 12.2] | Avg: 14.1686
  [Round 23] Cluster MAEs: [16.59, 12.46] | Avg: 14.524
  [Round 24] Cluster MAEs: [15.98, 12.08] | Avg: 14.031
  [Round 25] Cluster MAEs: [16.23, 13.06] | Avg: 14.6454
  [Round 26] Cluster MAEs: [16.34, 12.7] | Avg: 14.5213
  [Round 27] Cluster MAEs: [16.11, 13.1] | Avg: 14.6053
  [Round 28] Cluster MAEs: [17.76, 12.42] | Avg: 15.0887
  [Round 29] Cluster MAEs: [15.98, 13.39] | Avg: 14.685
  [Round 30] Cluster MAEs: [16.27, 13.74] | Avg: 15.0009
  [Round 31] Cluster MAEs: [18.56, 13.06] | Avg: 15.81
  [Round 32] Cluster MAEs: [18.25, 12.37] | Avg: 15.3121
  [Round 33] Cluster MAEs: [16.94, 13.59] | Avg: 15.265
  [Round 34] Cluster MAEs: [16.97, 12.28] | Avg: 14.6262
  [Round 35] Cluster MAEs: [15.91, 12.31] | Avg: 14.1092
  [Round 36] Cluster MAEs: [16.45, 12.48] | Avg: 14.4633
  [Round 37] Cluster MAEs: [17.61, 12.82] | Avg: 15.2165
  [Round 38] Cluster MAEs: [17.11, 12.92] | Avg: 15.0177
  [Round 39] Cluster MAEs: [14.72, 12.69] | Avg: 13.7016
  [Round 40] Cluster MAEs: [18.35, 12.52] | Avg: 15.4362
  [Round 41] Cluster MAEs: [16.85, 13.68] | Avg: 15.2638
  [Round 42] Cluster MAEs: [17.4, 12.58] | Avg: 14.9908
  [Round 43] Cluster MAEs: [16.39, 12.25] | Avg: 14.3171
  [Round 44] Cluster MAEs: [16.41, 12.86] | Avg: 14.6347
  [Round 45] Cluster MAEs: [16.95, 12.93] | Avg: 14.9407
  [Round 46] Cluster MAEs: [16.51, 12.37] | Avg: 14.4376
  [Round 47] Cluster MAEs: [18.32, 13.08] | Avg: 15.703
  [Round 48] Cluster MAEs: [15.87, 14.01] | Avg: 14.9434
  [Round 49] Cluster MAEs: [15.92, 12.55] | Avg: 14.2363
  [Round 50] Cluster MAEs: [16.24, 13.99] | Avg: 15.1137
CFL: {'method': 'cfl', 'dataset': 'FD001', 'seed': 303, 'test_mae': 16.6515, 'nasa_score': 1866.48, 'comm_kb': 27650.0}
  [Round 1] Global MAE: 25.7368
  [Round 2] Global MAE: 14.4444
  [Round 3] Global MAE: 15.2293
  [Round 4] Global MAE: 13.2831
  [Round 5] CFL one-shot clustering: {0: 0, 1: 1, 2: 0, 3: 1}
  [Round 5] Cluster MAEs: [13.93, 13.93] | Avg: 13.9348
  [Round 6] Cluster MAEs: [15.6, 10.17] | Avg: 12.8828
  [Round 7] Cluster MAEs: [14.4, 12.1] | Avg: 13.2487
  [Round 8] Cluster MAEs: [14.57, 9.99] | Avg: 12.2807
  [Round 9] Cluster MAEs: [16.68, 10.55] | Avg: 13.6191
  [Round 10] Cluster MAEs: [16.59, 9.76] | Avg: 13.1765
  [Round 11] Cluster MAEs: [15.58, 10.44] | Avg: 13.0101
  [Round 12] Cluster MAEs: [15.72, 10.5] | Avg: 13.1067
  [Round 13] Cluster MAEs: [16.08, 11.2] | Avg: 13.6396
  [Round 14] Cluster MAEs: [15.18, 10.57] | Avg: 12.8767
  [Round 15] Cluster MAEs: [15.4, 10.72] | Avg: 13.064
  [Round 16] Cluster MAEs: [17.55, 10.38] | Avg: 13.9647
  [Round 17] Cluster MAEs: [16.76, 10.23] | Avg: 13.4961
  [Round 18] Cluster MAEs: [16.8, 11.25] | Avg: 14.0254
  [Round 19] Cluster MAEs: [15.95, 10.37] | Avg: 13.1572
  [Round 20] Cluster MAEs: [15.81, 10.72] | Avg: 13.2644
  [Round 21] Cluster MAEs: [15.44, 10.31] | Avg: 12.8719
  [Round 22] Cluster MAEs: [15.85, 10.85] | Avg: 13.3507
  [Round 23] Cluster MAEs: [15.96, 11.14] | Avg: 13.5486
  [Round 24] Cluster MAEs: [14.98, 10.88] | Avg: 12.9311
  [Round 25] Cluster MAEs: [15.13, 11.33] | Avg: 13.2296
  [Round 26] Cluster MAEs: [15.38, 10.52] | Avg: 12.9473
  [Round 27] Cluster MAEs: [17.29, 11.22] | Avg: 14.2583
  [Round 28] Cluster MAEs: [16.54, 11.32] | Avg: 13.9283
  [Round 29] Cluster MAEs: [15.84, 10.74] | Avg: 13.2889
  [Round 30] Cluster MAEs: [15.15, 11.36] | Avg: 13.2537
  [Round 31] Cluster MAEs: [16.4, 11.78] | Avg: 14.0884
  [Round 32] Cluster MAEs: [16.25, 11.36] | Avg: 13.8039
  [Round 33] Cluster MAEs: [16.68, 11.26] | Avg: 13.971
  [Round 34] Cluster MAEs: [15.86, 12.15] | Avg: 14.0083
  [Round 35] Cluster MAEs: [16.32, 11.06] | Avg: 13.6938
  [Round 36] Cluster MAEs: [16.22, 10.99] | Avg: 13.6074
  [Round 37] Cluster MAEs: [15.43, 10.79] | Avg: 13.1088
  [Round 38] Cluster MAEs: [16.36, 11.56] | Avg: 13.9603
  [Round 39] Cluster MAEs: [15.44, 11.77] | Avg: 13.6077
  [Round 40] Cluster MAEs: [16.72, 11.98] | Avg: 14.3527
  [Round 41] Cluster MAEs: [15.95, 12.23] | Avg: 14.09
  [Round 42] Cluster MAEs: [16.34, 11.89] | Avg: 14.1171
  [Round 43] Cluster MAEs: [14.83, 12.26] | Avg: 13.5478
  [Round 44] Cluster MAEs: [15.8, 12.15] | Avg: 13.9773
  [Round 45] Cluster MAEs: [15.77, 12.8] | Avg: 14.2852
  [Round 46] Cluster MAEs: [16.21, 11.9] | Avg: 14.0558
  [Round 47] Cluster MAEs: [16.69, 11.59] | Avg: 14.1384
  [Round 48] Cluster MAEs: [17.09, 12.41] | Avg: 14.7515
  [Round 49] Cluster MAEs: [17.33, 12.2] | Avg: 14.7638
  [Round 50] Cluster MAEs: [15.41, 12.24] | Avg: 13.8255
CFL: {'method': 'cfl', 'dataset': 'FD001', 'seed': 2026, 'test_mae': 13.9147, 'nasa_score': 825.41, 'comm_kb': 27650.0}
  [Round 1] Val NASA per client: [1778.6, 5622.2, 3081.8, 7442.8]
  [Round 2] Val NASA per client: [1240.3, 6027.6, 3329.1, 7359.9]
  [Round 3] Val NASA per client: [1664.0, 5734.8, 2889.4, 9222.9]
  [Round 4] Val NASA per client: [1549.4, 6035.3, 2714.5, 9823.9]
  [Round 5] Re-clustered (α=1.0). Changes: {1: (0, 1), 2: (1, 0)}
  [Round 5] Assignments: {'0': 0, '1': 1, '2': 0, '3': 1}
  [Round 5] Cluster 0 val NASA: 2063.36
  [Round 5] Cluster 1 val NASA: 5657.99
  [Round 5] Val NASA per client: [1341.5, 5136.7, 2785.2, 6179.3]
  [Round 6] Val NASA per client: [1838.1, 6209.0, 2590.1, 5621.0]
  [Round 7] Val NASA per client: [1467.6, 5868.0, 2983.5, 6476.4]
  [Round 8] Val NASA per client: [1264.5, 5596.4, 3219.3, 5710.9]
  [Round 9] Val NASA per client: [1628.7, 5906.0, 2718.6, 5503.0]
  ⚠️ Spectral produced invalid clusters {0: 1, 1: 3}. Falling back to KMeans.
  KMeans fallback result: {1: 1, 0: 3}
  [Round 10] Re-clustered (α=1.0). Changes: {0: (0, 1), 1: (1, 0), 3: (1, 0)}
  [Round 10] Assignments: {'0': 1, '1': 0, '2': 0, '3': 0}
  [Round 10] Cluster 0 val NASA: 5977.00
  [Round 10] Cluster 1 val NASA: 1335.24
  [Round 10] Val NASA per client: [1335.2, 6875.1, 2947.4, 8108.5]
  [Round 11] Val NASA per client: [1662.5, 5500.6, 2571.9, 5048.0]
  [Round 12] Val NASA per client: [1309.7, 5417.1, 2550.4, 6713.6]
  [Round 13] Val NASA per client: [1794.5, 4944.5, 3043.3, 5998.0]
  [Round 14] Val NASA per client: [1409.6, 5838.6, 2278.7, 5190.4]
  ⚠️ Spectral produced invalid clusters {0: 3, 1: 1}. Falling back to KMeans.
  KMeans fallback result: {1: 3, 0: 1}
  [Round 15] Re-clustered (α=1.0). Changes: {1: (0, 1), 3: (0, 1)}
  [Round 15] Assignments: {'0': 1, '1': 1, '2': 0, '3': 1}
  [Round 15] Cluster 0 val NASA: 3198.34
  [Round 15] Cluster 1 val NASA: 5064.25
  [Round 15] Val NASA per client: [1328.7, 5209.9, 3198.3, 8654.1]
  [Round 16] Val NASA per client: [1376.7, 5654.6, 2395.0, 4797.7]
  [Round 17] Val NASA per client: [1215.7, 6068.8, 2513.3, 7679.9]
  [Round 18] Val NASA per client: [1669.2, 5146.0, 2379.3, 4892.1]
  [Round 19] Val NASA per client: [1359.0, 5639.6, 2371.2, 5083.0]
  [Round 20] Re-clustered (α=1.0). Changes: {0: (1, 0)}
  [Round 20] Assignments: {'0': 0, '1': 1, '2': 0, '3': 1}
  [Round 20] Cluster 0 val NASA: 1960.39
  [Round 20] Cluster 1 val NASA: 6768.26
  [Round 20] Val NASA per client: [1575.0, 5249.4, 2345.7, 8287.1]
  [Round 21] Val NASA per client: [1808.0, 6360.4, 2179.1, 4806.3]
  [Round 22] Val NASA per client: [1208.8, 5445.2, 2412.4, 4856.3]
  [Round 23] Val NASA per client: [1608.7, 5697.6, 2765.9, 4684.0]
  [Round 24] Val NASA per client: [1554.5, 5484.0, 2342.1, 4635.9]
  [Round 25] Re-clustered (α=1.0). Changes: {1: (1, 0), 2: (0, 1)}
  [Round 25] Assignments: {'0': 0, '1': 0, '2': 1, '3': 1}
  [Round 25] Cluster 0 val NASA: 3531.39
  [Round 25] Cluster 1 val NASA: 3740.32
  [Round 25] Val NASA per client: [1384.4, 5678.4, 2126.7, 5353.9]
  [Round 26] Val NASA per client: [1243.7, 7082.4, 2755.5, 5100.9]
  [Round 27] Val NASA per client: [1454.3, 4554.8, 2541.1, 9671.5]
  [Round 28] Val NASA per client: [1640.1, 5065.1, 2083.4, 4119.2]
  [Round 29] Val NASA per client: [1297.5, 5991.0, 2668.5, 4524.5]
  ⚠️ Spectral produced invalid clusters {0: 3, 1: 1}. Falling back to KMeans.
  KMeans fallback result: {1: 2, 0: 2}
  [Round 30] Re-clustered (α=1.0). Changes: {0: (0, 1), 2: (1, 0)}
  [Round 30] Assignments: {'0': 1, '1': 0, '2': 0, '3': 1}
  [Round 30] Cluster 0 val NASA: 4198.97
  [Round 30] Cluster 1 val NASA: 2885.26
  [Round 30] Val NASA per client: [1209.9, 5225.8, 3172.1, 4560.6]
  [Round 31] Val NASA per client: [1093.4, 4937.1, 2396.1, 5348.6]
  [Round 32] Val NASA per client: [1292.1, 4347.5, 2605.9, 3741.4]
  [Round 33] Val NASA per client: [1705.7, 4568.3, 2472.9, 4058.8]
  [Round 34] Val NASA per client: [1373.8, 5255.5, 2171.5, 5613.8]
  [Round 35] Re-clustered (α=1.0). Changes: {0: (1, 0), 2: (0, 1)}
  [Round 35] Assignments: {'0': 0, '1': 0, '2': 1, '3': 1}
  [Round 35] Cluster 0 val NASA: 3557.36
  [Round 35] Cluster 1 val NASA: 4010.43
  [Round 35] Val NASA per client: [2340.7, 4774.0, 2466.0, 5554.9]
  [Round 36] Val NASA per client: [1438.4, 4879.9, 2415.6, 5705.7]
  [Round 37] Val NASA per client: [1897.4, 7286.3, 2648.5, 5022.7]
  [Round 38] Val NASA per client: [1325.9, 5185.7, 2739.5, 6530.2]
  [Round 39] Val NASA per client: [1527.6, 6453.8, 2469.9, 4539.9]
  [Round 40] Re-clustered (α=1.0). Changes: {1: (0, 1), 2: (1, 0)}
  [Round 40] Assignments: {'0': 0, '1': 1, '2': 0, '3': 1}
  [Round 40] Cluster 0 val NASA: 1764.97
  [Round 40] Cluster 1 val NASA: 6473.49
  [Round 40] Val NASA per client: [1281.3, 6033.7, 2248.6, 6913.3]
  [Round 41] Val NASA per client: [2014.7, 6097.1, 2610.3, 6377.5]
  [Round 42] Val NASA per client: [1784.6, 5361.7, 2207.5, 5738.1]
  [Round 43] Val NASA per client: [1270.5, 6329.7, 2689.0, 6841.9]
  [Round 44] Val NASA per client: [1582.8, 5901.7, 2132.3, 7131.0]
  ⚠️ Spectral produced invalid clusters {0: 3, 1: 1}. Falling back to KMeans.
  KMeans fallback result: {0: 2, 1: 2}
  [Round 45] Re-clustered (α=1.0). Changes: {1: (1, 0), 2: (0, 1)}
  [Round 45] Assignments: {'0': 0, '1': 0, '2': 1, '3': 1}
  [Round 45] Cluster 0 val NASA: 3486.74
  [Round 45] Cluster 1 val NASA: 6130.30
  [Round 45] Val NASA per client: [1291.3, 5682.2, 2483.0, 9777.6]
  [Round 46] Val NASA per client: [1683.3, 6344.2, 2454.3, 5253.5]
  [Round 47] Val NASA per client: [1725.8, 5191.1, 2283.9, 7913.8]
  [Round 48] Val NASA per client: [1360.0, 6443.5, 2770.0, 8039.1]
  [Round 49] Val NASA per client: [1477.7, 5241.2, 2426.3, 6634.0]
  [Round 50] Val NASA per client: [1845.4, 5983.8, 2348.8, 4954.1]
WARNING:tensorflow:5 out of the last 38 calls to <function TensorFlowTrainer.make_predict_function.<locals>.one_step_on_data_distributed at 0x785141ed2480> triggered tf.function retracing. Tracing is expensive and the excessive number of tracings could be due to (1) creating @tf.function repeatedly in a loop, (2) passing tensors with different shapes, (3) passing Python objects instead of tensors. For (1), please define your @tf.function outside of the loop. For (2), @tf.function has reduce_retracing=True option that can avoid unnecessary retracing. For (3), please refer to https://www.tensorflow.org/guide/function#controlling_retracing and https://www.tensorflow.org/api_docs/python/tf/function for  more details.
WARNING:tensorflow:6 out of the last 41 calls to <function TensorFlowTrainer.make_predict_function.<locals>.one_step_on_data_distributed at 0x785141ed2480> triggered tf.function retracing. Tracing is expensive and the excessive number of tracings could be due to (1) creating @tf.function repeatedly in a loop, (2) passing tensors with different shapes, (3) passing Python objects instead of tensors. For (1), please define your @tf.function outside of the loop. For (2), @tf.function has reduce_retracing=True option that can avoid unnecessary retracing. For (3), please refer to https://www.tensorflow.org/guide/function#controlling_retracing and https://www.tensorflow.org/api_docs/python/tf/function for  more details.

  [Final] MAE: 13.1794 | NASA: 389.71
AC-PFL 2026: {'method': 'acpfl', 'dataset': 'FD001', 'seed': 2026, 'test_mae': 13.1794, 'nasa_score': 389.71, 'comm_kb': 27650.0}
  [Round 1] Val NASA per client: [3791.5, 8250.8, 2783.3, 2542.3]
  [Round 2] Val NASA per client: [2753.0, 4700.4, 2735.1, 1809.2]
  [Round 3] Val NASA per client: [3647.9, 7999.8, 2416.7, 1987.1]
  [Round 4] Val NASA per client: [3143.5, 4993.0, 2861.9, 1919.4]
  [Round 5] Re-clustered (α=1.0). Changes: {1: (0, 1), 2: (1, 0)}
  [Round 5] Assignments: {'0': 0, '1': 1, '2': 0, '3': 1}
  [Round 5] Cluster 0 val NASA: 3185.72
  [Round 5] Cluster 1 val NASA: 4448.61
  [Round 5] Val NASA per client: [2907.0, 7212.9, 3464.4, 1684.3]
  [Round 6] Val NASA per client: [2391.3, 5606.2, 2510.9, 1605.0]
  [Round 7] Val NASA per client: [3046.6, 4781.6, 3045.3, 2021.3]
  [Round 8] Val NASA per client: [2567.2, 5250.3, 3107.1, 2493.3]
  [Round 9] Val NASA per client: [2605.4, 5191.5, 2575.8, 1834.6]
  ⚠️ Spectral produced invalid clusters {0: 1, 1: 3}. Falling back to KMeans.
  KMeans fallback result: {0: 2, 1: 2}
  [Round 10] Re-clustered (α=1.0). Changes: {1: (1, 0), 2: (0, 1)}
  [Round 10] Assignments: {'0': 0, '1': 0, '2': 1, '3': 1}
  [Round 10] Cluster 0 val NASA: 3773.10
  [Round 10] Cluster 1 val NASA: 2390.08
  [Round 10] Val NASA per client: [2563.0, 4983.2, 3050.5, 1729.7]
  [Round 11] Val NASA per client: [2136.8, 6335.0, 2282.3, 2837.8]
  [Round 12] Val NASA per client: [2107.2, 5032.1, 2710.2, 2015.6]
  [Round 13] Val NASA per client: [2599.3, 5847.2, 2566.4, 1723.4]
  [Round 14] Val NASA per client: [2270.1, 6414.6, 2946.3, 1938.5]
  [Round 15] Re-clustered (α=1.0). Changes: {1: (0, 1), 2: (1, 0)}
  [Round 15] Assignments: {'0': 0, '1': 1, '2': 0, '3': 1}
  [Round 15] Cluster 0 val NASA: 2710.15
  [Round 15] Cluster 1 val NASA: 2997.52
  [Round 15] Val NASA per client: [2812.4, 3849.9, 2607.9, 2145.1]
  [Round 16] Val NASA per client: [2228.3, 3573.4, 3242.4, 2436.5]
  [Round 17] Val NASA per client: [2417.7, 5687.1, 3141.8, 2449.9]
  [Round 18] Val NASA per client: [2516.8, 4083.1, 2985.3, 2335.6]
  [Round 19] Val NASA per client: [2352.0, 3309.9, 3110.6, 2702.1]
  [Round 20] Re-clustered (α=1.0). Changes: {1: (1, 0), 2: (0, 1)}
  [Round 20] Assignments: {'0': 0, '1': 0, '2': 1, '3': 1}
  [Round 20] Cluster 0 val NASA: 4049.50
  [Round 20] Cluster 1 val NASA: 2931.03
  [Round 20] Val NASA per client: [2474.5, 5624.5, 3538.5, 2323.6]
  [Round 21] Val NASA per client: [2155.6, 4607.6, 2260.8, 2158.2]
  [Round 22] Val NASA per client: [2266.7, 5846.2, 2387.7, 2387.4]
  [Round 23] Val NASA per client: [2488.7, 5041.3, 2942.7, 2377.6]
  [Round 24] Val NASA per client: [2688.2, 3873.7, 2389.8, 2458.4]
  [Round 25] Re-clustered (α=1.0). Changes: {1: (0, 1), 2: (1, 0)}
  [Round 25] Assignments: {'0': 0, '1': 1, '2': 0, '3': 1}
  [Round 25] Cluster 0 val NASA: 2550.60
  [Round 25] Cluster 1 val NASA: 3079.39
  [Round 25] Val NASA per client: [2249.8, 4344.5, 2851.4, 1814.3]
  [Round 26] Val NASA per client: [2123.4, 4980.8, 2937.5, 2033.8]
  [Round 27] Val NASA per client: [2456.0, 5048.5, 2985.5, 2518.0]
  [Round 28] Val NASA per client: [2351.3, 4671.9, 2927.3, 1717.5]
  [Round 29] Val NASA per client: [2122.1, 4510.8, 2598.4, 1925.0]
  [Round 30] Re-clustered (α=1.0). Changes: {1: (1, 0), 2: (0, 1)}
  [Round 30] Assignments: {'0': 0, '1': 0, '2': 1, '3': 1}
  [Round 30] Cluster 0 val NASA: 3394.38
  [Round 30] Cluster 1 val NASA: 2539.04
  [Round 30] Val NASA per client: [2370.9, 4417.9, 3379.9, 1698.2]
  [Round 31] Val NASA per client: [2352.3, 4162.3, 2303.9, 2239.8]
  [Round 32] Val NASA per client: [2179.0, 4328.3, 2744.5, 2438.9]
  [Round 33] Val NASA per client: [2171.5, 5792.6, 2425.3, 1983.9]
  [Round 34] Val NASA per client: [2491.8, 4855.0, 2522.3, 1869.8]
  [Round 35] Re-clustered (α=1.0). Changes: {1: (0, 1), 2: (1, 0)}
  [Round 35] Assignments: {'0': 0, '1': 1, '2': 0, '3': 1}
  [Round 35] Cluster 0 val NASA: 2719.56
  [Round 35] Cluster 1 val NASA: 2966.52
  [Round 35] Val NASA per client: [2428.3, 4340.7, 3010.8, 1592.4]
  [Round 36] Val NASA per client: [2113.3, 4788.5, 2756.6, 1599.1]
  [Round 37] Val NASA per client: [2597.7, 4587.5, 2946.1, 2564.3]
  [Round 38] Val NASA per client: [2171.1, 4780.1, 2788.2, 2700.9]
  [Round 39] Val NASA per client: [2433.2, 4813.4, 2570.3, 2053.6]
  [Round 40] Re-clustered (α=1.0). Changes: {2: (0, 1), 3: (1, 0)}
  [Round 40] Assignments: {'0': 0, '1': 1, '2': 1, '3': 0}
  [Round 40] Cluster 0 val NASA: 2361.71
  [Round 40] Cluster 1 val NASA: 3821.87
  [Round 40] Val NASA per client: [2714.8, 5225.6, 2418.1, 2008.6]
  [Round 41] Val NASA per client: [2316.0, 6585.1, 3106.6, 1806.9]
  [Round 42] Val NASA per client: [2773.6, 3485.6, 3054.5, 2456.4]
  [Round 43] Val NASA per client: [2805.6, 4914.2, 2759.8, 1585.0]
  [Round 44] Val NASA per client: [3521.5, 3948.3, 2496.1, 2374.2]
  ⚠️ Spectral produced invalid clusters {1: 3, 0: 1}. Falling back to KMeans.
  KMeans fallback result: {0: 3, 1: 1}
  [Round 45] Re-clustered (α=1.0). Changes: {1: (1, 0), 2: (1, 0), 3: (0, 1)}
  [Round 45] Assignments: {'0': 0, '1': 0, '2': 0, '3': 1}
  [Round 45] Cluster 0 val NASA: 3584.82
  [Round 45] Cluster 1 val NASA: 2070.66
  [Round 45] Val NASA per client: [2542.8, 5163.4, 3048.3, 2070.7]
  [Round 46] Val NASA per client: [3180.4, 3565.3, 2776.2, 2266.0]
  [Round 47] Val NASA per client: [2741.7, 4416.1, 2937.3, 1975.4]
  [Round 48] Val NASA per client: [2707.2, 4745.5, 2863.6, 2452.8]
  [Round 49] Val NASA per client: [2766.7, 5561.2, 3032.0, 2969.6]
  [Round 50] Val NASA per client: [2159.1, 4719.0, 2860.6, 3036.7]

  [Final] MAE: 11.7925 | NASA: 413.16
AC-PFL 101: {'method': 'acpfl', 'dataset': 'FD001', 'seed': 101, 'test_mae': 11.7925, 'nasa_score': 413.16, 'comm_kb': 27650.0}
  [Round 1] Val NASA per client: [2806.2, 7081.1, 1896.2, 5005.7]
  [Round 2] Val NASA per client: [2405.7, 11892.1, 1856.5, 4561.7]
  [Round 3] Val NASA per client: [2599.0, 7214.9, 2076.8, 4916.6]
  [Round 4] Val NASA per client: [2306.2, 7709.2, 1794.6, 6269.9]
  ⚠️ Spectral produced invalid clusters {0: 3, 1: 1}. Falling back to KMeans.
  KMeans fallback result: {1: 2, 0: 2}
  [Round 5] Re-clustered (α=1.0). Changes: {0: (0, 1), 2: (1, 0)}
  [Round 5] Assignments: {'0': 1, '1': 0, '2': 0, '3': 1}
  [Round 5] Cluster 0 val NASA: 5110.52
  [Round 5] Cluster 1 val NASA: 4509.57
  [Round 5] Val NASA per client: [2511.7, 8079.4, 2141.7, 6507.5]
  [Round 6] Val NASA per client: [2522.3, 7592.9, 1783.7, 4847.0]
  [Round 7] Val NASA per client: [2015.2, 7899.4, 2070.7, 5409.5]
  [Round 8] Val NASA per client: [2742.5, 7871.9, 1886.6, 6311.7]
  [Round 9] Val NASA per client: [2539.8, 7792.1, 1781.0, 6690.6]
  [Round 10] Re-clustered (α=1.0). Changes: {0: (1, 0), 1: (0, 1)}
  [Round 10] Assignments: {'0': 0, '1': 1, '2': 0, '3': 1}
  [Round 10] Cluster 0 val NASA: 2099.85
  [Round 10] Cluster 1 val NASA: 6589.45
  [Round 10] Val NASA per client: [2037.2, 8221.4, 2162.5, 4957.5]
  [Round 11] Val NASA per client: [2455.1, 8490.9, 1901.7, 9167.1]
  [Round 12] Val NASA per client: [2820.7, 9161.5, 1695.8, 5365.6]
  [Round 13] Val NASA per client: [2547.9, 9339.8, 1858.3, 5206.1]
  [Round 14] Val NASA per client: [2509.2, 7063.7, 1784.9, 7215.4]
  [Round 15] Re-clustered (α=1.0). Changes: {0: (0, 1), 3: (1, 0)}
  [Round 15] Assignments: {'0': 1, '1': 1, '2': 0, '3': 0}
  [Round 15] Cluster 0 val NASA: 3503.45
  [Round 15] Cluster 1 val NASA: 5254.37
  [Round 15] Val NASA per client: [1962.3, 8546.5, 1808.5, 5198.4]
  [Round 16] Val NASA per client: [2537.3, 8491.8, 1887.1, 4613.9]
  [Round 17] Val NASA per client: [2432.4, 9523.5, 1753.1, 4026.1]
  [Round 18] Val NASA per client: [2506.3, 10462.7, 1842.8, 4269.6]
  [Round 19] Val NASA per client: [2630.4, 7733.9, 1704.6, 4001.2]
  [Round 20] Re-clustered (α=1.0). Changes: {0: (1, 0), 3: (0, 1)}
  [Round 20] Assignments: {'0': 0, '1': 1, '2': 0, '3': 1}
  [Round 20] Cluster 0 val NASA: 2287.49
  [Round 20] Cluster 1 val NASA: 6936.05
  [Round 20] Val NASA per client: [2733.4, 10517.2, 1841.5, 3354.9]
  [Round 21] Val NASA per client: [1988.3, 8022.3, 1594.2, 4200.7]
  [Round 22] Val NASA per client: [2545.7, 9889.6, 1743.1, 4198.7]
  [Round 23] Val NASA per client: [2262.1, 10830.7, 1652.1, 4679.0]
  [Round 24] Val NASA per client: [2854.2, 13008.8, 1744.8, 4456.8]
  [Round 25] Re-clustered (α=1.0). Changes: {2: (0, 1), 3: (1, 0)}
  [Round 25] Assignments: {'0': 0, '1': 1, '2': 1, '3': 0}
  [Round 25] Cluster 0 val NASA: 4603.81
  [Round 25] Cluster 1 val NASA: 5773.84
  [Round 25] Val NASA per client: [2558.5, 9775.7, 1772.0, 6649.1]
  [Round 26] Val NASA per client: [2678.4, 8363.0, 1938.7, 4271.7]
  [Round 27] Val NASA per client: [2209.3, 9281.9, 1804.0, 3637.7]
  [Round 28] Val NASA per client: [2810.2, 9853.3, 2193.8, 4968.9]
  [Round 29] Val NASA per client: [1954.4, 14503.4, 1885.0, 3830.6]
  [Round 30] Re-clustered (α=1.0). Changes: {1: (1, 0), 3: (0, 1)}
  [Round 30] Assignments: {'0': 0, '1': 0, '2': 1, '3': 1}
  [Round 30] Cluster 0 val NASA: 5486.86
  [Round 30] Cluster 1 val NASA: 2828.44
  [Round 30] Val NASA per client: [2199.3, 8774.4, 1848.5, 3808.4]
  [Round 31] Val NASA per client: [2904.5, 8435.0, 1888.5, 5201.0]
  [Round 32] Val NASA per client: [2684.5, 10507.2, 1778.4, 5484.4]
  [Round 33] Val NASA per client: [2668.7, 7024.0, 1939.6, 5746.3]
  [Round 34] Val NASA per client: [2784.1, 8144.7, 1945.2, 4574.5]
  ⚠️ Spectral produced invalid clusters {0: 3, 1: 1}. Falling back to KMeans.
  KMeans fallback result: {1: 2, 0: 2}
  [Round 35] Re-clustered (α=1.0). Changes: {0: (0, 1), 2: (1, 0)}
  [Round 35] Assignments: {'0': 1, '1': 0, '2': 0, '3': 1}
  [Round 35] Cluster 0 val NASA: 5189.98
  [Round 35] Cluster 1 val NASA: 5132.98
  [Round 35] Val NASA per client: [3160.6, 8565.1, 1814.8, 7105.4]
  [Round 36] Val NASA per client: [2596.9, 7287.4, 1803.4, 5921.5]
  [Round 37] Val NASA per client: [2731.6, 9311.0, 1967.6, 5391.2]
  [Round 38] Val NASA per client: [2070.4, 9241.5, 1509.3, 7021.4]
  [Round 39] Val NASA per client: [1984.9, 7718.4, 1791.5, 5046.7]
  ⚠️ Spectral produced invalid clusters {0: 3, 1: 1}. Falling back to KMeans.
  KMeans fallback result: {0: 2, 1: 2}
  [Round 40] Re-clustered (α=1.0). Changes: {0: (1, 0), 1: (0, 1)}
  [Round 40] Assignments: {'0': 0, '1': 1, '2': 0, '3': 1}
  [Round 40] Cluster 0 val NASA: 2084.37
  [Round 40] Cluster 1 val NASA: 7047.14
  [Round 40] Val NASA per client: [2451.7, 9358.2, 1717.1, 4736.0]
  [Round 41] Val NASA per client: [2650.0, 9293.9, 1686.2, 4869.4]
  [Round 42] Val NASA per client: [2756.3, 9580.3, 1924.7, 5553.3]
  [Round 43] Val NASA per client: [2710.9, 7745.7, 1587.6, 5458.9]
  [Round 44] Val NASA per client: [2647.6, 9051.8, 1687.9, 5172.1]
  [Round 45] Re-clustered (α=1.0). Changes: {2: (0, 1), 3: (1, 0)}
  [Round 45] Assignments: {'0': 0, '1': 1, '2': 1, '3': 0}
  [Round 45] Cluster 0 val NASA: 4126.13
  [Round 45] Cluster 1 val NASA: 5300.08
  [Round 45] Val NASA per client: [2405.1, 8693.4, 1906.8, 5847.2]
  [Round 46] Val NASA per client: [2769.8, 8201.8, 1942.1, 3926.8]
  [Round 47] Val NASA per client: [2853.1, 10331.3, 1935.2, 3815.2]
  [Round 48] Val NASA per client: [2952.5, 10824.9, 1906.4, 4766.8]
  [Round 49] Val NASA per client: [2553.6, 8231.7, 2281.9, 4540.7]
  [Round 50] Val NASA per client: [2659.5, 9819.8, 1998.3, 4094.5]

  [Final] MAE: 12.0093 | NASA: 360.16
AC-PFL 202: {'method': 'acpfl', 'dataset': 'FD001', 'seed': 202, 'test_mae': 12.0093, 'nasa_score': 360.16, 'comm_kb': 27650.0}
  [Round 1] Val NASA per client: [3560.4, 5908.0, 2893.8, 2065.3]
  [Round 2] Val NASA per client: [3370.6, 5282.5, 2270.5, 2066.9]
  [Round 3] Val NASA per client: [3601.4, 5847.2, 1966.6, 2569.5]
  [Round 4] Val NASA per client: [2601.4, 6177.4, 2175.3, 2594.2]
  [Round 5] Re-clustered (α=1.0). Changes: {1: (0, 1), 2: (1, 0)}
  [Round 5] Assignments: {'0': 0, '1': 1, '2': 0, '3': 1}
  [Round 5] Cluster 0 val NASA: 2419.12
  [Round 5] Cluster 1 val NASA: 3600.85
  [Round 5] Val NASA per client: [2819.0, 5503.3, 2019.2, 1698.4]
  [Round 6] Val NASA per client: [3121.9, 5542.3, 3231.6, 1619.4]
  [Round 7] Val NASA per client: [2920.6, 4981.3, 2103.2, 2132.1]
  [Round 8] Val NASA per client: [1977.9, 6221.4, 2555.6, 2040.4]
  [Round 9] Val NASA per client: [4439.4, 6101.9, 2233.8, 3168.7]
  ⚠️ Spectral produced invalid clusters {0: 3, 1: 1}. Falling back to KMeans.
  KMeans fallback result: {0: 3, 1: 1}
  [Round 10] Re-clustered (α=1.0). Changes: {1: (1, 0)}
  [Round 10] Assignments: {'0': 0, '1': 0, '2': 0, '3': 1}
  [Round 10] Cluster 0 val NASA: 4262.81
  [Round 10] Cluster 1 val NASA: 1883.35
  [Round 10] Val NASA per client: [4674.3, 5741.1, 2373.0, 1883.4]
  [Round 11] Val NASA per client: [3600.4, 5375.9, 2636.3, 2107.8]
  [Round 12] Val NASA per client: [3426.6, 6589.0, 2531.6, 1787.0]
  [Round 13] Val NASA per client: [4537.0, 4835.7, 2189.7, 1778.0]
  [Round 14] Val NASA per client: [3017.2, 5848.1, 2375.2, 1361.0]
  [Round 15] Re-clustered (α=1.0). Changes: {1: (0, 1), 2: (0, 1), 3: (1, 0)}
  [Round 15] Assignments: {'0': 0, '1': 1, '2': 1, '3': 0}
  [Round 15] Cluster 0 val NASA: 2673.61
  [Round 15] Cluster 1 val NASA: 4101.26
  [Round 15] Val NASA per client: [3438.5, 6023.5, 2179.0, 1908.8]
  [Round 16] Val NASA per client: [3768.7, 5752.7, 3178.3, 2122.5]
  [Round 17] Val NASA per client: [3568.7, 5645.5, 2569.7, 1652.8]
  [Round 18] Val NASA per client: [4331.2, 5521.8, 2250.0, 1836.4]
  [Round 19] Val NASA per client: [3568.6, 5801.7, 1939.0, 1482.6]
  [Round 20] Re-clustered (α=1.0). Changes: {1: (1, 0), 3: (0, 1)}
  [Round 20] Assignments: {'0': 0, '1': 0, '2': 1, '3': 1}
  [Round 20] Cluster 0 val NASA: 4690.97
  [Round 20] Cluster 1 val NASA: 1649.13
  [Round 20] Val NASA per client: [4081.2, 5300.7, 1731.8, 1566.4]
  [Round 21] Val NASA per client: [2525.6, 4925.0, 3864.0, 1988.7]
  [Round 22] Val NASA per client: [2428.9, 4389.3, 2457.2, 2391.8]
  [Round 23] Val NASA per client: [2612.7, 4684.8, 1923.9, 1582.3]
  [Round 24] Val NASA per client: [3588.5, 4587.9, 2200.2, 2355.9]
  ⚠️ Spectral produced invalid clusters {0: 1, 1: 3}. Falling back to KMeans.
  KMeans fallback result: {1: 2, 0: 2}
  [Round 25] Re-clustered (α=1.0). Changes: {0: (0, 1), 2: (1, 0)}
  [Round 25] Assignments: {'0': 1, '1': 0, '2': 0, '3': 1}
  [Round 25] Cluster 0 val NASA: 4448.89
  [Round 25] Cluster 1 val NASA: 2424.61
  [Round 25] Val NASA per client: [3042.0, 6118.3, 2779.5, 1807.3]
  [Round 26] Val NASA per client: [2814.2, 5046.4, 2191.4, 1444.2]
  [Round 27] Val NASA per client: [2944.8, 5760.1, 2228.3, 1246.1]
  [Round 28] Val NASA per client: [2216.8, 6014.0, 2201.7, 1458.7]
  [Round 29] Val NASA per client: [2337.6, 4729.6, 2599.2, 1192.7]
  ⚠️ Spectral produced invalid clusters {1: 3, 0: 1}. Falling back to KMeans.
  KMeans fallback result: {0: 2, 1: 2}
  [Round 30] Re-clustered (α=1.0). Changes: {0: (1, 0), 1: (0, 1)}
  [Round 30] Assignments: {'0': 0, '1': 1, '2': 0, '3': 1}
  [Round 30] Cluster 0 val NASA: 2631.45
  [Round 30] Cluster 1 val NASA: 3587.20
  [Round 30] Val NASA per client: [3009.8, 5261.1, 2253.1, 1913.3]
  [Round 31] Val NASA per client: [3333.5, 5593.4, 2128.0, 1795.0]
  [Round 32] Val NASA per client: [4137.0, 4410.4, 2275.1, 1810.2]
  [Round 33] Val NASA per client: [3409.2, 5037.2, 2052.6, 1782.1]
  [Round 34] Val NASA per client: [5312.1, 5860.8, 2206.7, 1758.9]
  [Round 35] Re-clustered (α=1.0). Changes: {2: (0, 1), 3: (1, 0)}
  [Round 35] Assignments: {'0': 0, '1': 1, '2': 1, '3': 0}
  [Round 35] Cluster 0 val NASA: 2646.41
  [Round 35] Cluster 1 val NASA: 3681.14
  [Round 35] Val NASA per client: [3495.9, 4966.1, 2396.2, 1796.9]
  [Round 36] Val NASA per client: [3175.8, 5417.8, 2621.3, 1507.1]
  [Round 37] Val NASA per client: [3976.9, 4918.5, 2487.9, 1886.4]
  [Round 38] Val NASA per client: [3335.8, 5281.7, 1958.2, 1604.3]
  [Round 39] Val NASA per client: [3428.1, 4812.6, 2043.8, 2212.4]
  [Round 40] Re-clustered (α=1.0). Changes: {1: (1, 0), 3: (0, 1)}
  [Round 40] Assignments: {'0': 0, '1': 0, '2': 1, '3': 1}
  [Round 40] Cluster 0 val NASA: 4879.03
  [Round 40] Cluster 1 val NASA: 2090.61
  [Round 40] Val NASA per client: [3649.7, 6108.4, 2269.0, 1912.2]
  [Round 41] Val NASA per client: [3643.1, 5218.8, 1962.9, 1997.9]
  [Round 42] Val NASA per client: [4973.0, 4348.9, 2454.2, 1640.4]
  [Round 43] Val NASA per client: [4103.5, 4740.3, 2998.7, 1319.1]
  [Round 44] Val NASA per client: [5514.6, 4236.0, 2548.6, 1692.8]
  [Round 45] Re-clustered (α=1.0). Changes: {1: (0, 1), 2: (1, 0)}
  [Round 45] Assignments: {'0': 0, '1': 1, '2': 0, '3': 1}
  [Round 45] Cluster 0 val NASA: 3868.93
  [Round 45] Cluster 1 val NASA: 3275.96
  [Round 45] Val NASA per client: [5208.9, 4454.7, 2529.0, 2097.3]
  [Round 46] Val NASA per client: [3968.9, 6212.7, 2240.5, 1680.7]
  [Round 47] Val NASA per client: [5139.1, 6218.7, 2203.7, 2135.3]
  [Round 48] Val NASA per client: [3871.8, 5384.4, 2382.9, 1982.6]
  [Round 49] Val NASA per client: [4611.7, 5881.1, 2273.1, 1957.1]
  [Round 50] Val NASA per client: [3681.2, 4345.5, 2499.3, 2020.5]
WARNING:tensorflow:5 out of the last 34 calls to <function TensorFlowTrainer.make_predict_function.<locals>.one_step_on_data_distributed at 0x7a1166b2c360> triggered tf.function retracing. Tracing is expensive and the excessive number of tracings could be due to (1) creating @tf.function repeatedly in a loop, (2) passing tensors with different shapes, (3) passing Python objects instead of tensors. For (1), please define your @tf.function outside of the loop. For (2), @tf.function has reduce_retracing=True option that can avoid unnecessary retracing. For (3), please refer to https://www.tensorflow.org/guide/function#controlling_retracing and https://www.tensorflow.org/api_docs/python/tf/function for  more details.
WARNING:tensorflow:6 out of the last 37 calls to <function TensorFlowTrainer.make_predict_function.<locals>.one_step_on_data_distributed at 0x7a1166b2c360> triggered tf.function retracing. Tracing is expensive and the excessive number of tracings could be due to (1) creating @tf.function repeatedly in a loop, (2) passing tensors with different shapes, (3) passing Python objects instead of tensors. For (1), please define your @tf.function outside of the loop. For (2), @tf.function has reduce_retracing=True option that can avoid unnecessary retracing. For (3), please refer to https://www.tensorflow.org/guide/function#controlling_retracing and https://www.tensorflow.org/api_docs/python/tf/function for  more details.

  [Final] MAE: 13.8379 | NASA: 869.14
AC-PFL 303: {'method': 'acpfl', 'dataset': 'FD001', 'seed': 303, 'test_mae': 13.8379, 'nasa_score': 869.14, 'comm_kb': 27650.0}
  [Round 1] Val NASA per client: [3482.2, 9876.9, 1803.3, 1853.9]
  [Round 2] Val NASA per client: [3796.0, 8977.7, 1267.7, 2051.2]
  [Round 3] Val NASA per client: [3232.5, 6762.2, 1604.9, 2148.2]
  [Round 4] Val NASA per client: [3803.6, 8620.0, 1466.4, 2124.9]
  [Round 5] Re-clustered (α=1.0). Changes: {1: (0, 1), 3: (1, 0)}
  [Round 5] Assignments: {'0': 0, '1': 1, '2': 1, '3': 0}
  [Round 5] Cluster 0 val NASA: 3957.33
  [Round 5] Cluster 1 val NASA: 5188.81
  [Round 5] Val NASA per client: [3095.7, 7929.7, 2447.9, 4819.0]
  [Round 6] Val NASA per client: [3175.3, 9154.2, 1810.7, 2183.3]
  [Round 7] Val NASA per client: [2511.6, 7601.4, 1445.9, 1639.1]
  [Round 8] Val NASA per client: [3055.7, 8444.5, 1607.0, 1315.2]
  [Round 9] Val NASA per client: [4572.6, 6410.0, 1218.9, 2207.4]
  [Round 10] Re-clustered (α=1.0). Changes: {2: (1, 0), 3: (0, 1)}
  [Round 10] Assignments: {'0': 0, '1': 1, '2': 0, '3': 1}
  [Round 10] Cluster 0 val NASA: 2547.67
  [Round 10] Cluster 1 val NASA: 3931.24
  [Round 10] Val NASA per client: [3550.2, 6610.2, 1545.1, 1252.3]
  [Round 11] Val NASA per client: [3088.9, 8110.4, 1459.3, 4381.5]
  [Round 12] Val NASA per client: [2789.9, 6979.1, 1226.9, 2237.2]
  [Round 13] Val NASA per client: [4120.8, 7178.9, 1199.1, 4284.2]
  [Round 14] Val NASA per client: [3362.2, 6916.0, 1609.5, 2149.1]
  [Round 15] Re-clustered (α=1.0). Changes: {}
  [Round 15] Assignments: {'0': 0, '1': 1, '2': 0, '3': 1}
  [Round 15] Cluster 0 val NASA: 2266.51
  [Round 15] Cluster 1 val NASA: 5428.70
  [Round 15] Val NASA per client: [2954.5, 6840.7, 1578.5, 4016.7]
  [Round 16] Val NASA per client: [4336.8, 9393.9, 1553.6, 3550.8]
  [Round 17] Val NASA per client: [5003.7, 6983.8, 1547.2, 6008.5]
  [Round 18] Val NASA per client: [4642.8, 7550.5, 1562.5, 1752.7]
  [Round 19] Val NASA per client: [3704.7, 8067.6, 1669.1, 3669.3]
  ⚠️ Spectral produced invalid clusters {0: 1, 1: 3}. Falling back to KMeans.
  KMeans fallback result: {1: 2, 0: 2}
  [Round 20] Re-clustered (α=1.0). Changes: {0: (0, 1), 1: (1, 0)}
  [Round 20] Assignments: {'0': 1, '1': 0, '2': 0, '3': 1}
  [Round 20] Cluster 0 val NASA: 5602.08
  [Round 20] Cluster 1 val NASA: 3847.25
  [Round 20] Val NASA per client: [3079.2, 9681.0, 1523.1, 4615.3]
  [Round 21] Val NASA per client: [4257.0, 4779.0, 1289.7, 2902.8]
  [Round 22] Val NASA per client: [3317.3, 5413.3, 1290.0, 4112.9]
  [Round 23] Val NASA per client: [3483.4, 6009.6, 1557.6, 6184.2]
  [Round 24] Val NASA per client: [2981.2, 5814.5, 1549.9, 6474.5]
  [Round 25] Re-clustered (α=1.0). Changes: {0: (1, 0), 2: (0, 1)}
  [Round 25] Assignments: {'0': 0, '1': 0, '2': 1, '3': 1}
  [Round 25] Cluster 0 val NASA: 5193.84
  [Round 25] Cluster 1 val NASA: 2665.08
  [Round 25] Val NASA per client: [3631.6, 6756.1, 1219.2, 4110.9]
  [Round 26] Val NASA per client: [2774.5, 6177.9, 1368.7, 6870.0]
  [Round 27] Val NASA per client: [3112.1, 6176.7, 1573.4, 6830.4]
  [Round 28] Val NASA per client: [4853.7, 7171.0, 1585.6, 7946.6]
  [Round 29] Val NASA per client: [3146.5, 6628.8, 1571.1, 7788.8]
  [Round 30] Re-clustered (α=1.0). Changes: {1: (0, 1), 3: (1, 0)}
  [Round 30] Assignments: {'0': 0, '1': 1, '2': 1, '3': 0}
  [Round 30] Cluster 0 val NASA: 6595.14
  [Round 30] Cluster 1 val NASA: 4023.48
  [Round 30] Val NASA per client: [2706.0, 6523.6, 1523.4, 10484.3]
  [Round 31] Val NASA per client: [4028.5, 7282.9, 1360.9, 1681.8]
  [Round 32] Val NASA per client: [3389.3, 7004.5, 1499.1, 1729.4]
  [Round 33] Val NASA per client: [3492.0, 7611.6, 1142.2, 1702.4]
  [Round 34] Val NASA per client: [3809.0, 8547.6, 1726.3, 1747.7]
  ⚠️ Spectral produced invalid clusters {0: 3, 1: 1}. Falling back to KMeans.
  KMeans fallback result: {0: 2, 1: 2}
  [Round 35] Re-clustered (α=1.0). Changes: {2: (1, 0), 3: (0, 1)}
  [Round 35] Assignments: {'0': 0, '1': 1, '2': 0, '3': 1}
  [Round 35] Cluster 0 val NASA: 2625.57
  [Round 35] Cluster 1 val NASA: 4640.98
  [Round 35] Val NASA per client: [3525.4, 7752.6, 1725.8, 1529.4]
  [Round 36] Val NASA per client: [4079.7, 5316.7, 1265.0, 6171.6]
  [Round 37] Val NASA per client: [3978.7, 8426.3, 1429.5, 6389.0]
  [Round 38] Val NASA per client: [4051.8, 10695.8, 1324.4, 4666.0]
  [Round 39] Val NASA per client: [4680.9, 8881.6, 1171.7, 6009.9]
  ⚠️ Spectral produced invalid clusters {0: 1, 1: 3}. Falling back to KMeans.
  KMeans fallback result: {1: 2, 0: 2}
  [Round 40] Re-clustered (α=1.0). Changes: {0: (0, 1), 1: (1, 0)}
  [Round 40] Assignments: {'0': 1, '1': 0, '2': 0, '3': 1}
  [Round 40] Cluster 0 val NASA: 5261.64
  [Round 40] Cluster 1 val NASA: 9124.61
  [Round 40] Val NASA per client: [5196.5, 8917.0, 1606.3, 13052.7]
  [Round 41] Val NASA per client: [4488.4, 5814.8, 1740.6, 10410.0]
  [Round 42] Val NASA per client: [4407.7, 5764.5, 1682.6, 12826.8]
  [Round 43] Val NASA per client: [4425.2, 4610.6, 1393.1, 9310.5]
  [Round 44] Val NASA per client: [4746.6, 7075.2, 1357.3, 8285.1]
  [Round 45] Re-clustered (α=1.0). Changes: {0: (1, 0), 2: (0, 1)}
  [Round 45] Assignments: {'0': 0, '1': 0, '2': 1, '3': 1}
  [Round 45] Cluster 0 val NASA: 5117.40
  [Round 45] Cluster 1 val NASA: 4843.73
  [Round 45] Val NASA per client: [2957.1, 7277.7, 1195.7, 8491.8]
  [Round 46] Val NASA per client: [2852.1, 8569.4, 1549.0, 5559.4]
  [Round 47] Val NASA per client: [4106.1, 6817.7, 1324.2, 8630.7]
  [Round 48] Val NASA per client: [5604.6, 7634.5, 1760.8, 11815.3]
  [Round 49] Val NASA per client: [4878.0, 7147.5, 1643.3, 11003.0]
  [Round 50] Val NASA per client: [3890.9, 7723.8, 1677.6, 6754.0]

  [Final] MAE: 13.5832 | NASA: 503.99
AC-PFL 42: {'method': 'acpfl', 'dataset': 'FD001', 'seed': 42, 'test_mae': 13.5832, 'nasa_score': 503.99, 'comm_kb': 27650.0}
INFO flwr 2026-07-18 13:16:00,413 | app.py:225 | app_fit: losses_distributed [(1, 365.6816368615674), (2, 374.54193185999776), (3, 337.0956352384665), (4, 326.1695070651209), (5, 331.05560913085935), (6, 367.935451003968), (7, 334.3291949205562), (8, 343.45378766166675), (9, 342.8781164920691), (10, 383.7117370002355), (11, 361.9367441612113), (12, 393.86233546240686), (13, 420.4946852652609), (14, 373.0336791348866), (15, 348.340831361552), (16, 428.693266165712), (17, 372.38198241785426), (18, 382.1766541693365), (19, 393.4801765934438), (20, 379.78713485054345), (21, 418.6737815726259), (22, 408.38283752521824), (23, 418.9673754625484), (24, 433.2567642151603), (25, 415.4801524286685), (26, 416.7543391814502), (27, 432.7084858247257), (28, 399.29347506838513), (29, 434.5825269696584), (30, 396.6846373787982), (31, 413.7763947860054), (32, 422.14445385838684), (33, 431.41441152620376), (34, 434.7463743589298), (35, 468.2782366806654), (36, 418.5528335350147), (37, 411.35972983218306), (38, 405.46712590193715), (39, 390.14562931990594), (40, 425.8100623652241), (41, 400.94917761761207), (42, 409.6531539333982), (43, 424.9797112064085), (44, 369.02096331650404), (45, 394.1575226111531), (46, 421.5893024349087), (47, 391.2138914970227), (48, 422.1389653986151), (49, 421.4756156026767), (50, 427.3273108682142)]
INFO flwr 2026-07-18 13:16:00,414 | app.py:226 | app_fit: metrics_distributed_fit {}
INFO flwr 2026-07-18 13:16:00,415 | app.py:227 | app_fit: metrics_distributed {'mae': [(1, 15.174149549934075), (2, 15.136805358957082), (3, 14.453772757207295), (4, 14.090555382528795), (5, 14.231429365406866), (6, 15.164599882032874), (7, 14.175894568371678), (8, 14.361888076571137), (9, 13.578047761678382), (10, 14.639660822952532), (11, 14.83932795794742), (12, 15.323218175513627), (13, 15.730294255242832), (14, 14.51938304800604), (15, 14.220749204683367), (16, 15.488385411339157), (17, 14.177914056790518), (18, 14.695639746242518), (19, 14.93725285310205), (20, 14.47722470983372), (21, 15.153337435163214), (22, 15.378991347653436), (23, 15.385484054123147), (24, 15.428327096529472), (25, 15.585252716355958), (26, 15.30704665227998), (27, 15.787643208208449), (28, 14.929570002298266), (29, 15.72070365146843), (30, 14.651512685029402), (31, 15.562796417809286), (32, 15.381939652032061), (33, 15.396294026883695), (34, 15.602125292992875), (35, 16.411501174544785), (36, 15.041056260321295), (37, 14.986050539682662), (38, 14.997695982157792), (39, 14.707595646522734), (40, 15.624127196511733), (41, 14.845614115145837), (42, 15.195991076593813), (43, 15.545551318644849), (44, 14.436459773268467), (45, 14.825253294893248), (46, 15.107983316514488), (47, 14.933410016538597), (48, 15.640990466342771), (49, 15.250837073244439), (50, 15.58959994686765)]}
INFO flwr 2026-07-18 13:16:00,416 | app.py:228 | app_fit: losses_centralized []
INFO flwr 2026-07-18 13:16:00,417 | app.py:229 | app_fit: metrics_centralized {}

Ditto: {'method': 'ditto', 'dataset': 'FD001', 'seed': 42, 'test_mae': 16.2675, 'nasa_score': 1050.94, 'comm_kb': 28900.78}
INFO flwr 2026-07-18 13:03:57,549 | app.py:225 | app_fit: losses_distributed [(1, 307.99287234205775), (2, 360.0438232536259), (3, 287.240513848758), (4, 282.74355293666645), (5, 366.9272753721711), (6, 277.1655442153496), (7, 281.0736671382937), (8, 285.48831513427245), (9, 254.89683361139254), (10, 263.1958244548685), (11, 233.12916855094792), (12, 289.17488780634096), (13, 281.42279270826015), (14, 286.73965388140283), (15, 284.3896543702026), (16, 264.76709471649673), (17, 248.8382682018671), (18, 239.99573937396536), (19, 314.7602513859952), (20, 296.92831418229486), (21, 271.09672678309283), (22, 253.52951063912013), (23, 241.26402093219139), (24, 293.8650341310363), (25, 302.34359433518716), (26, 297.2659107763013), (27, 269.2015413801888), (28, 282.41013986643765), (29, 269.0065619732248), (30, 288.33467831818956), (31, 284.63741064190805), (32, 271.84695910787894), (33, 334.4052117389181), (34, 276.10309292375297), (35, 289.93419055471657), (36, 277.02018906318324), (37, 345.5657876628092), (38, 334.2785161831926), (39, 280.7050528652605), (40, 296.0482530226891), (41, 276.9114934987035), (42, 343.1065922688985), (43, 257.2587457911364), (44, 293.09421270504885), (45, 299.31836991355397), (46, 305.11310206408024), (47, 313.23013513461166), (48, 286.0642136169159), (49, 306.2755596002658), (50, 351.1233061447792)]
INFO flwr 2026-07-18 13:03:57,549 | app.py:226 | app_fit: metrics_distributed_fit {}
INFO flwr 2026-07-18 13:03:57,551 | app.py:227 | app_fit: metrics_distributed {'mae': [(1, 14.00281844146248), (2, 15.231673140099263), (3, 13.483872677671021), (4, 13.705648857852568), (5, 15.34296359687016), (6, 13.541749740230745), (7, 13.409853870900854), (8, 13.429423179464422), (9, 12.737668851922), (10, 12.80603209047065), (11, 12.226849440394014), (12, 13.189267322458308), (13, 13.364474135717709), (14, 13.014109475203957), (15, 13.245622142561075), (16, 12.593352802987697), (17, 12.316564424105849), (18, 11.73785418334572), (19, 13.136173238520739), (20, 13.311941308655898), (21, 12.956814503324205), (22, 12.180780125045585), (23, 12.259234354056339), (24, 13.629140702561699), (25, 13.214763577969773), (26, 13.372979373588734), (27, 12.461690099640883), (28, 12.776120187281848), (29, 12.677345392169029), (30, 13.28489899170631), (31, 12.526988928822027), (32, 12.59411159603075), (33, 13.877114376981279), (34, 12.79028605104148), (35, 12.575442177364076), (36, 12.92933839062105), (37, 14.660951368931471), (38, 13.896086974718283), (39, 12.908343887519742), (40, 12.900968921714757), (41, 12.53338177021833), (42, 14.205399321175289), (43, 11.940624226575371), (44, 13.085203800363459), (45, 13.258161746639422), (46, 13.341610981666225), (47, 13.506336937303367), (48, 13.101733204128145), (49, 13.476823218163105), (50, 14.569771290540338)]}
INFO flwr 2026-07-18 13:03:57,552 | app.py:228 | app_fit: losses_centralized []
INFO flwr 2026-07-18 13:03:57,553 | app.py:229 | app_fit: metrics_centralized {}

Ditto: {'method': 'ditto', 'dataset': 'FD001', 'seed': 101, 'test_mae': 14.0041, 'nasa_score': 526.7, 'comm_kb': 28900.78}
INFO flwr 2026-07-18 08:35:51,200 | app.py:225 | app_fit: losses_distributed [(1, 224.82377811160086), (2, 270.471545870885), (3, 275.6789658208599), (4, 293.1822463274596), (5, 287.0473479920498), (6, 307.5213987866503), (7, 322.2795392707859), (8, 290.6543862495365), (9, 294.3846633789488), (10, 313.77739170076364), (11, 349.02196586696317), (12, 349.95536431282625), (13, 279.36624615359915), (14, 333.2061938412699), (15, 349.99761266855677), (16, 365.8772428215114), (17, 400.1092259968224), (18, 333.92060628528907), (19, 329.4251623529074), (20, 353.14783846898405), (21, 318.4003072870746), (22, 325.96459263381996), (23, 359.5073108226432), (24, 395.48724349268525), (25, 344.47848317251317), (26, 348.9182847749551), (27, 311.9391500551901), (28, 341.3671287608848), (29, 369.5206255872391), (30, 355.1012912288375), (31, 347.60563939830587), (32, 327.81868949551813), (33, 343.9451433380385), (34, 349.4768925178805), (35, 346.1161350274953), (36, 326.84395803119867), (37, 357.0572618485447), (38, 355.5852378081135), (39, 364.4669663182645), (40, 409.98877513450236), (41, 396.885843433785), (42, 342.9590108593008), (43, 387.1364232031457), (44, 397.64209910774326), (45, 365.1505985079444), (46, 375.0848707456641), (47, 383.22268934112077), (48, 379.28776005933577), (49, 391.3141936267497), (50, 394.57846286775583)]
INFO flwr 2026-07-18 08:35:51,200 | app.py:226 | app_fit: metrics_distributed_fit {}
INFO flwr 2026-07-18 08:35:51,202 | app.py:227 | app_fit: metrics_distributed {'mae': [(1, 11.659893618689644), (2, 12.770058866395367), (3, 12.896044262856112), (4, 13.108085509729314), (5, 12.868987486145064), (6, 13.764106598907759), (7, 13.903266370504367), (8, 13.338187279722616), (9, 13.316837408914457), (10, 13.420883705916545), (11, 14.625965696932608), (12, 14.369879247658753), (13, 12.909311838867538), (14, 13.958596639866014), (15, 14.198922264201759), (16, 14.615064770889092), (17, 15.352956168854718), (18, 13.854894359847117), (19, 14.096336971780941), (20, 14.061290199743555), (21, 13.597721732785349), (22, 13.7902959508568), (23, 14.42416894334908), (24, 15.238139338795083), (25, 14.142491845272048), (26, 13.999281436338553), (27, 13.838623302756226), (28, 14.356904634505169), (29, 14.864211191035766), (30, 14.5614877486027), (31, 13.842750205052807), (32, 13.805548329346205), (33, 14.171348879690127), (34, 14.180612512292942), (35, 14.051154697125506), (36, 13.724345913322992), (37, 14.598642595858495), (38, 14.809817292289942), (39, 14.86859242406483), (40, 15.467257874369562), (41, 15.190003664979427), (42, 14.030320093176766), (43, 15.223266545967137), (44, 15.224390011850613), (45, 14.396226724701611), (46, 14.671382146150126), (47, 15.236198342375097), (48, 14.796977242012195), (49, 15.09697674041847), (50, 15.18325513146918)]}
INFO flwr 2026-07-18 08:35:51,202 | app.py:228 | app_fit: losses_centralized []
INFO flwr 2026-07-18 08:35:51,203 | app.py:229 | app_fit: metrics_centralized {}

Ditto: {'method': 'ditto', 'dataset': 'FD001', 'seed': 202, 'test_mae': 13.1749, 'nasa_score': 444.12, 'comm_kb': 28900.78}
INFO flwr 2026-07-18 09:20:38,444 | app.py:225 | app_fit: losses_distributed [(1, 416.62902904228605), (2, 423.481933074578), (3, 346.5914076460859), (4, 361.4275466050955), (5, 363.80843322445645), (6, 470.3724439054141), (7, 384.63367112122717), (8, 464.74146673515844), (9, 350.66928135062204), (10, 435.7629913013708), (11, 424.7167037971979), (12, 452.2191793308937), (13, 498.3901632127453), (14, 477.32311535540697), (15, 372.58831837809765), (16, 423.2664652636303), (17, 396.04158436168325), (18, 461.3062390049108), (19, 375.9401474201825), (20, 496.55577209894483), (21, 448.6355148063956), (22, 374.58197468459), (23, 465.57106796013176), (24, 382.82800575268516), (25, 382.56127599526565), (26, 473.2731826473968), (27, 436.098921273377), (28, 390.3681434821981), (29, 425.12845168653666), (30, 403.7087886714986), (31, 441.9127803885639), (32, 433.50088174060454), (33, 459.4746970055523), (34, 394.8484664746639), (35, 450.8619305754139), (36, 435.9073899434894), (37, 430.19436286143457), (38, 446.2563691897192), (39, 374.7649836360236), (40, 466.06698524844194), (41, 425.1194859392652), (42, 432.8176819326268), (43, 383.83106946767737), (44, 468.7834837212327), (45, 433.6734408470369), (46, 429.8683967205009), (47, 440.9610149620823), (48, 417.1308204411573), (49, 414.6593827405298), (50, 424.2364746450681)]
INFO flwr 2026-07-18 09:20:38,445 | app.py:226 | app_fit: metrics_distributed_fit {}
INFO flwr 2026-07-18 09:20:38,445 | app.py:227 | app_fit: metrics_distributed {'mae': [(1, 15.909562262748544), (2, 16.50776805527853), (3, 14.96979951528968), (4, 15.375985358003478), (5, 15.014357663164235), (6, 17.041038758066474), (7, 15.335301734360527), (8, 16.62412444078688), (9, 14.654853635744361), (10, 16.15781200851043), (11, 16.287666920586382), (12, 16.508738864805395), (13, 16.944235889661954), (14, 16.998696789850523), (15, 14.841897022717815), (16, 16.135279436937868), (17, 15.404881066429304), (18, 16.4584402267379), (19, 15.017304590824498), (20, 17.017223341930173), (21, 15.953722231822848), (22, 14.983042066747492), (23, 16.5075777703812), (24, 14.974452435748493), (25, 14.953319945277082), (26, 16.537028784703725), (27, 15.881545362923768), (28, 15.382260331696871), (29, 15.663935821275645), (30, 15.382994670553577), (31, 16.097052138641374), (32, 16.191767622092378), (33, 16.24265731616834), (34, 15.294458794124832), (35, 15.94146689298874), (36, 15.640259274772227), (37, 15.9329592059864), (38, 16.378853203450536), (39, 14.744226364427776), (40, 16.887022521633977), (41, 15.42963491533108), (42, 15.896101050906712), (43, 15.197058190949607), (44, 15.97146546289301), (45, 15.953365719869756), (46, 15.741547709763653), (47, 16.086556469361113), (48, 15.473783736150358), (49, 15.505148295707237), (50, 15.534898869728927)]}
INFO flwr 2026-07-18 09:20:38,446 | app.py:228 | app_fit: losses_centralized []
INFO flwr 2026-07-18 09:20:38,446 | app.py:229 | app_fit: metrics_centralized {}

Ditto: {'method': 'ditto', 'dataset': 'FD001', 'seed': 303, 'test_mae': 14.5076, 'nasa_score': 471.08, 'comm_kb': 28900.78}
INFO flwr 2026-07-18 10:05:26,797 | app.py:225 | app_fit: losses_distributed [(1, 579.6768393251498), (2, 703.6928627040903), (3, 504.9892160170187), (4, 501.6518165615122), (5, 453.0156792806397), (6, 515.5054108567637), (7, 412.8621622084616), (8, 438.8238803594185), (9, 460.2104357249986), (10, 470.75135927768605), (11, 506.01249704757333), (12, 526.5712922563778), (13, 466.0382834230594), (14, 552.842256380787), (15, 435.7682173589975), (16, 538.4872041491192), (17, 471.29210866470606), (18, 453.5829162292022), (19, 529.7193686495319), (20, 486.52598765090994), (21, 502.11458411524757), (22, 431.9160033996307), (23, 485.69804581750554), (24, 435.3700760491323), (25, 473.24950273310355), (26, 437.1864581998731), (27, 496.6208086238244), (28, 521.2203614564913), (29, 556.8591938964355), (30, 454.18345516779806), (31, 499.66377376734044), (32, 436.91405479801733), (33, 421.5552969040964), (34, 375.8653304358393), (35, 503.59837560601153), (36, 455.99332459688065), (37, 478.55171219659076), (38, 436.12738089067193), (39, 506.69707906586444), (40, 505.0677279805206), (41, 472.15118418900323), (42, 451.41067258847255), (43, 487.8641335110576), (44, 483.29288701576536), (45, 400.50603772785644), (46, 422.2412334016161), (47, 492.11137669027954), (48, 440.0797260954909), (49, 453.3416399241807), (50, 431.1950571196761)]
INFO flwr 2026-07-18 10:05:26,797 | app.py:226 | app_fit: metrics_distributed_fit {}
INFO flwr 2026-07-18 10:05:26,798 | app.py:227 | app_fit: metrics_distributed {'mae': [(1, 19.30027915026226), (2, 20.775443048434195), (3, 17.963645329043217), (4, 17.7794698983595), (5, 17.243457549204514), (6, 17.905908179629368), (7, 16.418630427101224), (8, 16.76960358884732), (9, 16.79518472235025), (10, 17.22567938850949), (11, 18.034100682961085), (12, 17.882572730899632), (13, 17.168312848778324), (14, 18.56405443278443), (15, 16.3728704294922), (16, 17.996625199697586), (17, 16.85622321478892), (18, 16.76004210984522), (19, 17.90408489664734), (20, 17.499805647669042), (21, 17.389789496294306), (22, 16.60902060707868), (23, 17.343495166952394), (24, 16.461900895395218), (25, 17.232574593262726), (26, 16.3953970425357), (27, 17.23307716673353), (28, 17.627524444205676), (29, 18.193763890025252), (30, 16.85563875713167), (31, 17.503558497937487), (32, 16.58952726670725), (33, 16.14026644042449), (34, 15.427400467213118), (35, 17.63631436295908), (36, 16.7192404445673), (37, 17.110226811202217), (38, 16.45051360858579), (39, 17.716146140081857), (40, 17.65203170317916), (41, 17.167584183339066), (42, 16.76990038117708), (43, 17.374861859057507), (44, 17.609743394312048), (45, 15.84714397503008), (46, 16.33230138004095), (47, 17.399471163093057), (48, 16.52632338629404), (49, 16.573728063790632), (50, 16.209054710987992)]}
INFO flwr 2026-07-18 10:05:26,799 | app.py:228 | app_fit: losses_centralized []
INFO flwr 2026-07-18 10:05:26,800 | app.py:229 | app_fit: metrics_centralized {}

Ditto: {'method': 'ditto', 'dataset': 'FD001', 'seed': 2026, 'test_mae': 14.2638, 'nasa_score': 447.31, 'comm_kb': 28900.78}
INFO flwr 2026-07-18 10:31:07,801 | app.py:225 | app_fit: losses_distributed [(1, 1201.3603467536695), (2, 421.5342115158463), (3, 373.14360989657314), (4, 366.6438378335302), (5, 395.3011797637336), (6, 338.45212973291854), (7, 386.2113879901147), (8, 370.11008499808935), (9, 361.12380914700674), (10, 341.7036240970979), (11, 334.6253017380304), (12, 332.1371520031111), (13, 396.3206711559271), (14, 347.1086024629897), (15, 344.5008471100698), (16, 321.6164764766165), (17, 300.6135754088953), (18, 324.18285501150905), (19, 386.82317345660664), (20, 356.7893616808262), (21, 336.6483954830446), (22, 359.49604534405495), (23, 310.6225053387668), (24, 299.3370742616917), (25, 301.6284651885705), (26, 313.9932296974072), (27, 308.95504984296514), (28, 312.1279246132993), (29, 324.8419170555547), (30, 333.1128852452214), (31, 331.49687623839446), (32, 404.0089319442729), (33, 388.7902606225297), (34, 345.43630689135966), (35, 365.75000062723876), (36, 327.560523715415), (37, 349.09376494114895), (38, 322.6292716648268), (39, 338.4635940250201), (40, 354.76154979761094), (41, 321.9906255267197), (42, 338.3640011592659), (43, 346.89184954697276), (44, 360.30471661433245), (45, 337.8335228318125), (46, 363.14397794499854), (47, 341.82436641245806), (48, 352.0175122729717), (49, 331.27589344532277), (50, 345.7885503917187)]
INFO flwr 2026-07-18 10:31:07,802 | app.py:226 | app_fit: metrics_distributed_fit {}
INFO flwr 2026-07-18 10:31:07,803 | app.py:227 | app_fit: metrics_distributed {'mae': [(1, 27.819692015616475), (2, 15.26841116793385), (3, 14.43845767723556), (4, 14.452159635822763), (5, 14.859763800076973), (6, 14.13864796252747), (7, 14.518350897727434), (8, 14.53070874823569), (9, 14.047594899716584), (10, 13.766832493667703), (11, 13.607801652739957), (12, 13.683045075659066), (13, 14.557592063773134), (14, 13.908729833670755), (15, 13.582232282786816), (16, 13.328183143726294), (17, 13.107927047719441), (18, 13.379481512127501), (19, 14.443879243350626), (20, 13.836767503740916), (21, 13.635401828047158), (22, 13.78930085952417), (23, 12.851934889842399), (24, 12.797905295953763), (25, 12.866994078011695), (26, 13.199432933440479), (27, 12.991210042126722), (28, 13.015808471358026), (29, 13.520253271924648), (30, 13.465653962799998), (31, 13.612921908784447), (32, 14.425520688585927), (33, 14.330301510706564), (34, 13.47218178107019), (35, 13.785009580669982), (36, 13.34657743702764), (37, 13.637462542587903), (38, 13.073995792253216), (39, 13.862385034623982), (40, 14.06377024041177), (41, 13.297868414264423), (42, 13.576615801221925), (43, 13.683165822638511), (44, 13.769920828848175), (45, 13.401722230019148), (46, 13.975146699485729), (47, 13.478906804362461), (48, 13.54193564579578), (49, 13.468248522611475), (50, 13.502701841763985)]}
INFO flwr 2026-07-18 10:31:07,803 | app.py:228 | app_fit: losses_centralized [(0, 0.0), (1, 0.0), (2, 0.0), (3, 0.0), (4, 0.0), (5, 0.0), (6, 0.0), (7, 0.0), (8, 0.0), (9, 0.0), (10, 0.0), (11, 0.0), (12, 0.0), (13, 0.0), (14, 0.0), (15, 0.0), (16, 0.0), (17, 0.0), (18, 0.0), (19, 0.0), (20, 0.0), (21, 0.0), (22, 0.0), (23, 0.0), (24, 0.0), (25, 0.0), (26, 0.0), (27, 0.0), (28, 0.0), (29, 0.0), (30, 0.0), (31, 0.0), (32, 0.0), (33, 0.0), (34, 0.0), (35, 0.0), (36, 0.0), (37, 0.0), (38, 0.0), (39, 0.0), (40, 0.0), (41, 0.0), (42, 0.0), (43, 0.0), (44, 0.0), (45, 0.0), (46, 0.0), (47, 0.0), (48, 0.0), (49, 0.0), (50, 0.0)]
INFO flwr 2026-07-18 10:31:07,804 | app.py:229 | app_fit: metrics_centralized {'mae': [(0, 75.46881664514541), (1, 25.600613040924074), (2, 13.602442083358765), (3, 12.44492389678955), (4, 12.698014507293701), (5, 13.380041942596435), (6, 11.971115627288818), (7, 13.367622203826905), (8, 12.772456283569335), (9, 13.505893559455872), (10, 12.517161808013917), (11, 12.698701872825623), (12, 12.188127326965333), (13, 13.154599385261536), (14, 12.489622611999511), (15, 12.701418533325196), (16, 12.50292851448059), (17, 11.646409883499146), (18, 12.612586917877197), (19, 13.105710964202881), (20, 12.917625832557679), (21, 12.982018690109253), (22, 12.92732355117798), (23, 12.421720519065858), (24, 12.105857944488525), (25, 11.775712890625), (26, 11.967017908096313), (27, 11.745209684371948), (28, 11.863687777519226), (29, 12.094269151687621), (30, 12.086148023605347), (31, 12.034042100906372), (32, 13.711597452163696), (33, 13.409966230392456), (34, 12.533788814544678), (35, 12.390271873474122), (36, 11.90637035369873), (37, 12.663085384368896), (38, 12.219198493957519), (39, 12.211027450561524), (40, 12.669301052093505), (41, 11.746954183578492), (42, 12.187942686080932), (43, 12.816557817459106), (44, 12.744234952926636), (45, 12.716547327041626), (46, 12.895468549728394), (47, 11.66483491897583), (48, 12.273130111694336), (49, 11.750949592590333), (50, 12.320286445617675)], 'nasa_score': [(0, 422798.6700147867), (1, 2927.800423761149), (2, 578.7623009249041), (3, 468.4481300260526), (4, 457.2588613015617), (5, 547.1276809263787), (6, 387.3994334020043), (7, 540.0001954659624), (8, 452.3251602801306), (9, 555.2598932858821), (10, 433.00455017503106), (11, 439.47748907320715), (12, 410.04363193394164), (13, 511.07351621311096), (14, 434.3322158943752), (15, 465.7430108190018), (16, 410.94157275914097), (17, 338.5733415795503), (18, 438.9907182835617), (19, 510.79428733777166), (20, 482.34007270910985), (21, 425.74435433991715), (22, 484.69966449182243), (23, 466.71382971630476), (24, 335.0620429596535), (25, 357.71495715399396), (26, 377.52134809788544), (27, 351.7211216020607), (28, 352.1683541216388), (29, 354.5375214052328), (30, 366.8272588992662), (31, 417.2682473288308), (32, 657.2599897276672), (33, 569.9739320022688), (34, 470.26605537639915), (35, 478.2182232349842), (36, 409.9956342487034), (37, 450.84700283479), (38, 437.235696010409), (39, 458.778331469986), (40, 582.7997329422644), (41, 391.3110439462771), (42, 546.4073259635525), (43, 567.3219981773749), (44, 550.3722316003536), (45, 522.8174281592608), (46, 592.1365748116536), (47, 539.80364436946), (48, 506.92019270120795), (49, 390.5129581505922), (50, 441.94307288900467)]}

FedProx: {'method': 'fedprox', 'dataset': 'FD001', 'seed': 42, 'test_mae': 12.3203, 'nasa_score': 441.94, 'comm_kb': 28900.78}
INFO flwr 2026-07-18 10:56:35,717 | app.py:225 | app_fit: losses_distributed [(1, 1527.1013855407502), (2, 687.3309536714187), (3, 521.5711955576166), (4, 569.1791796820096), (5, 453.6002498704871), (6, 513.6326877645466), (7, 590.8251549121679), (8, 555.6571815601294), (9, 477.74717815728974), (10, 435.4592054177379), (11, 440.2291824516209), (12, 350.89608970920426), (13, 417.15759230065146), (14, 433.41389377256564), (15, 420.1602132474107), (16, 415.4807344328934), (17, 388.54543660176745), (18, 437.2198503447556), (19, 468.9082673514622), (20, 339.51712903542733), (21, 366.9097555485563), (22, 459.2409799548163), (23, 366.07102790157654), (24, 407.0732598635985), (25, 385.04829719387135), (26, 365.3032696832126), (27, 374.30538134405697), (28, 370.9019184903703), (29, 370.4917729123719), (30, 345.89700087090245), (31, 314.15703047447835), (32, 377.6475152392676), (33, 367.3982352085676), (34, 380.7161973898915), (35, 340.5625136612297), (36, 317.69409769907526), (37, 319.81159108022285), (38, 320.8318647530483), (39, 326.095387406852), (40, 354.58318359741025), (41, 318.1676671658677), (42, 323.2909575828846), (43, 334.58315312177285), (44, 367.0306306311871), (45, 296.57813217185964), (46, 335.7338477520273), (47, 320.6186987416021), (48, 341.84536711899176), (49, 327.91045922580093), (50, 354.5049420327678)]
INFO flwr 2026-07-18 10:56:35,718 | app.py:226 | app_fit: metrics_distributed_fit {}
INFO flwr 2026-07-18 10:56:35,719 | app.py:227 | app_fit: metrics_distributed {'mae': [(1, 31.66740394889683), (2, 20.85067360094939), (3, 18.128744825251633), (4, 18.745048132853054), (5, 16.870693145067555), (6, 17.746540128678337), (7, 19.258732075097857), (8, 18.273054256610784), (9, 16.811057875240998), (10, 16.414303619941432), (11, 16.436293981124138), (12, 14.807150228091444), (13, 15.800941295471267), (14, 16.33003641330618), (15, 16.171162087699283), (16, 15.887769671692245), (17, 15.45269313113562), (18, 16.131090638638735), (19, 16.66673450360353), (20, 14.40857615130118), (21, 14.993695181408624), (22, 16.61252521241325), (23, 14.922020291400397), (24, 15.585581890289214), (25, 15.323169040298653), (26, 14.858160754789536), (27, 14.911812788483383), (28, 14.769460879701903), (29, 14.600157181541066), (30, 14.274985051762753), (31, 13.627455240246775), (32, 14.97910916692075), (33, 14.820942385681626), (34, 15.054708561380169), (35, 14.116468714571548), (36, 13.868417409585154), (37, 13.911288861213238), (38, 13.722598190727025), (39, 14.125853372656781), (40, 14.609714442285998), (41, 13.617104595866815), (42, 13.707193460898182), (43, 14.023818520293839), (44, 14.748968677006026), (45, 13.426284467143336), (46, 14.259634890120248), (47, 14.000864796016527), (48, 14.272516058779312), (49, 14.009043880845832), (50, 14.655252772650082)]}
INFO flwr 2026-07-18 10:56:35,720 | app.py:228 | app_fit: losses_centralized [(0, 0.0), (1, 0.0), (2, 0.0), (3, 0.0), (4, 0.0), (5, 0.0), (6, 0.0), (7, 0.0), (8, 0.0), (9, 0.0), (10, 0.0), (11, 0.0), (12, 0.0), (13, 0.0), (14, 0.0), (15, 0.0), (16, 0.0), (17, 0.0), (18, 0.0), (19, 0.0), (20, 0.0), (21, 0.0), (22, 0.0), (23, 0.0), (24, 0.0), (25, 0.0), (26, 0.0), (27, 0.0), (28, 0.0), (29, 0.0), (30, 0.0), (31, 0.0), (32, 0.0), (33, 0.0), (34, 0.0), (35, 0.0), (36, 0.0), (37, 0.0), (38, 0.0), (39, 0.0), (40, 0.0), (41, 0.0), (42, 0.0), (43, 0.0), (44, 0.0), (45, 0.0), (46, 0.0), (47, 0.0), (48, 0.0), (49, 0.0), (50, 0.0)]
INFO flwr 2026-07-18 10:56:35,721 | app.py:229 | app_fit: metrics_centralized {'mae': [(0, 74.29339898794889), (1, 25.388379009962083), (2, 15.713645424842834), (3, 13.663280200958251), (4, 14.753345613479615), (5, 13.450887837409972), (6, 14.052854108810426), (7, 15.239387707710266), (8, 14.151994438171387), (9, 13.727158122062683), (10, 12.767157154083252), (11, 12.599497289657593), (12, 11.351570320129394), (13, 12.728941173553467), (14, 12.805340929031372), (15, 12.321019010543823), (16, 12.332575812339783), (17, 12.139603929519653), (18, 12.525865597724914), (19, 13.420446395874023), (20, 10.9482723903656), (21, 11.401939477920532), (22, 13.03741925239563), (23, 11.036379323005676), (24, 11.99439257621765), (25, 11.779652090072632), (26, 11.437218313217164), (27, 11.551857385635376), (28, 11.46650197505951), (29, 11.074445266723632), (30, 10.580433521270752), (31, 9.724975957870484), (32, 11.510441551208496), (33, 11.50877387046814), (34, 11.380572385787964), (35, 10.338521318435669), (36, 9.845179023742675), (37, 9.121785774230958), (38, 9.436714897155762), (39, 9.36605128288269), (40, 10.10512505531311), (41, 10.325716152191163), (42, 10.334341821670533), (43, 10.83316858291626), (44, 11.17329026222229), (45, 9.432740840911865), (46, 10.358681859970092), (47, 10.514730739593507), (48, 10.013246126174927), (49, 10.262855319976806), (50, 10.47062349319458)], 'nasa_score': [(0, 384536.81262024486), (1, 4666.507675325229), (2, 830.0093652976045), (3, 600.448351108892), (4, 733.0771741324625), (5, 572.8552437821533), (6, 637.5126888431722), (7, 774.8828782603541), (8, 669.4678188350462), (9, 614.3053268615968), (10, 496.28248772610704), (11, 471.01192417588663), (12, 314.59831394133585), (13, 468.81250071774303), (14, 488.2028090957605), (15, 425.6120454078681), (16, 418.8355772124386), (17, 394.1816845024937), (18, 447.74021273340344), (19, 508.56087621566274), (20, 327.5688780132799), (21, 345.1920388942725), (22, 481.52760568545204), (23, 313.493791833065), (24, 397.3593807632143), (25, 369.5816577093437), (26, 348.4861738673306), (27, 399.73048388532754), (28, 370.34005897334333), (29, 349.2244379997079), (30, 306.9338094955175), (31, 241.3828966615849), (32, 358.93995507224184), (33, 435.4775485531174), (34, 354.8646075486542), (35, 299.42726038499273), (36, 258.29501937501345), (37, 220.1369091685604), (38, 301.34922096873913), (39, 233.37228825197312), (40, 258.6757102086356), (41, 302.70916655488475), (42, 264.726888785303), (43, 302.4153738313896), (44, 366.17129999983), (45, 236.64873450175386), (46, 300.0682040726639), (47, 312.6268937554419), (48, 260.9515839575858), (49, 257.4311530634329), (50, 273.17079048305345)]}

FedProx: {'method': 'fedprox', 'dataset': 'FD001', 'seed': 101, 'test_mae': 10.4706, 'nasa_score': 273.17, 'comm_kb': 28900.78}
INFO flwr 2026-07-18 11:21:16,697 | app.py:225 | app_fit: losses_distributed [(1, 1264.5148394346593), (2, 568.1212240883409), (3, 472.775265023194), (4, 553.4722776199136), (5, 544.5916439753952), (6, 468.68970833147824), (7, 519.8373079513755), (8, 445.98584413552203), (9, 436.1019958093146), (10, 490.9293478075758), (11, 454.13137932565), (12, 372.97203888486854), (13, 430.6744379785801), (14, 382.2161674176393), (15, 439.7131850732519), (16, 376.0968311501785), (17, 422.70397597209814), (18, 388.3443382768769), (19, 430.8853358756742), (20, 425.4113709887403), (21, 459.1175898697819), (22, 417.2130983254775), (23, 421.3916038205271), (24, 427.30033631982883), (25, 347.15287529869823), (26, 396.962300196535), (27, 421.2086495787692), (28, 354.69573144005136), (29, 370.82039927058275), (30, 350.1623491060098), (31, 393.56708469210304), (32, 417.5107221997788), (33, 390.1892581135703), (34, 389.29442527630346), (35, 353.9222059796328), (36, 373.48356601808223), (37, 369.2058751629429), (38, 385.3958321396961), (39, 385.51184924419806), (40, 370.2449100876425), (41, 370.3283506886663), (42, 392.29727766629054), (43, 382.87551739991574), (44, 354.2043137866345), (45, 336.6567318492941), (46, 390.0342341766586), (47, 368.2458755956934), (48, 378.34470315352564), (49, 384.17584347879347), (50, 361.6758846706814)]
INFO flwr 2026-07-18 11:21:16,697 | app.py:226 | app_fit: metrics_distributed_fit {}
INFO flwr 2026-07-18 11:21:16,698 | app.py:227 | app_fit: metrics_distributed {'mae': [(1, 28.67536501392655), (2, 18.93825154311632), (3, 17.219138906675603), (4, 18.37709386941504), (5, 18.11408169304012), (6, 17.06325490402237), (7, 17.686155511896946), (8, 16.550910160205348), (9, 16.424177767331173), (10, 17.179755410924738), (11, 16.623657096602397), (12, 15.43447242498279), (13, 16.389167977139675), (14, 15.480214623829946), (15, 16.307049514169886), (16, 15.367123476711743), (17, 16.104674810429504), (18, 15.563289191631398), (19, 16.39805475989562), (20, 16.198412248728342), (21, 16.67769773432908), (22, 15.939016130948222), (23, 15.948470510768843), (24, 16.11102970049164), (25, 14.65523914917821), (26, 15.583223706403656), (27, 15.933054005262207), (28, 14.950884064929546), (29, 15.0377142297491), (30, 14.65242817916262), (31, 15.314779631581898), (32, 15.940225056409242), (33, 15.536324197638967), (34, 15.469880553104417), (35, 14.717651180206511), (36, 15.229165616769606), (37, 15.153471600552013), (38, 15.127929497667967), (39, 15.377312442825158), (40, 15.058454376937265), (41, 15.109793210421621), (42, 15.61857492696841), (43, 15.116373687938012), (44, 14.684667476327133), (45, 14.360514135222918), (46, 15.382624764197729), (47, 15.105668961734516), (48, 14.935109824640096), (49, 15.045617360883409), (50, 14.827224571549245)]}
INFO flwr 2026-07-18 11:21:16,699 | app.py:228 | app_fit: losses_centralized [(0, 0.0), (1, 0.0), (2, 0.0), (3, 0.0), (4, 0.0), (5, 0.0), (6, 0.0), (7, 0.0), (8, 0.0), (9, 0.0), (10, 0.0), (11, 0.0), (12, 0.0), (13, 0.0), (14, 0.0), (15, 0.0), (16, 0.0), (17, 0.0), (18, 0.0), (19, 0.0), (20, 0.0), (21, 0.0), (22, 0.0), (23, 0.0), (24, 0.0), (25, 0.0), (26, 0.0), (27, 0.0), (28, 0.0), (29, 0.0), (30, 0.0), (31, 0.0), (32, 0.0), (33, 0.0), (34, 0.0), (35, 0.0), (36, 0.0), (37, 0.0), (38, 0.0), (39, 0.0), (40, 0.0), (41, 0.0), (42, 0.0), (43, 0.0), (44, 0.0), (45, 0.0), (46, 0.0), (47, 0.0), (48, 0.0), (49, 0.0), (50, 0.0)]
INFO flwr 2026-07-18 11:21:16,700 | app.py:229 | app_fit: metrics_centralized {'mae': [(0, 73.2113199365139), (1, 21.98559585571289), (2, 14.33281816959381), (3, 12.897455649375916), (4, 14.20199279308319), (5, 14.089182257652283), (6, 12.755170202255249), (7, 13.296773719787598), (8, 12.501829423904418), (9, 12.479173789024353), (10, 12.814505605697631), (11, 12.832996277809142), (12, 11.38158438205719), (13, 12.175313749313354), (14, 11.737526512145996), (15, 11.974340109825134), (16, 11.508484745025635), (17, 12.278711376190186), (18, 11.29383445262909), (19, 11.932842359542846), (20, 11.796354141235351), (21, 12.488417882919311), (22, 12.038778524398804), (23, 11.55635087966919), (24, 11.561352162361144), (25, 10.848128786087036), (26, 11.322364749908447), (27, 11.357975249290467), (28, 10.701498761177064), (29, 10.96478455543518), (30, 10.581853938102721), (31, 11.523369836807252), (32, 11.570279026031494), (33, 11.494715270996094), (34, 11.462084283828736), (35, 10.923793325424194), (36, 10.685188446044922), (37, 10.737039012908935), (38, 12.211829719543458), (39, 11.721406660079957), (40, 11.358120021820069), (41, 11.468471946716308), (42, 11.018399467468262), (43, 12.21703637123108), (44, 11.457726850509644), (45, 10.940819358825683), (46, 11.987027044296264), (47, 11.555819396972657), (48, 11.770265731811524), (49, 11.67312189102173), (50, 11.821823444366455)], 'nasa_score': [(0, 354530.7836782408), (1, 2155.4914930005166), (2, 631.0676216874158), (3, 510.3851569138142), (4, 613.6546520912217), (5, 640.9062444310833), (6, 494.2923922180317), (7, 549.4412812832009), (8, 446.8847840460166), (9, 468.8630326123734), (10, 526.8726213926379), (11, 481.9766088658292), (12, 389.1510547207321), (13, 420.90472636567176), (14, 462.91490137286075), (15, 467.81035367045655), (16, 436.67845359744075), (17, 505.8652084791211), (18, 362.81429144564027), (19, 403.1348037250827), (20, 386.5864749672572), (21, 448.74503974550294), (22, 407.34482020125677), (23, 386.705318477258), (24, 411.46955869245437), (25, 309.2913357476402), (26, 348.7633307210723), (27, 370.37104976692217), (28, 280.5467460490018), (29, 320.20232520298384), (30, 303.3851191482594), (31, 366.91601450819115), (32, 348.7131630362155), (33, 350.88134087679543), (34, 356.3742908800732), (35, 316.9808330227977), (36, 305.16476709003535), (37, 324.88210524591267), (38, 424.0322047303802), (39, 374.19302097395916), (40, 343.2840451132749), (41, 359.47775618062724), (42, 327.6525599967445), (43, 405.79379460680195), (44, 392.40635582519957), (45, 323.3305861884563), (46, 386.5658195061739), (47, 358.26927982198936), (48, 395.3069268292953), (49, 408.0096424589159), (50, 440.1844084043561)]}

FedProx: {'method': 'fedprox', 'dataset': 'FD001', 'seed': 202, 'test_mae': 11.8218, 'nasa_score': 440.18, 'comm_kb': 28900.78}
INFO flwr 2026-07-18 11:46:54,556 | app.py:225 | app_fit: losses_distributed [(1, 1201.1525990690468), (2, 350.12240632628584), (3, 339.3434620136786), (4, 342.3033182934077), (5, 354.06201919807137), (6, 337.2273904981922), (7, 376.10050539283407), (8, 336.1302509622204), (9, 368.23112686944097), (10, 305.5799300697241), (11, 347.1514845447043), (12, 337.14006619653696), (13, 340.8980885515309), (14, 336.74311975441606), (15, 394.55714386286473), (16, 297.2220106555831), (17, 324.21827448713594), (18, 327.98453198260034), (19, 339.31009941567515), (20, 345.85922929316615), (21, 367.8186898583874), (22, 330.1139415272495), (23, 325.16306540181444), (24, 364.02946941045167), (25, 336.1890270551553), (26, 340.12690137004296), (27, 339.34015616985283), (28, 301.36420697420596), (29, 299.92209001426556), (30, 340.29766758092853), (31, 351.6401550560667), (32, 338.0969013333764), (33, 279.5084986952884), (34, 294.39199692210514), (35, 293.6068453223448), (36, 303.43587572177887), (37, 329.8764683968333), (38, 295.7033232344648), (39, 304.2183874273224), (40, 344.52364295014416), (41, 306.7365469357107), (42, 320.53202147739864), (43, 288.3860311371288), (44, 301.66607989281306), (45, 295.6371707541077), (46, 310.1343881626322), (47, 329.6756626475941), (48, 320.1001615752444), (49, 318.69277177371606), (50, 290.4997840934076)]
INFO flwr 2026-07-18 11:46:54,557 | app.py:226 | app_fit: metrics_distributed_fit {}
INFO flwr 2026-07-18 11:46:54,557 | app.py:227 | app_fit: metrics_distributed {'mae': [(1, 27.234662358143556), (2, 14.172230451047453), (3, 13.982841199664978), (4, 13.920485902884614), (5, 13.882042128123356), (6, 14.0105991703218), (7, 14.39677317658363), (8, 13.64093210746607), (9, 14.175118600732782), (10, 13.250653924490782), (11, 13.853083740581166), (12, 13.828099809765245), (13, 13.889592574290429), (14, 13.528729769601776), (15, 14.40186695112059), (16, 13.00542251966153), (17, 13.453475135872175), (18, 13.520395680731246), (19, 13.725128270412366), (20, 13.871254288725622), (21, 14.034888496429346), (22, 13.608484977993921), (23, 13.554406105743197), (24, 14.31205513095805), (25, 13.623991359617404), (26, 13.746397542421137), (27, 13.710560146638018), (28, 13.114270456670004), (29, 13.24612600710847), (30, 13.743059729465077), (31, 13.818915810754868), (32, 13.854695079302546), (33, 12.802469976020582), (34, 12.81606557279239), (35, 13.093599685261314), (36, 13.122534831238198), (37, 13.527101093882388), (38, 13.15974128531497), (39, 13.08631960297442), (40, 13.769988772591525), (41, 13.000797272996026), (42, 13.260595708752744), (43, 12.891069327561796), (44, 13.0605587885774), (45, 12.788551026617574), (46, 13.200190529678807), (47, 13.34270821829415), (48, 13.152947729537615), (49, 13.366237365077748), (50, 13.120299764417195)]}
INFO flwr 2026-07-18 11:46:54,558 | app.py:228 | app_fit: losses_centralized [(0, 0.0), (1, 0.0), (2, 0.0), (3, 0.0), (4, 0.0), (5, 0.0), (6, 0.0), (7, 0.0), (8, 0.0), (9, 0.0), (10, 0.0), (11, 0.0), (12, 0.0), (13, 0.0), (14, 0.0), (15, 0.0), (16, 0.0), (17, 0.0), (18, 0.0), (19, 0.0), (20, 0.0), (21, 0.0), (22, 0.0), (23, 0.0), (24, 0.0), (25, 0.0), (26, 0.0), (27, 0.0), (28, 0.0), (29, 0.0), (30, 0.0), (31, 0.0), (32, 0.0), (33, 0.0), (34, 0.0), (35, 0.0), (36, 0.0), (37, 0.0), (38, 0.0), (39, 0.0), (40, 0.0), (41, 0.0), (42, 0.0), (43, 0.0), (44, 0.0), (45, 0.0), (46, 0.0), (47, 0.0), (48, 0.0), (49, 0.0), (50, 0.0)]
INFO flwr 2026-07-18 11:46:54,559 | app.py:229 | app_fit: metrics_centralized {'mae': [(0, 74.98853706508875), (1, 26.36367377758026), (2, 12.19974630355835), (3, 12.05557204246521), (4, 11.82504626274109), (5, 12.382862563133239), (6, 11.824424161911011), (7, 12.431213426589967), (8, 12.077155804634094), (9, 13.019922828674316), (10, 11.012702045440674), (11, 12.239370784759522), (12, 12.124577522277832), (13, 12.038199720382691), (14, 12.063249878883362), (15, 13.66715579509735), (16, 12.116232738494872), (17, 12.31085898399353), (18, 12.593798179626464), (19, 12.960826225280762), (20, 12.789951171875), (21, 13.465813627243042), (22, 12.723824586868286), (23, 12.345300369262695), (24, 12.8420267868042), (25, 12.857710909843444), (26, 12.454946327209473), (27, 13.15441577911377), (28, 12.139711346626282), (29, 12.084837284088135), (30, 12.99641981124878), (31, 13.068582553863525), (32, 12.614305868148804), (33, 11.9108482837677), (34, 12.504033861160279), (35, 12.71283818244934), (36, 11.991901292800904), (37, 12.547522897720336), (38, 11.997736358642578), (39, 12.462232551574708), (40, 13.36944429397583), (41, 12.334936122894288), (42, 12.710412378311156), (43, 11.693981246948242), (44, 11.730228023529053), (45, 12.11888554573059), (46, 12.44098445892334), (47, 11.785191869735717), (48, 12.953206558227539), (49, 12.590066442489624), (50, 11.7327570438385)], 'nasa_score': [(0, 403603.7387755176), (1, 5504.371409562722), (2, 514.4063429390748), (3, 446.344061002302), (4, 411.05399880055495), (5, 496.44136098303017), (6, 432.49245775900147), (7, 504.6295537683444), (8, 396.29520015767747), (9, 547.1505529609911), (10, 334.7929633861322), (11, 442.99784632537336), (12, 380.4882919609733), (13, 388.02915716196037), (14, 416.6206027695541), (15, 573.071327541056), (16, 385.0665307635204), (17, 422.08463701404315), (18, 377.6855810868599), (19, 463.2271431677739), (20, 462.78801145405265), (21, 568.22564828155), (22, 417.7017117698453), (23, 399.16912296198325), (24, 485.5028097269833), (25, 502.0468010672745), (26, 443.01470491954984), (27, 536.0389310064011), (28, 379.93544774117555), (29, 376.55738843769694), (30, 469.0539803916247), (31, 517.5292944938391), (32, 426.5700318422256), (33, 357.7826636135138), (34, 403.1523448399803), (35, 440.91695905537284), (36, 362.7029785153932), (37, 410.26986463748625), (38, 385.28891791029264), (39, 432.32745868466174), (40, 510.23311981075585), (41, 462.08418828374386), (42, 488.1477340721872), (43, 376.28637971558567), (44, 379.35326968944855), (45, 463.94603458321694), (46, 420.91393667905385), (47, 398.13360000865913), (48, 574.268435436911), (49, 509.35863083581177), (50, 389.2916201852627)]}

FedProx: {'method': 'fedprox', 'dataset': 'FD001', 'seed': 303, 'test_mae': 11.7328, 'nasa_score': 389.29, 'comm_kb': 28900.78}
INFO flwr 2026-07-18 12:14:02,675 | app.py:225 | app_fit: losses_distributed [(1, 933.8912575711712), (2, 426.7129100098512), (3, 445.7414086446442), (4, 398.8097242222587), (5, 391.86419609730757), (6, 357.9290899927161), (7, 364.2188469089743), (8, 310.3848359896412), (9, 356.493570311522), (10, 370.95182638306824), (11, 327.1245619726587), (12, 318.7580633492964), (13, 316.87042186662563), (14, 356.26971693807803), (15, 303.7999076098278), (16, 321.7166295173351), (17, 313.4321232443758), (18, 328.003122580905), (19, 312.43929566988425), (20, 323.69247651995573), (21, 380.3086470526102), (22, 323.86220394281605), (23, 311.32041121985714), (24, 348.49021141422827), (25, 286.0881875410161), (26, 297.87395453226225), (27, 302.77391739923115), (28, 299.2235139437061), (29, 302.54434459306145), (30, 298.45225161197607), (31, 288.96851179631994), (32, 275.2361322363795), (33, 318.21234578613524), (34, 308.1497236012099), (35, 285.14661365063955), (36, 295.4785720374385), (37, 274.1967146428872), (38, 277.94079284973606), (39, 274.106193913062), (40, 269.7435847718416), (41, 284.5921482168321), (42, 271.3787189038563), (43, 274.0966567611121), (44, 284.0440836731171), (45, 273.6235125851619), (46, 270.78846429739826), (47, 267.0337566247748), (48, 268.1905493624042), (49, 293.437510651353), (50, 285.5271356474714)]
INFO flwr 2026-07-18 12:14:02,676 | app.py:226 | app_fit: metrics_distributed_fit {}
INFO flwr 2026-07-18 12:14:02,677 | app.py:227 | app_fit: metrics_distributed {'mae': [(1, 24.60541127022947), (2, 16.163902399237895), (3, 16.341889313118543), (4, 15.406233352485392), (5, 15.251966090099657), (6, 14.62293831969), (7, 14.697022836090149), (8, 13.898770595945951), (9, 14.862419419248043), (10, 15.076197662410822), (11, 14.372229172816919), (12, 13.970529279293391), (13, 13.891846883876001), (14, 14.75644571374044), (15, 13.875026359519902), (16, 14.118194378311776), (17, 14.168834063071994), (18, 14.199593044485399), (19, 13.819540073230497), (20, 13.75740116192928), (21, 14.932753199031488), (22, 13.935816214212371), (23, 13.802023828417644), (24, 14.577674105218726), (25, 13.17284331921046), (26, 13.355650640095122), (27, 13.676761324905907), (28, 13.705073562692748), (29, 13.646193549223524), (30, 13.137517794407065), (31, 13.385373972509285), (32, 13.077361997987367), (33, 13.827392061650903), (34, 13.676421917613053), (35, 13.342736443341465), (36, 13.341862069169581), (37, 12.974716987380637), (38, 13.13486633219597), (39, 12.95928731463704), (40, 12.759921756815062), (41, 13.151199185376653), (42, 12.973691958215873), (43, 13.056103961373426), (44, 13.22737950853664), (45, 13.108966304232732), (46, 13.058274210126148), (47, 12.861281370364491), (48, 12.809903450231882), (49, 13.311275408395721), (50, 13.231241935363219)]}
INFO flwr 2026-07-18 12:14:02,678 | app.py:228 | app_fit: losses_centralized [(0, 0.0), (1, 0.0), (2, 0.0), (3, 0.0), (4, 0.0), (5, 0.0), (6, 0.0), (7, 0.0), (8, 0.0), (9, 0.0), (10, 0.0), (11, 0.0), (12, 0.0), (13, 0.0), (14, 0.0), (15, 0.0), (16, 0.0), (17, 0.0), (18, 0.0), (19, 0.0), (20, 0.0), (21, 0.0), (22, 0.0), (23, 0.0), (24, 0.0), (25, 0.0), (26, 0.0), (27, 0.0), (28, 0.0), (29, 0.0), (30, 0.0), (31, 0.0), (32, 0.0), (33, 0.0), (34, 0.0), (35, 0.0), (36, 0.0), (37, 0.0), (38, 0.0), (39, 0.0), (40, 0.0), (41, 0.0), (42, 0.0), (43, 0.0), (44, 0.0), (45, 0.0), (46, 0.0), (47, 0.0), (48, 0.0), (49, 0.0), (50, 0.0)]
INFO flwr 2026-07-18 12:14:02,678 | app.py:229 | app_fit: metrics_centralized {'mae': [(0, 74.23400888800622), (1, 26.147710499763487), (2, 14.58818346977234), (3, 14.929529595375062), (4, 14.750310702323914), (5, 14.129609642028809), (6, 13.541932306289674), (7, 13.730360884666442), (8, 11.924180464744568), (9, 12.913513860702516), (10, 13.226718873977662), (11, 11.795472159385682), (12, 12.291229972839355), (13, 12.187190852165223), (14, 12.804908609390258), (15, 11.189271202087403), (16, 12.40429030418396), (17, 11.807835903167724), (18, 12.791598572731019), (19, 11.7596746635437), (20, 11.957122020721435), (21, 12.93911069393158), (22, 11.811335830688476), (23, 12.21920844078064), (24, 12.960787572860717), (25, 11.597098722457886), (26, 11.496281595230103), (27, 11.85874062538147), (28, 12.101568222045898), (29, 11.090770869255065), (30, 12.774496221542359), (31, 11.376782331466675), (32, 12.1789582157135), (33, 12.920960941314696), (34, 11.721138334274292), (35, 11.861757965087891), (36, 11.522895202636718), (37, 11.428757801055909), (38, 11.201087379455567), (39, 11.026574783325195), (40, 11.809262371063232), (41, 11.073715734481812), (42, 11.203704290390014), (43, 11.132850666046142), (44, 11.401567554473877), (45, 10.831366214752197), (46, 11.003537616729737), (47, 11.1650124168396), (48, 11.04874457359314), (49, 10.607037677764893), (50, 11.100579204559326)], 'nasa_score': [(0, 383602.1219581633), (1, 6805.096720889202), (2, 774.5205100594294), (3, 743.9285936647261), (4, 725.2586650398136), (5, 624.6594651211448), (6, 569.8570118483701), (7, 576.1490119146539), (8, 401.2845533294792), (9, 468.13531535844095), (10, 482.6717368984787), (11, 353.8765375736127), (12, 440.0405516629838), (13, 398.08491771723175), (14, 460.67739876180246), (15, 321.2249493680181), (16, 403.9993405553147), (17, 351.15257118528274), (18, 460.281292119937), (19, 341.3871586547077), (20, 379.0092785362747), (21, 436.2979079203773), (22, 367.0459985496881), (23, 397.849221887258), (24, 444.9098902402), (25, 368.2780481059491), (26, 349.8343908820739), (27, 373.82986282880177), (28, 397.1597260287056), (29, 298.65943633378754), (30, 482.7418542016246), (31, 326.43653115646765), (32, 410.4687988319994), (33, 505.44644440764364), (34, 348.2836423669572), (35, 386.79800948825533), (36, 366.90244189560036), (37, 389.2468027939302), (38, 352.4295355605902), (39, 343.1234544236743), (40, 427.2445728040593), (41, 334.5668771108485), (42, 319.6350954198796), (43, 328.0818460964887), (44, 339.19283902573875), (45, 318.74028474241095), (46, 330.5784058891705), (47, 339.6597488659762), (48, 333.03209268389173), (49, 319.2289251792527), (50, 314.04592078800596)]}

FedProx: {'method': 'fedprox', 'dataset': 'FD001', 'seed': 2026, 'test_mae': 11.1006, 'nasa_score': 314.05, 'comm_kb': 28900.78}

