INFO flwr 2026-06-29 19:11:23,268 | app.py:225 | app_fit: losses_distributed [(1, 1888.2686313791535), (2, 740.4444458646602), (3, 712.6677854725493), (4, 574.3667632697321), (5, 574.737801039616), (6, 561.780703564291), (7, 568.9570834250161), (8, 589.1928111457652), (9, 632.4505906743735), (10, 607.16072449056), (11, 650.7888930670941), (12, 645.4695448451711), (13, 658.5004925439448), (14, 691.6299695958071), (15, 691.9236625432608), (16, 743.6538397409048), (17, 725.5946467260342), (18, 724.0221167156799), (19, 696.5653986570472), (20, 715.1448718172043), (21, 719.6221619604387), (22, 723.6485659459281), (23, 724.2454473006602), (24, 741.4719130301171), (25, 718.7479872955479), (26, 725.2752653853063), (27, 762.5117739316287), (28, 741.4240322061212), (29, 786.57879630687), (30, 740.5612000132082), (31, 770.3186517811234), (32, 748.0623547244122), (33, 737.9733965769012), (34, 772.5489479104098), (35, 757.8265418818243), (36, 746.2417693382372), (37, 736.124010428296), (38, 757.8161324547776), (39, 739.780255582091), (40, 740.2588390908131), (41, 739.8496008618948), (42, 743.9718843398468), (43, 771.6923490856163), (44, 810.2085778588703), (45, 800.4528925971413), (46, 743.5468674143688), (47, 757.0400470842283), (48, 768.6594208307257), (49, 754.7570107571254), (50, 751.7879249869883)]
INFO flwr 2026-06-29 19:11:23,270 | app.py:226 | app_fit: metrics_distributed_fit {}
INFO flwr 2026-06-29 19:11:23,270 | app.py:227 | app_fit: metrics_distributed {'mae': [(1, 38.7039437978767), (2, 22.857789233187454), (3, 21.987350713586476), (4, 19.953180944990365), (5, 19.79989503117842), (6, 19.453737667944033), (7, 19.57213976033631), (8, 19.938754935589454), (9, 20.47647785283891), (10, 19.674345389618843), (11, 20.206394212447723), (12, 20.174516890722465), (13, 20.230109393962543), (14, 20.77322112217124), (15, 20.702464816675132), (16, 21.20846935823864), (17, 21.134105224394396), (18, 21.1072567748486), (19, 20.67524673363639), (20, 20.8579318756859), (21, 21.11155069053107), (22, 21.085847749812775), (23, 21.2238583040271), (24, 21.2853707995611), (25, 20.93536047615419), (26, 20.898948107421237), (27, 21.02177550219981), (28, 20.97123769721935), (29, 21.508107669734734), (30, 21.025006432738163), (31, 21.572388624322), (32, 21.3094476099236), (33, 20.850888267901745), (34, 21.707394144527147), (35, 21.084652522277985), (36, 21.036731369480755), (37, 21.065985619068098), (38, 20.75026808469315), (39, 20.630674756819708), (40, 20.892811999110325), (41, 20.8404963068095), (42, 20.739177151250324), (43, 21.236572047000656), (44, 21.456014594789888), (45, 21.741399966555964), (46, 20.860527273705756), (47, 20.76060709493122), (48, 21.186713556990462), (49, 20.99145699890972), (50, 20.588561699233736)]}
INFO flwr 2026-06-29 19:11:23,271 | app.py:228 | app_fit: losses_centralized [(0, 0.0), (1, 0.0), (2, 0.0), (3, 0.0), (4, 0.0), (5, 0.0), (6, 0.0), (7, 0.0), (8, 0.0), (9, 0.0), (10, 0.0), (11, 0.0), (12, 0.0), (13, 0.0), (14, 0.0), (15, 0.0), (16, 0.0), (17, 0.0), (18, 0.0), (19, 0.0), (20, 0.0), (21, 0.0), (22, 0.0), (23, 0.0), (24, 0.0), (25, 0.0), (26, 0.0), (27, 0.0), (28, 0.0), (29, 0.0), (30, 0.0), (31, 0.0), (32, 0.0), (33, 0.0), (34, 0.0), (35, 0.0), (36, 0.0), (37, 0.0), (38, 0.0), (39, 0.0), (40, 0.0), (41, 0.0), (42, 0.0), (43, 0.0), (44, 0.0), (45, 0.0), (46, 0.0), (47, 0.0), (48, 0.0), (49, 0.0), (50, 0.0)]
INFO flwr 2026-06-29 19:11:23,272 | app.py:229 | app_fit: metrics_centralized {'mae': [(0, 80.30839736951935), (1, 39.017047051460516), (2, 23.136654503883854), (3, 22.578375854799823), (4, 20.658378089627913), (5, 20.779725840014795), (6, 20.764331206198662), (7, 20.932554244995117), (8, 21.15673322831431), (9, 21.657213787878714), (10, 21.11255984537063), (11, 20.97574940804512), (12, 21.19811639862676), (13, 21.463889656528348), (14, 21.217602310642118), (15, 21.122430036144873), (16, 21.638754771601768), (17, 21.60784690226278), (18, 21.334917472254844), (19, 21.05556058883667), (20, 20.945885181427002), (21, 21.479584993854647), (22, 21.256483777876824), (23, 20.993556822499922), (24, 21.259906322725357), (25, 21.144398227814705), (26, 20.868230619738178), (27, 21.444478727156117), (28, 20.9243767569142), (29, 22.04680017502077), (30, 20.95536982628607), (31, 21.34745850870686), (32, 20.84154486656189), (33, 20.147146947922245), (34, 21.409752153581188), (35, 20.866438965643606), (36, 20.628383067346387), (37, 20.62338912871576), (38, 20.2418597667448), (39, 20.436543710770145), (40, 20.792362889935895), (41, 20.55523363236458), (42, 21.100079920984083), (43, 21.548574201522335), (44, 22.04321788972424), (45, 22.574895166581676), (46, 20.985700376572147), (47, 21.497090539624615), (48, 21.242766057291337), (49, 21.110144153718025), (50, 21.556122179954283)], 'nasa_score': [(0, 1874047.1497035318), (1, 73795.65812057088), (2, 11169.88512932101), (3, 11595.67644381506), (4, 11810.705088134178), (5, 11789.260009569465), (6, 25528.907697435767), (7, 29250.163076475175), (8, 32916.405133805485), (9, 27608.370760489634), (10, 46571.101215802046), (11, 33639.02321692355), (12, 48123.4023741518), (13, 40009.5248367108), (14, 35662.88569714803), (15, 47969.95789607513), (16, 22897.980505367363), (17, 14827.697204538912), (18, 21946.66872512769), (19, 14757.555749836038), (20, 32274.15204284509), (21, 49708.14554615346), (22, 41171.41868386), (23, 17681.72918960343), (24, 16721.84186817034), (25, 19864.717625743913), (26, 23281.15195045424), (27, 53537.82443229182), (28, 20772.395172489872), (29, 82297.32437120208), (30, 39923.54079288773), (31, 24091.058009846944), (32, 18829.6549333885), (33, 17940.105980434637), (34, 24375.879570343444), (35, 41219.94600990417), (36, 21532.340697036296), (37, 12462.601413570865), (38, 20663.51442792861), (39, 16127.490845106346), (40, 19213.78753973888), (41, 16131.695009184841), (42, 22205.413270168043), (43, 31183.147483086825), (44, 45094.94975481619), (45, 55076.913652320975), (46, 24408.534175458735), (47, 48585.24005387081), (48, 27202.457278787362), (49, 17697.67495719902), (50, 31440.990196730054)]}

FedAvg 42: {'method': 'fedavg', 'dataset': 'FD004', 'seed': 42, 'test_mae': 21.5561, 'nasa_score': 31440.99, 'comm_kb': 28900.78}
INFO flwr 2026-06-29 12:59:52,222 | app.py:225 | app_fit: losses_distributed [(1, 2110.3554153560954), (2, 582.3708549266322), (3, 503.0775718998567), (4, 505.333132544076), (5, 520.8408760989068), (6, 533.2610897432438), (7, 622.6179469613662), (8, 540.0756214677392), (9, 621.449569562498), (10, 564.5430481452395), (11, 584.4884499688363), (12, 603.0074242084802), (13, 569.4978849437031), (14, 590.3279573193199), (15, 598.5299924133437), (16, 587.7251478144798), (17, 637.1615664719753), (18, 581.8152727520006), (19, 613.297999001768), (20, 606.015488606293), (21, 678.1334789699686), (22, 633.8578895196007), (23, 635.6229544527439), (24, 641.7534628940399), (25, 654.1987102694965), (26, 625.7253406638619), (27, 674.200442593943), (28, 630.1799470074455), (29, 630.1054458947528), (30, 620.7592794516814), (31, 656.7497096113582), (32, 624.523449314956), (33, 610.8561645781843), (34, 647.6237276736329), (35, 672.2371402530345), (36, 623.4079622358594), (37, 668.2287971234408), (38, 646.9248285703637), (39, 632.2142539086109), (40, 657.5137816349926), (41, 683.5775199709645), (42, 663.4777057471824), (43, 650.5087471304729), (44, 645.301463028821), (45, 673.6048313009782), (46, 680.5945956072562), (47, 662.5403823391429), (48, 651.1687653425794), (49, 676.0556112693558), (50, 682.2587669977271)]
INFO flwr 2026-06-29 12:59:52,223 | app.py:226 | app_fit: metrics_distributed_fit {}
INFO flwr 2026-06-29 12:59:52,224 | app.py:227 | app_fit: metrics_distributed {'mae': [(1, 39.525065202207436), (2, 19.584301492213132), (3, 18.688696781890293), (4, 18.62841342434614), (5, 18.21142506669416), (6, 18.41571359612991), (7, 19.743189552990888), (8, 18.35198400922646), (9, 19.367665693151007), (10, 18.357666650804042), (11, 18.932692366876537), (12, 18.945568782804422), (13, 18.454358950486313), (14, 18.52816122295819), (15, 18.824168792023723), (16, 19.08516714787405), (17, 19.548494996071028), (18, 18.775698003569655), (19, 19.07359890418233), (20, 19.364345986450754), (21, 19.847283871057346), (22, 19.307350051977373), (23, 19.35373365395305), (24, 19.268980172318184), (25, 19.293401168595324), (26, 19.104365629269616), (27, 19.879646659617883), (28, 19.12487570203209), (29, 18.72201954122447), (30, 19.02231570019703), (31, 19.432264806733933), (32, 18.88587641086094), (33, 18.55518909448417), (34, 19.198666265438597), (35, 19.76686814156165), (36, 18.872855871540136), (37, 19.060078730424273), (38, 19.055366608335284), (39, 19.336863327388667), (40, 19.338646912117774), (41, 19.987538838835295), (42, 19.232913667108704), (43, 18.959785024524045), (44, 19.004358596946677), (45, 19.305572930199148), (46, 19.574898448720784), (47, 19.418580592759344), (48, 19.11779340547388), (49, 19.536992101713775), (50, 19.901799174792778)]}
INFO flwr 2026-06-29 12:59:52,225 | app.py:228 | app_fit: losses_centralized [(0, 0.0), (1, 0.0), (2, 0.0), (3, 0.0), (4, 0.0), (5, 0.0), (6, 0.0), (7, 0.0), (8, 0.0), (9, 0.0), (10, 0.0), (11, 0.0), (12, 0.0), (13, 0.0), (14, 0.0), (15, 0.0), (16, 0.0), (17, 0.0), (18, 0.0), (19, 0.0), (20, 0.0), (21, 0.0), (22, 0.0), (23, 0.0), (24, 0.0), (25, 0.0), (26, 0.0), (27, 0.0), (28, 0.0), (29, 0.0), (30, 0.0), (31, 0.0), (32, 0.0), (33, 0.0), (34, 0.0), (35, 0.0), (36, 0.0), (37, 0.0), (38, 0.0), (39, 0.0), (40, 0.0), (41, 0.0), (42, 0.0), (43, 0.0), (44, 0.0), (45, 0.0), (46, 0.0), (47, 0.0), (48, 0.0), (49, 0.0), (50, 0.0)]
INFO flwr 2026-06-29 12:59:52,226 | app.py:229 | app_fit: metrics_centralized {'mae': [(0, 78.61531749992601), (1, 34.6112206597482), (2, 20.689820239620826), (3, 19.72516510755785), (4, 19.502023241212292), (5, 19.143389151942344), (6, 19.318896928141193), (7, 20.746656187119022), (8, 20.290752872343987), (9, 20.6582606492504), (10, 20.252622792797705), (11, 20.249784192731305), (12, 20.374852103571737), (13, 20.294603374696546), (14, 20.560624384110973), (15, 21.344300031661987), (16, 21.173719590710057), (17, 21.064807099680745), (18, 21.470381425273033), (19, 21.158737328744703), (20, 21.76543970646397), (21, 21.30312527764228), (22, 21.451556340340645), (23, 21.45087396713995), (24, 21.30829588059456), (25, 20.950548356579198), (26, 21.41843319708301), (27, 21.957060713921823), (28, 21.609738742151567), (29, 21.17873781727206), (30, 21.420843747354322), (31, 21.562058018099876), (32, 21.08941748065333), (33, 21.344266430024177), (34, 21.191283195249497), (35, 21.108054507163263), (36, 21.151643545396865), (37, 21.21593882960658), (38, 21.968377444051928), (39, 22.022420283286802), (40, 21.589429701528243), (41, 21.80294329120267), (42, 21.34572616700203), (43, 22.223243751833515), (44, 21.798822287590273), (45, 21.75441831927146), (46, 22.02288531487988), (47, 22.3532671313132), (48, 21.889808654785156), (49, 21.938334588081606), (50, 22.38461628267842)], 'nasa_score': [(0, 1644382.066090134), (1, 12939.213662683174), (2, 7510.963294400874), (3, 5985.676369579481), (4, 4937.2643702603755), (5, 6553.231091699525), (6, 13356.47136745109), (7, 7140.639271092566), (8, 20004.81459682001), (9, 12610.53502374477), (10, 34773.475535603204), (11, 34177.48640381619), (12, 33368.21505386951), (13, 39736.09384767394), (14, 51553.8079313983), (15, 50252.400308960496), (16, 36221.61537572161), (17, 45020.21520089712), (18, 44654.84838183885), (19, 33272.08462256257), (20, 21319.66134067592), (21, 9306.85129371429), (22, 30301.19591182634), (23, 12012.196435414924), (24, 31185.167980635662), (25, 25009.273490721378), (26, 50448.47066751716), (27, 10601.674607523197), (28, 22463.91155387543), (29, 12197.289204571116), (30, 16316.942238245652), (31, 22592.44095381981), (32, 17859.95883205301), (33, 25937.09616349023), (34, 43918.20093119143), (35, 14509.73911019413), (36, 22536.798495923067), (37, 38663.139776522745), (38, 40345.86680581647), (39, 39538.60514295751), (40, 30160.109526246895), (41, 12939.722168443188), (42, 14532.426949396202), (43, 18402.98948310525), (44, 25433.780171429848), (45, 14679.996328360747), (46, 14663.067041937555), (47, 18159.852141754032), (48, 20114.558991316364), (49, 16324.283731085148), (50, 12846.124463191962)]}

FedAvg 101: {'method': 'fedavg', 'dataset': 'FD004', 'seed': 101, 'test_mae': 22.3846, 'nasa_score': 12846.12, 'comm_kb': 28900.78}

INFO flwr 2026-07-03 07:42:34,539 | app.py:225 | app_fit: losses_distributed [(1, 1978.5757001936547), (2, 707.5090152448369), (3, 606.6025778512512), (4, 593.8671045436449), (5, 554.3076220368134), (6, 555.7166692330135), (7, 568.347766365388), (8, 585.4292547397908), (9, 598.8238107889205), (10, 678.0012805122827), (11, 633.0437550985422), (12, 642.21263172059), (13, 676.6232511390159), (14, 731.246148430685), (15, 701.0002635148551), (16, 707.7408619826356), (17, 701.6863767781468), (18, 742.1739606594689), (19, 740.4893655334496), (20, 744.5630167900324), (21, 752.3963596569912), (22, 774.5815005250266), (23, 739.188650343473), (24, 750.283804180846), (25, 749.726894964321), (26, 759.6116933747086), (27, 747.988471250991), (28, 734.5217870412256), (29, 764.4190314144334), (30, 748.9624733883495), (31, 738.6166577477672), (32, 816.3741134706869), (33, 770.5843342162672), (34, 746.0888766213571), (35, 767.5831237470641), (36, 756.2238096613472), (37, 762.8140266041448), (38, 801.8670868760278), (39, 777.6980522152884), (40, 788.6424404908378), (41, 793.2354736385684), (42, 768.3352151451269), (43, 769.9856009236914), (44, 777.3089478621165), (45, 790.0862488518208), (46, 768.2907203032538), (47, 780.3743339604766), (48, 784.43542021151), (49, 806.2718641755267), (50, 788.6443435455978)]
INFO flwr 2026-07-03 07:42:34,540 | app.py:226 | app_fit: metrics_distributed_fit {}
INFO flwr 2026-07-03 07:42:34,541 | app.py:227 | app_fit: metrics_distributed {'mae': [(1, 36.26666891795201), (2, 22.20353831007363), (3, 20.060710177426966), (4, 19.985312066137542), (5, 18.68719364768467), (6, 18.91006003969438), (7, 18.59138043841431), (8, 18.818464996858797), (9, 19.091613467168646), (10, 20.204290495778604), (11, 19.174041943026687), (12, 19.67808111997336), (13, 20.223651092217043), (14, 20.662757446162434), (15, 20.003862118909872), (16, 20.096868794353806), (17, 20.605874593102318), (18, 20.720053349383054), (19, 21.06299001394421), (20, 20.865452440312925), (21, 20.957122620525382), (22, 21.10131187197938), (23, 20.68704038707772), (24, 20.824713633043366), (25, 20.724631514381976), (26, 20.696586485675308), (27, 20.697847717620434), (28, 20.849344024204928), (29, 20.454857978583373), (30, 20.245509566562845), (31, 20.4107155602008), (32, 21.253670103547257), (33, 20.944385153713966), (34, 20.470985331655854), (35, 20.521427819343028), (36, 20.78728219510384), (37, 20.453121262287382), (38, 21.07272074475283), (39, 21.048758075445026), (40, 21.24148265625656), (41, 21.125361630890513), (42, 20.448231834683586), (43, 20.65154060477448), (44, 20.254216440755528), (45, 20.99079062218308), (46, 20.694229417906666), (47, 20.70491538197083), (48, 21.153649021481083), (49, 21.165153595691624), (50, 20.80333130785044)]}
INFO flwr 2026-07-03 07:42:34,542 | app.py:228 | app_fit: losses_centralized [(0, 0.0), (1, 0.0), (2, 0.0), (3, 0.0), (4, 0.0), (5, 0.0), (6, 0.0), (7, 0.0), (8, 0.0), (9, 0.0), (10, 0.0), (11, 0.0), (12, 0.0), (13, 0.0), (14, 0.0), (15, 0.0), (16, 0.0), (17, 0.0), (18, 0.0), (19, 0.0), (20, 0.0), (21, 0.0), (22, 0.0), (23, 0.0), (24, 0.0), (25, 0.0), (26, 0.0), (27, 0.0), (28, 0.0), (29, 0.0), (30, 0.0), (31, 0.0), (32, 0.0), (33, 0.0), (34, 0.0), (35, 0.0), (36, 0.0), (37, 0.0), (38, 0.0), (39, 0.0), (40, 0.0), (41, 0.0), (42, 0.0), (43, 0.0), (44, 0.0), (45, 0.0), (46, 0.0), (47, 0.0), (48, 0.0), (49, 0.0), (50, 0.0)]
INFO flwr 2026-07-03 07:42:34,543 | app.py:229 | app_fit: metrics_centralized {'mae': [(0, 79.50960078066394), (1, 39.43419804111604), (2, 22.109561850947717), (3, 20.704742124003747), (4, 21.032840421122888), (5, 20.170677600368375), (6, 20.694987100939596), (7, 20.748962006261273), (8, 20.913535591094725), (9, 20.95903899977284), (10, 21.923594455565176), (11, 21.471447625467853), (12, 21.687965016211233), (13, 22.16107476526691), (14, 22.247777208205193), (15, 21.995242957145937), (16, 21.692738879111506), (17, 22.5487017016257), (18, 22.089504999499166), (19, 22.2870553962646), (20, 22.769067402808897), (21, 22.44508736364303), (22, 22.6062856412703), (23, 21.844113442205614), (24, 22.090645974682225), (25, 21.976318005592592), (26, 22.250203124938473), (27, 22.435950540727184), (28, 22.46379223946602), (29, 22.704031875056604), (30, 22.25250670986791), (31, 22.724603460681053), (32, 23.183678880814583), (33, 22.297086969498665), (34, 22.393409636712843), (35, 22.534610340672156), (36, 22.45557878094335), (37, 22.00681814839763), (38, 22.65293908888294), (39, 22.818384647369385), (40, 22.67694256382604), (41, 22.788157232346073), (42, 22.29181174309023), (43, 22.15610651816091), (44, 22.194515535908362), (45, 22.430746570710212), (46, 22.674780107313588), (47, 22.17154021416941), (48, 22.495682824042536), (49, 22.3185234685098), (50, 22.7314583716854)], 'nasa_score': [(0, 1762216.5604742258), (1, 364052.8769524406), (2, 17283.18383206128), (3, 14158.547225114386), (4, 12928.536930518416), (5, 16741.569796137348), (6, 18404.879998907803), (7, 23856.32842067881), (8, 23258.50933372334), (9, 33210.06960474107), (10, 21872.673292440028), (11, 36039.08204550764), (12, 34025.17374429232), (13, 37344.852370634006), (14, 43109.38380084454), (15, 45337.37117571715), (16, 47362.49961512795), (17, 34393.26964105887), (18, 24869.24963662125), (19, 40599.0511073654), (20, 50168.365085152625), (21, 42437.80415876341), (22, 48187.40785608876), (23, 26991.194095171068), (24, 29328.896783316388), (25, 31730.723758588647), (26, 59724.68738857783), (27, 52214.95494629894), (28, 27942.265920328253), (29, 54455.54626326565), (30, 67167.86667127218), (31, 36479.21686482766), (32, 57011.063555041714), (33, 52379.671571399434), (34, 37199.43044765015), (35, 64674.888379096956), (36, 50659.46384134191), (37, 55471.17123308392), (38, 50959.26445034813), (39, 25752.455487172607), (40, 63533.11423348042), (41, 57167.05246065663), (42, 82600.8726553192), (43, 38111.45235066992), (44, 78783.46129827385), (45, 75881.30592250999), (46, 60158.482186190544), (47, 56801.285322003874), (48, 69106.63553563577), (49, 70375.7472836947), (50, 94065.3112069071)]}

FedAvg 202: {'method': 'fedavg', 'dataset': 'FD004', 'seed': 202, 'test_mae': 22.7315, 'nasa_score': 94065.31, 'comm_kb': 28900.78}
INFO flwr 2026-07-03 11:32:37,270 | app.py:225 | app_fit: losses_distributed [(1, 1437.0267576826154), (2, 656.9371791582092), (3, 748.0285232360297), (4, 662.8575606653043), (5, 682.9961117901312), (6, 688.287222859083), (7, 632.6345247314922), (8, 692.0194791577238), (9, 655.4494270392577), (10, 753.8573837879127), (11, 723.7580004921139), (12, 735.724271499152), (13, 677.1994500458812), (14, 846.710310886236), (15, 763.1440502454864), (16, 718.7075967700532), (17, 756.329955666098), (18, 716.749109571275), (19, 759.7661672206568), (20, 810.4546228685284), (21, 763.9815144654491), (22, 723.1131362475879), (23, 789.8011531141152), (24, 764.7861593164284), (25, 734.2372991301388), (26, 765.9100751572414), (27, 736.6044332017537), (28, 746.9847001269208), (29, 827.6321777365042), (30, 770.3281439397424), (31, 786.8697653969566), (32, 772.7029818127797), (33, 742.7450903748294), (34, 768.0777828070832), (35, 755.1086225897235), (36, 753.9212306282313), (37, 746.3236980241942), (38, 767.8801166155815), (39, 757.7278639126173), (40, 804.5051413096413), (41, 780.134626696294), (42, 760.2485081572693), (43, 749.1740884639488), (44, 805.832737556536), (45, 771.6330627356236), (46, 741.4840718470131), (47, 754.0018449055053), (48, 803.3854144575623), (49, 732.4106390430896), (50, 750.1366957114376)]
INFO flwr 2026-07-03 11:32:37,272 | app.py:226 | app_fit: metrics_distributed_fit {}
INFO flwr 2026-07-03 11:32:37,273 | app.py:227 | app_fit: metrics_distributed {'mae': [(1, 34.58678925808824), (2, 21.650314327228678), (3, 22.889709003221586), (4, 21.255657462867457), (5, 21.35838132891879), (6, 21.089214807360996), (7, 20.4416253036507), (8, 21.11079817934434), (9, 20.7579011754093), (10, 21.97763602537737), (11, 21.446536230163467), (12, 21.68777371567414), (13, 20.504113994633656), (14, 23.570370266746522), (15, 22.037897928085872), (16, 21.419102976839103), (17, 21.820931863310697), (18, 21.012859679840425), (19, 21.86721628090276), (20, 22.61676007208765), (21, 21.826893183317107), (22, 21.128941896259942), (23, 22.12876416799724), (24, 21.883791201571697), (25, 21.130946055727854), (26, 21.713076568036602), (27, 21.254550192756593), (28, 21.21529996713252), (29, 22.424607000944814), (30, 22.20429330227285), (31, 21.969384331822123), (32, 21.94860066940039), (33, 21.19105563088069), (34, 21.609900104423563), (35, 21.38336078205305), (36, 21.20227926371714), (37, 21.0486507507263), (38, 21.393858116624994), (39, 21.1836099839223), (40, 21.59736273423053), (41, 21.770143067256623), (42, 21.34571772721266), (43, 20.98456834237155), (44, 22.158940089512054), (45, 21.7927198009135), (46, 20.84344283303062), (47, 20.837673555883505), (48, 22.097034037643425), (49, 20.65618307827947), (50, 20.97368133777144)]}
INFO flwr 2026-07-03 11:32:37,273 | app.py:228 | app_fit: losses_centralized [(0, 0.0), (1, 0.0), (2, 0.0), (3, 0.0), (4, 0.0), (5, 0.0), (6, 0.0), (7, 0.0), (8, 0.0), (9, 0.0), (10, 0.0), (11, 0.0), (12, 0.0), (13, 0.0), (14, 0.0), (15, 0.0), (16, 0.0), (17, 0.0), (18, 0.0), (19, 0.0), (20, 0.0), (21, 0.0), (22, 0.0), (23, 0.0), (24, 0.0), (25, 0.0), (26, 0.0), (27, 0.0), (28, 0.0), (29, 0.0), (30, 0.0), (31, 0.0), (32, 0.0), (33, 0.0), (34, 0.0), (35, 0.0), (36, 0.0), (37, 0.0), (38, 0.0), (39, 0.0), (40, 0.0), (41, 0.0), (42, 0.0), (43, 0.0), (44, 0.0), (45, 0.0), (46, 0.0), (47, 0.0), (48, 0.0), (49, 0.0), (50, 0.0)]
INFO flwr 2026-07-03 11:32:37,274 | app.py:229 | app_fit: metrics_centralized {'mae': [(0, 78.82506432384253), (1, 34.7343428058009), (2, 21.388104738727694), (3, 22.00652818141445), (4, 20.86115332572691), (5, 21.021646241987906), (6, 20.855996831770867), (7, 20.747686851409174), (8, 20.99512412855702), (9, 21.982678417236574), (10, 21.46690676481493), (11, 21.819076647681573), (12, 21.854790276096715), (13, 22.35020838629815), (14, 22.280175185972645), (15, 21.904986754540474), (16, 21.601412461649986), (17, 21.25704392694658), (18, 21.2344261523216), (19, 21.854501693479477), (20, 21.383188970627323), (21, 21.46730416820895), (22, 21.925667839665568), (23, 21.585987421774096), (24, 21.493067133811213), (25, 21.6978516117219), (26, 21.71737890858804), (27, 22.00086053725212), (28, 21.414801166903587), (29, 21.429227598251835), (30, 21.9395454237538), (31, 22.021361420231482), (32, 21.736672770592474), (33, 21.87903002000624), (34, 21.48432949281508), (35, 21.837775899517922), (36, 21.62315554772654), (37, 22.388606848255282), (38, 22.586907709798506), (39, 22.09823997559086), (40, 22.260532756005563), (41, 22.400636165372788), (42, 21.76719776276619), (43, 21.908090191502726), (44, 22.277782640149518), (45, 22.64133151885002), (46, 22.7447277345965), (47, 22.544682102818644), (48, 22.451096180946596), (49, 22.779939082361036), (50, 22.512658088437973)], 'nasa_score': [(0, 1673564.3703695182), (1, 40205.086145156805), (2, 7525.298220875734), (3, 8370.603298413753), (4, 8603.874789302818), (5, 11080.035590154257), (6, 9752.216226823715), (7, 14725.837535104092), (8, 15595.687652577415), (9, 24876.12039144157), (10, 10956.854395316184), (11, 21923.347069231342), (12, 20189.45579730652), (13, 40975.17812610687), (14, 11313.89716017132), (15, 22034.7465905049), (16, 39038.606230245365), (17, 34281.91880391661), (18, 42993.111305124985), (19, 27662.488336863007), (20, 43214.488984605), (21, 22809.56975705713), (22, 62838.6001450826), (23, 31975.375173466018), (24, 58870.311389612456), (25, 56641.0706457194), (26, 51410.76557950196), (27, 52578.17846935718), (28, 36891.305120986515), (29, 26742.196564403104), (30, 26220.669736669035), (31, 37547.97948741791), (32, 30109.087995996993), (33, 64605.0441871549), (34, 25278.266204567517), (35, 58976.65176592201), (36, 55033.175929611454), (37, 61514.74743409109), (38, 57428.95038626258), (39, 41315.2121603016), (40, 46719.244059683384), (41, 45150.66860287683), (42, 58985.292205250735), (43, 82600.54629435606), (44, 30439.16781382129), (45, 67791.22310815353), (46, 45667.62749768718), (47, 48327.25386746117), (48, 25788.432098649304), (49, 67638.28231801561), (50, 63331.47683455485)]}

FedAvg 303: {'method': 'fedavg', 'dataset': 'FD004', 'seed': 303, 'test_mae': 22.5127, 'nasa_score': 63331.48, 'comm_kb': 28900.78}
INFO flwr 2026-07-19 17:20:51,657 | app.py:225 | app_fit: losses_distributed [(1, 1685.9229835481892), (2, 544.9958300820957), (3, 529.3881609381353), (4, 515.0923962589534), (5, 518.0849094064705), (6, 573.7997846497036), (7, 584.7135205236953), (8, 606.4208524909604), (9, 646.929915599043), (10, 700.6922828475782), (11, 664.421917197075), (12, 660.9629112328738), (13, 679.8115953580154), (14, 702.5683544570186), (15, 684.6506436826571), (16, 681.1621121828441), (17, 679.0933729490827), (18, 675.0277014976983), (19, 663.5597369849903), (20, 687.7065704062082), (21, 698.4178390446206), (22, 675.6188257267041), (23, 685.348588771891), (24, 704.8295591900339), (25, 684.4320486019092), (26, 694.3474992092657), (27, 689.1382901727045), (28, 705.230724337553), (29, 715.5771382101407), (30, 710.3962740192626), (31, 706.1313116421044), (32, 777.29666917652), (33, 711.549122483491), (34, 714.1261485330234), (35, 705.2541917028037), (36, 712.7333481061858), (37, 680.671113796305), (38, 714.9373288236143), (39, 701.017680404266), (40, 696.8492317001172), (41, 728.643753000706), (42, 743.1406315686535), (43, 694.5586587671896), (44, 728.8398298355727), (45, 732.8094859580568), (46, 704.2972663964481), (47, 732.6079952821412), (48, 703.5221476898761), (49, 699.8961244320781), (50, 766.1357143529729)]
INFO flwr 2026-07-19 17:20:51,658 | app.py:226 | app_fit: metrics_distributed_fit {}
INFO flwr 2026-07-19 17:20:51,659 | app.py:227 | app_fit: metrics_distributed {'mae': [(1, 33.72569938716392), (2, 19.492208083234313), (3, 18.43772372774032), (4, 18.282346178785133), (5, 18.313058257546125), (6, 19.197191819293792), (7, 19.410758759275247), (8, 19.42142685301685), (9, 20.104430616123526), (10, 21.018530338138454), (11, 20.16425356421772), (12, 19.867087395395046), (13, 19.935599984909967), (14, 20.80249602838963), (15, 20.431939548542065), (16, 20.243768611007464), (17, 19.584490385906403), (18, 19.842429741075936), (19, 19.65475568930899), (20, 19.853752461685122), (21, 20.10594540510922), (22, 19.718954870869236), (23, 20.445836427575152), (24, 20.39722256270483), (25, 19.74961554392563), (26, 19.888251696200175), (27, 20.027930094141055), (28, 20.062526684268256), (29, 20.230975729116278), (30, 19.532339901729145), (31, 19.813919377061072), (32, 21.035971380609563), (33, 19.831981872714586), (34, 20.092778010705146), (35, 20.111938132672506), (36, 20.018614971947937), (37, 19.679814616100497), (38, 20.385163209695357), (39, 19.862077363804815), (40, 19.960546961858814), (41, 20.541391832855112), (42, 20.12770543009818), (43, 19.609667260939304), (44, 19.951045476814183), (45, 20.93288667902184), (46, 20.026034354454524), (47, 20.10998621873253), (48, 19.942610396594365), (49, 20.059591128480477), (50, 20.619298065639338)]}
INFO flwr 2026-07-19 17:20:51,659 | app.py:228 | app_fit: losses_centralized [(0, 0.0), (1, 0.0), (2, 0.0), (3, 0.0), (4, 0.0), (5, 0.0), (6, 0.0), (7, 0.0), (8, 0.0), (9, 0.0), (10, 0.0), (11, 0.0), (12, 0.0), (13, 0.0), (14, 0.0), (15, 0.0), (16, 0.0), (17, 0.0), (18, 0.0), (19, 0.0), (20, 0.0), (21, 0.0), (22, 0.0), (23, 0.0), (24, 0.0), (25, 0.0), (26, 0.0), (27, 0.0), (28, 0.0), (29, 0.0), (30, 0.0), (31, 0.0), (32, 0.0), (33, 0.0), (34, 0.0), (35, 0.0), (36, 0.0), (37, 0.0), (38, 0.0), (39, 0.0), (40, 0.0), (41, 0.0), (42, 0.0), (43, 0.0), (44, 0.0), (45, 0.0), (46, 0.0), (47, 0.0), (48, 0.0), (49, 0.0), (50, 0.0)]
INFO flwr 2026-07-19 17:20:51,660 | app.py:229 | app_fit: metrics_centralized {'mae': [(0, 78.91328630380092), (1, 37.3554956066993), (2, 20.3152417021413), (3, 20.154183368529043), (4, 20.270977787433132), (5, 21.035166436626064), (6, 21.167062801699483), (7, 21.42807447910309), (8, 21.444668200708204), (9, 21.77001109815413), (10, 21.778583084383317), (11, 22.0456859296368), (12, 21.49029944019933), (13, 21.91388221709959), (14, 22.8912432693666), (15, 22.0168724021604), (16, 22.230324752869144), (17, 21.82125619149977), (18, 22.178135618086785), (19, 21.953300822165705), (20, 22.346265454446115), (21, 22.517037853117913), (22, 22.411228872114613), (23, 22.588164391056186), (24, 22.433513533684515), (25, 21.733348154252575), (26, 22.17575183991463), (27, 22.26726270491077), (28, 22.612226416987756), (29, 22.719583695934666), (30, 22.54545174875567), (31, 22.614057894675963), (32, 24.70204997062683), (33, 22.953358950153476), (34, 23.060334328682192), (35, 23.141186791081584), (36, 22.98787215448195), (37, 22.495654429158858), (38, 23.051314607743294), (39, 22.9033888078505), (40, 22.88005360480278), (41, 23.37095941266706), (42, 23.971646316589847), (43, 22.421142062833233), (44, 23.728373558290542), (45, 23.861330086185085), (46, 22.792739845091297), (47, 23.474011067421205), (48, 22.544287220124275), (49, 22.875333601428615), (50, 24.54328118601153)], 'nasa_score': [(0, 1679723.1457640748), (1, 214754.63862611208), (2, 9110.252425134362), (3, 7005.654560918089), (4, 10576.0308090785), (5, 21772.868743626514), (6, 27566.722752908034), (7, 27713.894148780113), (8, 50393.22683311938), (9, 49397.345675124816), (10, 23306.408079800072), (11, 57290.59403906748), (12, 49184.70726491111), (13, 42436.955777475785), (14, 33338.61349648311), (15, 18726.941619219375), (16, 23844.391492806913), (17, 19969.750315530648), (18, 34927.75947379753), (19, 18135.365281358696), (20, 27720.03241429235), (21, 44741.39005157618), (22, 44054.048873084816), (23, 37742.13059833061), (24, 30770.002357957488), (25, 32540.26165449107), (26, 49072.45688760026), (27, 47612.00824971295), (28, 56025.10520967089), (29, 71888.78805995823), (30, 94718.0257645266), (31, 55880.24073282371), (32, 85712.86680418564), (33, 66435.56649123241), (34, 54584.63074565009), (35, 75353.17403963515), (36, 46957.02571836782), (37, 34398.15098241695), (38, 43918.089320850355), (39, 45452.336548962885), (40, 57810.69125514825), (41, 39049.9040028625), (42, 78971.88279052699), (43, 37367.64306432853), (44, 64599.714372275965), (45, 64115.61509513625), (46, 68957.75729054419), (47, 59960.619619203106), (48, 45986.63209211659), (49, 58261.04370484198), (50, 98893.58680051105)]}

FedAvg 404: {'method': 'fedavg', 'dataset': 'FD004', 'seed': 404, 'test_mae': 24.5433, 'nasa_score': 98893.59, 'comm_kb': 28900.78}

INFO flwr 2026-07-19 18:15:31,940 | app.py:225 | app_fit: losses_distributed [(1, 813.477628327441), (2, 567.813781147883), (3, 537.713362451631), (4, 555.8570276474771), (5, 638.7703527509499), (6, 582.515603051397), (7, 677.2531067523196), (8, 642.4554433136738), (9, 671.6697442525821), (10, 682.4725132806815), (11, 709.0750949721245), (12, 710.0668658914665), (13, 698.2093713865438), (14, 699.9024401653203), (15, 710.2836115986149), (16, 732.3273842250826), (17, 757.1425056918769), (18, 730.3074267512525), (19, 734.4258752709272), (20, 789.2955658628649), (21, 754.258973807964), (22, 744.8916935607664), (23, 731.152583069039), (24, 749.9235116277849), (25, 754.9949194095404), (26, 744.289229806848), (27, 753.5634902783269), (28, 757.2590187438336), (29, 744.9892569706358), (30, 762.5334280722141), (31, 753.1470906429744), (32, 739.4499054542744), (33, 772.0394576732534), (34, 738.3842951376984), (35, 756.1432430337376), (36, 727.0870827797438), (37, 726.7137601012773), (38, 711.7021529638869), (39, 725.319944714667), (40, 730.2101583655939), (41, 755.8250815186968), (42, 749.6793135592183), (43, 744.0021637058557), (44, 756.3350322335598), (45, 754.0522122497149), (46, 770.7559114831155), (47, 756.0159331988391), (48, 752.0719969719128), (49, 766.4342922185068), (50, 746.44391544272)]
INFO flwr 2026-07-19 18:15:31,940 | app.py:226 | app_fit: metrics_distributed_fit {}
INFO flwr 2026-07-19 18:15:31,941 | app.py:227 | app_fit: metrics_distributed {'mae': [(1, 24.942352824162008), (2, 18.72373688386472), (3, 18.182578534520477), (4, 18.846917957454533), (5, 20.334728619019867), (6, 19.06123328202517), (7, 20.370254302889684), (8, 19.967884312453315), (9, 19.888794592256456), (10, 20.128504758835692), (11, 20.84612746266469), (12, 21.045798142224324), (13, 20.577718863036672), (14, 20.479705383806447), (15, 20.78256150897821), (16, 21.039664527219983), (17, 21.666427503655004), (18, 20.79456811435971), (19, 21.062583202254437), (20, 21.114399790475574), (21, 21.028506370472684), (22, 21.173288178774897), (23, 20.868566694827663), (24, 20.88129016211681), (25, 20.783373241535603), (26, 20.155126672788313), (27, 20.889560720304498), (28, 20.763467517584576), (29, 20.625047827215404), (30, 20.847849396852116), (31, 20.450918252810844), (32, 20.136705482609326), (33, 20.90233379693721), (34, 20.355419879166792), (35, 20.44015059157225), (36, 20.2883213917877), (37, 20.418381505881623), (38, 19.924473894480574), (39, 20.396718769953274), (40, 20.194351575025465), (41, 20.57242334043825), (42, 20.797365620805714), (43, 20.47020788880351), (44, 20.765588433914424), (45, 20.54830370167153), (46, 20.182266370822003), (47, 20.913484994467204), (48, 20.69591255051322), (49, 20.754910712406552), (50, 20.366941493538746)]}
INFO flwr 2026-07-19 18:15:31,942 | app.py:228 | app_fit: losses_centralized [(0, 0.0), (1, 0.0), (2, 0.0), (3, 0.0), (4, 0.0), (5, 0.0), (6, 0.0), (7, 0.0), (8, 0.0), (9, 0.0), (10, 0.0), (11, 0.0), (12, 0.0), (13, 0.0), (14, 0.0), (15, 0.0), (16, 0.0), (17, 0.0), (18, 0.0), (19, 0.0), (20, 0.0), (21, 0.0), (22, 0.0), (23, 0.0), (24, 0.0), (25, 0.0), (26, 0.0), (27, 0.0), (28, 0.0), (29, 0.0), (30, 0.0), (31, 0.0), (32, 0.0), (33, 0.0), (34, 0.0), (35, 0.0), (36, 0.0), (37, 0.0), (38, 0.0), (39, 0.0), (40, 0.0), (41, 0.0), (42, 0.0), (43, 0.0), (44, 0.0), (45, 0.0), (46, 0.0), (47, 0.0), (48, 0.0), (49, 0.0), (50, 0.0)]
INFO flwr 2026-07-19 18:15:31,944 | app.py:229 | app_fit: metrics_centralized {'mae': [(0, 78.51986104682568), (1, 24.34630536263989), (2, 20.319402360147045), (3, 20.285384885726437), (4, 20.66087314005821), (5, 21.653640639397405), (6, 21.515682212768063), (7, 21.518581671099508), (8, 21.942432134382187), (9, 22.223232123159594), (10, 22.02302682784296), (11, 22.565660411311733), (12, 21.923711326814466), (13, 21.89323321465523), (14, 22.395027341381198), (15, 22.976162233660297), (16, 22.48248114124421), (17, 22.62556500588694), (18, 22.797874646802104), (19, 22.589841761896686), (20, 24.157172599146442), (21, 23.35891371773135), (22, 22.89990569699195), (23, 22.672096183223108), (24, 22.810715060080252), (25, 22.84894932470014), (26, 22.424408820367628), (27, 23.36976468947626), (28, 22.476725132234634), (29, 22.63931588203676), (30, 22.50342582887219), (31, 22.441770061369866), (32, 23.261946178251698), (33, 22.57631185746962), (34, 22.931433831491777), (35, 22.412213556228146), (36, 22.806126056178922), (37, 22.84517175151456), (38, 22.53456985565924), (39, 22.653807524711855), (40, 22.218860426256732), (41, 22.686418687143632), (42, 22.29808674320098), (43, 22.888036435650243), (44, 23.12825290618404), (45, 22.276524213052564), (46, 22.587267344997777), (47, 22.123526350144417), (48, 22.511490929511286), (49, 23.129744737379013), (50, 22.85410128101226)], 'nasa_score': [(0, 1636456.9544241736), (1, 11158.377807795929), (2, 21504.8093302187), (3, 19978.84443549006), (4, 10313.59267970377), (5, 16163.278013249368), (6, 46340.11369995401), (7, 19672.417025928626), (8, 68631.02814528364), (9, 60954.728384882124), (10, 55214.870360722605), (11, 59623.18741681574), (12, 37850.488760096516), (13, 56165.31131097366), (14, 55587.75858292604), (15, 64936.32928602684), (16, 49583.75390806457), (17, 40214.690443292435), (18, 73758.71562574449), (19, 63881.24332171941), (20, 91868.94538979823), (21, 65653.73123937819), (22, 59293.074261214744), (23, 48402.644595447724), (24, 49187.500726851365), (25, 71779.47124552658), (26, 77176.9447197703), (27, 62878.48928608272), (28, 31208.78774600914), (29, 42086.03798426955), (30, 39888.82882026116), (31, 42664.03177631309), (32, 47414.63435138867), (33, 28661.358083085244), (34, 31852.127282971916), (35, 36242.53518626245), (36, 39692.02107752772), (37, 37385.85136018619), (38, 34019.082449277616), (39, 28183.031506781437), (40, 25980.787777903388), (41, 41431.864606386225), (42, 29350.56179843315), (43, 36683.15661150703), (44, 41617.48882156995), (45, 34188.454170134166), (46, 54397.09799641314), (47, 23602.28568684132), (48, 33712.097515814894), (49, 40934.38880030313), (50, 34743.93653511451)]}

FedAvg 505: {'method': 'fedavg', 'dataset': 'FD004', 'seed': 505, 'test_mae': 22.8541, 'nasa_score': 34743.94, 'comm_kb': 28900.78}

INFO flwr 2026-07-19 19:07:29,878 | app.py:225 | app_fit: losses_distributed [(1, 2134.1868422585194), (2, 587.9639152754692), (3, 452.28726607917645), (4, 457.30923156378174), (5, 445.49782778388567), (6, 472.47776607040095), (7, 492.56932112330304), (8, 515.5499201595669), (9, 519.5944589318992), (10, 524.1397301870476), (11, 525.7901351719572), (12, 556.3917727013774), (13, 550.3490235217093), (14, 584.1225113977351), (15, 606.9363924421048), (16, 653.5934497271971), (17, 618.5744473451364), (18, 646.327451219963), (19, 617.459943303398), (20, 615.6455618616045), (21, 683.7185264851249), (22, 713.3515328494458), (23, 671.9498091627836), (24, 640.6139891126621), (25, 675.894832348276), (26, 687.6257901662186), (27, 653.9101133198533), (28, 676.3280072398765), (29, 689.6244159416981), (30, 680.7052875957504), (31, 679.1454837740555), (32, 700.0539470837771), (33, 696.6037819038191), (34, 673.990579234436), (35, 697.5841417079765), (36, 695.1558889247246), (37, 749.8307352016699), (38, 722.2303802747848), (39, 742.9138356222911), (40, 707.1335819185867), (41, 761.0924801950696), (42, 736.1385966738371), (43, 733.4810618220262), (44, 757.9161860436658), (45, 727.7775835859761), (46, 760.7459231872919), (47, 721.5535807952784), (48, 767.7280012222321), (49, 740.520975966608), (50, 758.035353122589)]
INFO flwr 2026-07-19 19:07:29,879 | app.py:226 | app_fit: metrics_distributed_fit {}
INFO flwr 2026-07-19 19:07:29,880 | app.py:227 | app_fit: metrics_distributed {'mae': [(1, 42.025544842369186), (2, 20.115403627996557), (3, 17.43693878504156), (4, 17.538682116996444), (5, 17.232784533009422), (6, 17.73183167620234), (7, 17.32649646619492), (8, 17.66543621742932), (9, 17.424880138659333), (10, 17.76907804911048), (11, 18.058873486213724), (12, 18.145076778197534), (13, 18.324603010373075), (14, 18.26145684837029), (15, 18.96591877112796), (16, 19.36590228791006), (17, 18.661939474678714), (18, 19.159016414163464), (19, 19.08059119520337), (20, 18.91207963459243), (21, 19.60343210435535), (22, 19.80136018008429), (23, 19.000426702126298), (24, 19.194794946999302), (25, 19.381567295486853), (26, 20.00083676546209), (27, 19.249031321911737), (28, 19.797334050876838), (29, 19.65684615404666), (30, 19.380340322712822), (31, 19.72498799677476), (32, 19.852395163545854), (33, 19.775889448865502), (34, 19.272853520298064), (35, 19.530720374107446), (36, 19.78599314236474), (37, 20.18740363760307), (38, 20.151960702906333), (39, 20.294475709676764), (40, 19.739046971789502), (41, 20.01726846572891), (42, 20.150430803973283), (43, 19.9375831094662), (44, 20.260045565158233), (45, 20.354456513484397), (46, 20.267263094959258), (47, 19.967169270234542), (48, 20.162275782295414), (49, 20.21566758143271), (50, 20.673809830588635)]}
INFO flwr 2026-07-19 19:07:29,880 | app.py:228 | app_fit: losses_centralized [(0, 0.0), (1, 0.0), (2, 0.0), (3, 0.0), (4, 0.0), (5, 0.0), (6, 0.0), (7, 0.0), (8, 0.0), (9, 0.0), (10, 0.0), (11, 0.0), (12, 0.0), (13, 0.0), (14, 0.0), (15, 0.0), (16, 0.0), (17, 0.0), (18, 0.0), (19, 0.0), (20, 0.0), (21, 0.0), (22, 0.0), (23, 0.0), (24, 0.0), (25, 0.0), (26, 0.0), (27, 0.0), (28, 0.0), (29, 0.0), (30, 0.0), (31, 0.0), (32, 0.0), (33, 0.0), (34, 0.0), (35, 0.0), (36, 0.0), (37, 0.0), (38, 0.0), (39, 0.0), (40, 0.0), (41, 0.0), (42, 0.0), (43, 0.0), (44, 0.0), (45, 0.0), (46, 0.0), (47, 0.0), (48, 0.0), (49, 0.0), (50, 0.0)]
INFO flwr 2026-07-19 19:07:29,881 | app.py:229 | app_fit: metrics_centralized {'mae': [(0, 78.68438039936366), (1, 40.12990957690823), (2, 20.53123955957351), (3, 19.69572291451116), (4, 19.588189890307763), (5, 20.00966594296117), (6, 19.839467625464163), (7, 20.480763216172495), (8, 20.681625520029375), (9, 20.38256792099245), (10, 20.459526161993704), (11, 20.753308580767722), (12, 20.928851742898264), (13, 21.13134692176696), (14, 21.380063145391404), (15, 22.395041173504247), (16, 22.771976840111517), (17, 21.682850495461494), (18, 22.1329198768062), (19, 22.376360593303556), (20, 21.61588994918331), (21, 22.709910527352363), (22, 23.137515967892064), (23, 22.47044704037328), (24, 22.83534154584331), (25, 22.327010654634044), (26, 22.769432806199596), (27, 22.197763773702807), (28, 22.37531303590344), (29, 22.636154144041), (30, 21.654280570245557), (31, 22.536202961398708), (32, 22.927902190916), (33, 23.342084853879868), (34, 22.46242936195866), (35, 23.04740205118733), (36, 22.99814243470469), (37, 23.68097666002089), (38, 22.910439491271973), (39, 23.21003866964771), (40, 22.929916927891394), (41, 23.47433936980463), (42, 23.24793594114242), (43, 22.761449367769302), (44, 23.071474167608446), (45, 22.72454220248807), (46, 23.261999199467322), (47, 23.001835238549017), (48, 23.390092926640666), (49, 23.018948616520053), (50, 23.34718047418902)], 'nasa_score': [(0, 1653528.0416884148), (1, 31108.885305332944), (2, 17332.18364540056), (3, 11503.459236584264), (4, 14429.999213755746), (5, 16591.599483194663), (6, 11456.198852461508), (7, 30811.34648199247), (8, 39176.40949844387), (9, 35178.632863131395), (10, 41444.083364929844), (11, 41457.249862720615), (12, 27969.07306750187), (13, 23210.346053994705), (14, 22478.326759796444), (15, 47629.639444371925), (16, 55137.08405190337), (17, 57818.14055249151), (18, 50196.38146594909), (19, 23856.05883514222), (20, 21329.04559301517), (21, 55661.9328205667), (22, 55375.564376542265), (23, 32781.225800031345), (24, 33819.531333637715), (25, 44717.0308272314), (26, 51336.56652600462), (27, 34919.33745795945), (28, 25026.507662442877), (29, 43414.7541181739), (30, 33970.35157030144), (31, 40649.61890100337), (32, 55511.71720624773), (33, 42632.29540249415), (34, 30983.41588957575), (35, 50234.00988884375), (36, 49111.571175622405), (37, 53275.92198708624), (38, 45907.54001303665), (39, 52928.490727367964), (40, 57083.76122910238), (41, 61436.51516335104), (42, 55977.19611026331), (43, 59697.70388886465), (44, 62305.445615226694), (45, 46183.370939509885), (46, 59941.02924786664), (47, 53651.36643573661), (48, 63212.812825790825), (49, 56080.1614735637), (50, 47492.38320114908)]}

FedAvg 606: {'method': 'fedavg', 'dataset': 'FD004', 'seed': 606, 'test_mae': 23.3472, 'nasa_score': 47492.38, 'comm_kb': 28900.78}

INFO flwr 2026-07-19 20:02:45,487 | app.py:225 | app_fit: losses_distributed [(1, 939.5622847234216), (2, 595.2864559469566), (3, 593.2362805800154), (4, 466.0616227710924), (5, 537.9113680769677), (6, 469.1678995503664), (7, 502.8229242491009), (8, 554.2912759517145), (9, 550.5339347346603), (10, 569.7092690416988), (11, 571.7780540198437), (12, 560.0660979576425), (13, 574.8526946532039), (14, 593.1486864080871), (15, 581.322302425998), (16, 602.7232305678032), (17, 625.9941340161652), (18, 610.5505303788402), (19, 635.0495734153188), (20, 627.0355896022551), (21, 632.6592891909728), (22, 728.087806199648), (23, 638.4466400874038), (24, 675.6212747812788), (25, 657.0819429911005), (26, 678.6457433441784), (27, 693.2092607925607), (28, 717.3151790967792), (29, 677.4763071365257), (30, 698.5616362004141), (31, 708.399631900068), (32, 724.1719320613893), (33, 750.8361257221568), (34, 738.2198346584868), (35, 743.2863441206027), (36, 717.2047274069917), (37, 727.4807665444165), (38, 757.6217930377486), (39, 729.0836815697215), (40, 749.0484465534159), (41, 717.657791488244), (42, 737.2454606352609), (43, 727.7443715320813), (44, 741.9079087434726), (45, 737.472727830719), (46, 746.3561909120425), (47, 741.4882663338227), (48, 768.4862834558376), (49, 747.742562880762), (50, 780.8232729881627)]
INFO flwr 2026-07-19 20:02:45,487 | app.py:226 | app_fit: metrics_distributed_fit {}
INFO flwr 2026-07-19 20:02:45,488 | app.py:227 | app_fit: metrics_distributed {'mae': [(1, 27.357407627345474), (2, 19.3525113195478), (3, 18.999024507665613), (4, 16.654143303340785), (5, 17.485884007510553), (6, 16.877985290061048), (7, 17.573691191753888), (8, 18.287803302743395), (9, 17.746960781247882), (10, 18.614136286695437), (11, 18.307614846595396), (12, 18.294367362040177), (13, 18.4490963521229), (14, 18.902219919172467), (15, 18.654215284297102), (16, 19.02517246383581), (17, 19.02134567776644), (18, 18.80290466411113), (19, 19.326181661757133), (20, 19.461065727898607), (21, 19.23957316014588), (22, 20.62500544011877), (23, 19.09279139650607), (24, 19.609358904854684), (25, 18.752399437965952), (26, 19.646225007003036), (27, 19.59779087541214), (28, 19.85995491599954), (29, 19.359148141259904), (30, 19.753187247029516), (31, 19.527375523766036), (32, 19.8118653367286), (33, 20.355901607187683), (34, 20.206746114359618), (35, 20.109227536403623), (36, 20.037197027384174), (37, 19.760860119519112), (38, 20.22886552880944), (39, 20.016604518849043), (40, 20.27050186706199), (41, 19.74047469282543), (42, 19.951455845727413), (43, 19.807785301059678), (44, 20.163658596149606), (45, 20.08855338259905), (46, 20.01864166540866), (47, 20.040665984763486), (48, 20.27402327561926), (49, 20.282304970485388), (50, 20.397329532836597)]}
INFO flwr 2026-07-19 20:02:45,489 | app.py:228 | app_fit: losses_centralized [(0, 0.0), (1, 0.0), (2, 0.0), (3, 0.0), (4, 0.0), (5, 0.0), (6, 0.0), (7, 0.0), (8, 0.0), (9, 0.0), (10, 0.0), (11, 0.0), (12, 0.0), (13, 0.0), (14, 0.0), (15, 0.0), (16, 0.0), (17, 0.0), (18, 0.0), (19, 0.0), (20, 0.0), (21, 0.0), (22, 0.0), (23, 0.0), (24, 0.0), (25, 0.0), (26, 0.0), (27, 0.0), (28, 0.0), (29, 0.0), (30, 0.0), (31, 0.0), (32, 0.0), (33, 0.0), (34, 0.0), (35, 0.0), (36, 0.0), (37, 0.0), (38, 0.0), (39, 0.0), (40, 0.0), (41, 0.0), (42, 0.0), (43, 0.0), (44, 0.0), (45, 0.0), (46, 0.0), (47, 0.0), (48, 0.0), (49, 0.0), (50, 0.0)]
INFO flwr 2026-07-19 20:02:45,490 | app.py:229 | app_fit: metrics_centralized {'mae': [(0, 79.75357120922736), (1, 27.90751326084137), (2, 19.140312936998182), (3, 18.890825923412077), (4, 18.92000041853997), (5, 19.379813080833806), (6, 19.002627999551834), (7, 20.04280117250258), (8, 19.542023908707403), (9, 19.749480608970888), (10, 20.428794468602828), (11, 20.360456428220196), (12, 20.503680548360272), (13, 21.10284100809405), (14, 20.81237030413843), (15, 20.847486488280758), (16, 21.298833512490795), (17, 20.64157792060606), (18, 21.27291008349388), (19, 22.02090141081041), (20, 21.804537450113603), (21, 22.2743495164379), (22, 22.039215380145656), (23, 21.79278252970788), (24, 22.445076411770238), (25, 22.196287885788948), (26, 22.529920478020944), (27, 22.496659025069206), (28, 22.555168874802128), (29, 22.131538683368312), (30, 22.361660988100112), (31, 22.396832827598818), (32, 22.22676093347611), (33, 22.896974586671398), (34, 23.232917593371482), (35, 22.56706134734615), (36, 22.501391510809622), (37, 22.477451339844734), (38, 22.52966876952879), (39, 22.67344508632537), (40, 23.715183158074655), (41, 22.77798121206222), (42, 23.094270244721443), (43, 22.592740012753396), (44, 22.982509582273423), (45, 22.836419582366943), (46, 23.018599471738263), (47, 23.11692512419916), (48, 22.79260216989825), (49, 22.67644460739628), (50, 23.089346331934774)], 'nasa_score': [(0, 1798026.5600439468), (1, 22951.86320172868), (2, 12097.467487154585), (3, 8725.006642803928), (4, 14618.648744073627), (5, 24920.376983185095), (6, 20572.865605622133), (7, 23969.95770441668), (8, 21661.58878842098), (9, 27030.21303109348), (10, 16727.798425491703), (11, 15976.012047544893), (12, 16599.635314786734), (13, 13676.120319612357), (14, 12488.949502968047), (15, 11538.698783060001), (16, 14472.900793099754), (17, 9835.778146250472), (18, 14313.483135753642), (19, 15607.91971884283), (20, 14333.577697445751), (21, 39910.713474303375), (22, 11113.943419600766), (23, 18619.708439801547), (24, 21524.016570982803), (25, 33723.920980241855), (26, 27997.319024615055), (27, 32867.49698215171), (28, 20519.989742559526), (29, 23430.806982875256), (30, 29132.820895890698), (31, 20935.613487229042), (32, 22881.703987523924), (33, 21203.532692127017), (34, 28703.095182977613), (35, 21979.720473544498), (36, 18523.86281662168), (37, 24492.696874364912), (38, 20970.412602701545), (39, 28457.042819434722), (40, 30119.18534119927), (41, 26490.018632278854), (42, 32722.92602872689), (43, 28236.55172465084), (44, 34463.76017442484), (45, 29701.779812532346), (46, 29590.16930129266), (47, 31565.92171625747), (48, 38139.22919146122), (49, 36308.61633216517), (50, 35031.38605009887)]}

FedAvg 707: {'method': 'fedavg', 'dataset': 'FD004', 'seed': 707, 'test_mae': 23.0893, 'nasa_score': 35031.39, 'comm_kb': 28900.78}

INFO flwr 2026-07-03 12:23:06,409 | app.py:225 | app_fit: losses_distributed [(1, 4243.213170955535), (2, 2540.1676426845574), (3, 1981.5157799311444), (4, 1749.689528526789), (5, 1544.0476970121729), (6, 1348.2071887485888), (7, 1316.9726437444572), (8, 1116.5623696622708), (9, 1018.8532047431042), (10, 886.760735916302), (11, 934.3274381779036), (12, 785.8937492789044), (13, 804.4749843078779), (14, 754.7885165372412), (15, 760.0532628570246), (16, 758.1461070036642), (17, 735.8719943824807), (18, 761.2044238074872), (19, 740.20699733885), (20, 765.7975062350818), (21, 770.9300990527432), (22, 755.0145969166294), (23, 758.9568030238452), (24, 736.1615741672537), (25, 737.0314734413721), (26, 743.6885969375621), (27, 728.6566596118043), (28, 755.0415868752438), (29, 733.7394938208369), (30, 734.9565459538649), (31, 710.37999354429), (32, 724.3855290281901), (33, 716.4215134387166), (34, 764.1445859033985), (35, 740.8582356996047), (36, 724.3448910386411), (37, 757.4318816208126), (38, 725.1951137564606), (39, 745.2691006072632), (40, 745.3095044495655), (41, 767.1023461417772), (42, 786.137974205758), (43, 760.6473457956022), (44, 752.039083401946), (45, 771.519690959785), (46, 790.8058538936904), (47, 740.3384780722556), (48, 772.453190789228), (49, 780.8640649777682), (50, 760.1004912798777)]
INFO flwr 2026-07-03 12:23:06,410 | app.py:226 | app_fit: metrics_distributed_fit {}
INFO flwr 2026-07-03 12:23:06,411 | app.py:227 | app_fit: metrics_distributed {'mae': [(1, 55.464318135620374), (2, 41.879291781647844), (3, 36.58606735326232), (4, 34.446344549319775), (5, 31.82981398629389), (6, 29.89731507053243), (7, 30.20436641965292), (8, 27.650111635961895), (9, 26.39056685686567), (10, 24.996806764213975), (11, 25.384497960280566), (12, 23.665873496143995), (13, 23.725866707587514), (14, 23.061133044867542), (15, 22.81694036040182), (16, 22.990198389126093), (17, 22.13243506973726), (18, 22.625405489036805), (19, 22.13394858379581), (20, 22.616630609095235), (21, 22.536840160523813), (22, 22.207291237722764), (23, 21.81859806575585), (24, 21.6549782666136), (25, 22.03895131502999), (26, 21.988567824477435), (27, 21.524693721614998), (28, 21.687134579296405), (29, 21.289938966717123), (30, 21.331771506430147), (31, 20.770655387770162), (32, 21.278115960353695), (33, 21.03680611155793), (34, 21.850074754438374), (35, 21.513989283763344), (36, 21.262897840601415), (37, 21.05126641714874), (38, 20.821472820962615), (39, 21.61252761580544), (40, 21.276530195844476), (41, 21.483450038603184), (42, 21.542128687211058), (43, 21.385878270692338), (44, 20.874790273418583), (45, 21.211600171304436), (46, 21.613767327347716), (47, 20.86227037729818), (48, 21.412415836806794), (49, 21.52900315655469), (50, 21.327942983046306)]}
INFO flwr 2026-07-03 12:23:06,411 | app.py:228 | app_fit: losses_centralized []
INFO flwr 2026-07-03 12:23:06,412 | app.py:229 | app_fit: metrics_centralized {}
INFO flwr 2026-07-19 20:59:31,934 | app.py:225 | app_fit: losses_distributed [(1, 1529.8132602875282), (2, 540.5438597340919), (3, 499.62004345962595), (4, 514.2795816421338), (5, 565.1293294950394), (6, 663.6498414394184), (7, 607.2895428908876), (8, 670.0952629272646), (9, 704.4114660038377), (10, 717.4345558073155), (11, 712.4820058743762), (12, 730.2117115186668), (13, 752.2560514365072), (14, 754.5890939175428), (15, 768.8252372690596), (16, 758.246434204832), (17, 776.4445695303865), (18, 807.6469742970094), (19, 808.8006690624006), (20, 755.4142917702217), (21, 793.2025825300844), (22, 793.37837415339), (23, 771.1419489510391), (24, 787.5242806649521), (25, 783.8521743233399), (26, 821.724170828926), (27, 799.7489330812662), (28, 797.3143519702804), (29, 874.9460103405557), (30, 809.596723121288), (31, 837.5333560862861), (32, 790.5689042488187), (33, 829.3173071031774), (34, 804.8675826722473), (35, 821.0240495904403), (36, 815.7214053590841), (37, 845.0311640154904), (38, 829.2642797136388), (39, 817.3333630178128), (40, 820.3308879678202), (41, 808.8308301923786), (42, 846.4243293360876), (43, 837.2613536510721), (44, 814.6310164409098), (45, 812.6366562267132), (46, 813.4119546802872), (47, 819.0524512540765), (48, 791.5639983621188), (49, 798.6722243509091), (50, 819.6709021714539)]
INFO flwr 2026-07-19 20:59:31,935 | app.py:226 | app_fit: metrics_distributed_fit {}
INFO flwr 2026-07-19 20:59:31,935 | app.py:227 | app_fit: metrics_distributed {'mae': [(1, 32.98808613659878), (2, 19.293976510945544), (3, 18.315984698015633), (4, 18.702406131764487), (5, 19.262749520244157), (6, 20.67370792319756), (7, 19.79972178946438), (8, 20.289480880678706), (9, 20.817363296628713), (10, 21.033860293564928), (11, 20.54852164795625), (12, 21.03018718571964), (13, 20.765440047314264), (14, 21.2400704530602), (15, 21.23317230468543), (16, 20.72082695037305), (17, 21.613528744540087), (18, 21.939187571035067), (19, 22.05302980809145), (20, 20.86144472912421), (21, 21.599843997619743), (22, 21.66881280244754), (23, 21.273558726765977), (24, 21.07790491680402), (25, 21.33610586043904), (26, 22.10203390367608), (27, 21.224659371654976), (28, 21.5665252592198), (29, 22.657226683103985), (30, 21.200512133039002), (31, 22.139507177015112), (32, 21.02074679117219), (33, 21.94809474912703), (34, 21.26055667301773), (35, 21.533845716324663), (36, 21.664585563405513), (37, 21.83541883318895), (38, 21.669139125660784), (39, 21.930131410055527), (40, 21.823512588791242), (41, 21.42198538347963), (42, 21.59039083523251), (43, 21.780886902110304), (44, 21.748392057746738), (45, 21.25641186628915), (46, 21.376440345128433), (47, 21.546132069054785), (48, 21.213523134478738), (49, 21.00273245398973), (50, 21.36364350468386)]}
INFO flwr 2026-07-19 20:59:31,936 | app.py:228 | app_fit: losses_centralized [(0, 0.0), (1, 0.0), (2, 0.0), (3, 0.0), (4, 0.0), (5, 0.0), (6, 0.0), (7, 0.0), (8, 0.0), (9, 0.0), (10, 0.0), (11, 0.0), (12, 0.0), (13, 0.0), (14, 0.0), (15, 0.0), (16, 0.0), (17, 0.0), (18, 0.0), (19, 0.0), (20, 0.0), (21, 0.0), (22, 0.0), (23, 0.0), (24, 0.0), (25, 0.0), (26, 0.0), (27, 0.0), (28, 0.0), (29, 0.0), (30, 0.0), (31, 0.0), (32, 0.0), (33, 0.0), (34, 0.0), (35, 0.0), (36, 0.0), (37, 0.0), (38, 0.0), (39, 0.0), (40, 0.0), (41, 0.0), (42, 0.0), (43, 0.0), (44, 0.0), (45, 0.0), (46, 0.0), (47, 0.0), (48, 0.0), (49, 0.0), (50, 0.0)]
INFO flwr 2026-07-19 20:59:31,937 | app.py:229 | app_fit: metrics_centralized {'mae': [(0, 77.72443753144434), (1, 36.66245197480725), (2, 19.86158246378745), (3, 19.15568756672644), (4, 19.952232987649978), (5, 20.331771677540196), (6, 20.87994691248863), (7, 21.20833085044738), (8, 21.00554306660929), (9, 21.296415871189488), (10, 21.479804119756146), (11, 21.592034770596413), (12, 21.8171492392017), (13, 21.812732569632992), (14, 22.191171969136885), (15, 22.218340393035643), (16, 21.829975593474604), (17, 22.560534111915096), (18, 22.827323344445997), (19, 22.825546779940204), (20, 22.12499333966163), (21, 22.551722980314686), (22, 22.743963910687356), (23, 22.06140249775302), (24, 22.004633811212354), (25, 22.618234042198427), (26, 22.98868793056857), (27, 22.310317723981797), (28, 22.52790862514127), (29, 22.92305028054022), (30, 22.82570065990571), (31, 22.511255510391727), (32, 22.29126856403966), (33, 22.477367162704468), (34, 22.585082092592792), (35, 22.44698783659166), (36, 22.839694438442105), (37, 23.252537873483472), (38, 22.29765752823122), (39, 22.79305185810212), (40, 22.39118334554857), (41, 22.85633578608113), (42, 23.33190648017391), (43, 22.95778258385197), (44, 22.57001559965072), (45, 23.327039457136586), (46, 23.233959121088827), (47, 22.88660204795099), (48, 22.99363411626508), (49, 22.993616165653354), (50, 22.702400469010875)], 'nasa_score': [(0, 1533364.9945639835), (1, 187626.65780344722), (2, 5680.408390628154), (3, 5476.279794301771), (4, 7617.845778774842), (5, 7805.415838874459), (6, 7872.914339027712), (7, 12748.96257812345), (8, 9199.868658584617), (9, 10565.407952562568), (10, 15383.147178350804), (11, 14132.9507016653), (12, 12468.511860406885), (13, 14614.443507419055), (14, 13418.141561300872), (15, 13700.437371803113), (16, 12874.538218858803), (17, 13577.86068114562), (18, 14137.433757101206), (19, 10265.002632034664), (20, 16501.418666748625), (21, 18198.30910557583), (22, 14416.530556529824), (23, 14537.866047894551), (24, 12645.883019814379), (25, 13777.683554107869), (26, 13472.926288862833), (27, 14070.640893224372), (28, 12895.121019810518), (29, 11553.214053356798), (30, 17121.94112842528), (31, 12306.048476213977), (32, 13402.786121841802), (33, 11424.528359292139), (34, 15161.633616749103), (35, 15159.79742625149), (36, 13010.026612247504), (37, 23178.82925680445), (38, 14085.42608374554), (39, 12001.223056632254), (40, 11195.961802847472), (41, 15376.22623454959), (42, 20554.697321831267), (43, 16272.651423478132), (44, 15652.05901538497), (45, 20488.40473310342), (46, 19450.08410738049), (47, 15107.278913189475), (48, 14199.99999808925), (49, 23407.371661747453), (50, 14762.112239682796)]}

FedAvg 808: {'method': 'fedavg', 'dataset': 'FD004', 'seed': 808, 'test_mae': 22.7024, 'nasa_score': 14762.11, 'comm_kb': 28900.78}

FedPer 42: {'method': 'fedper', 'dataset': 'FD004', 'seed': 42, 'test_mae': 21.8379, 'nasa_score': 59686.66, 'comm_kb': 27650.0}

INFO flwr 2026-07-08 12:09:27,763 | app.py:225 | app_fit: losses_distributed [(1, 5213.073552390698), (2, 2897.098016179302), (3, 2675.742162689646), (4, 1917.1639534883232), (5, 1504.0169283551186), (6, 1211.6396550405955), (7, 1027.9611059026465), (8, 879.0985442266792), (9, 867.0361634512842), (10, 898.7482528304461), (11, 803.333884717269), (12, 784.7292332228468), (13, 718.6634797781495), (14, 701.5622025708669), (15, 664.4184244215498), (16, 711.4528522916335), (17, 689.590132995089), (18, 695.817045664668), (19, 636.5460846152789), (20, 694.6015441715357), (21, 651.769386456186), (22, 650.3118473475223), (23, 706.8966184341729), (24, 634.3140977646399), (25, 637.1547671703246), (26, 614.0657987283355), (27, 702.4407014472973), (28, 656.553768041364), (29, 691.3536838326629), (30, 655.014364393732), (31, 661.4658111904265), (32, 646.2942938115432), (33, 636.9024661944703), (34, 664.199444767684), (35, 656.9951913234504), (36, 640.9617147602127), (37, 663.5993104281563), (38, 634.1675178423753), (39, 661.5063399464906), (40, 675.0615307520222), (41, 676.2911672643214), (42, 665.9564501249076), (43, 650.330724274509), (44, 678.641904161335), (45, 665.2510352262333), (46, 690.9197741564311), (47, 676.36706473934), (48, 696.80199964494), (49, 679.3911192361564), (50, 701.1875785257178)]
INFO flwr 2026-07-08 12:09:27,765 | app.py:226 | app_fit: metrics_distributed_fit {}
INFO flwr 2026-07-08 12:09:27,765 | app.py:227 | app_fit: metrics_distributed {'mae': [(1, 61.99916700146767), (2, 44.80361490870485), (3, 42.36945311925589), (4, 36.20270913706565), (5, 31.851783141800002), (6, 28.735100908531383), (7, 26.631999454356663), (8, 25.068611102366855), (9, 24.549235179745004), (10, 24.843816967007204), (11, 23.343593789760856), (12, 22.70252581125219), (13, 22.181467231166856), (14, 21.59707237899746), (15, 21.28970882160185), (16, 21.82230742939847), (17, 21.18106856878877), (18, 21.84466019098344), (19, 20.631055907498286), (20, 21.320497721634347), (21, 20.7075126773437), (22, 20.509373996855167), (23, 21.418406252168534), (24, 19.887584459182616), (25, 20.308486986893115), (26, 19.969195066348934), (27, 21.24559188724861), (28, 20.072257317444386), (29, 21.11152312266067), (30, 20.148620365691542), (31, 20.300682102454346), (32, 20.18529830969506), (33, 19.78680469244178), (34, 20.558574167645837), (35, 20.13166052334627), (36, 19.819700937200306), (37, 20.14776737688737), (38, 19.447402958218618), (39, 19.908257706262887), (40, 19.95337823305573), (41, 20.06664271001432), (42, 19.788356066779386), (43, 19.8074022557241), (44, 20.290605198388025), (45, 19.903014660128616), (46, 20.09725906119777), (47, 19.972569907973455), (48, 20.37815015803057), (49, 20.03603825876285), (50, 19.947618059287766)]}
INFO flwr 2026-07-08 12:09:27,766 | app.py:228 | app_fit: losses_centralized []
INFO flwr 2026-07-08 12:09:27,767 | app.py:229 | app_fit: metrics_centralized {}
I0000 00:00:1783512568.451155     165 cuda_dnn.cc:529] Loaded cuDNN version 91002

WARNING:tensorflow:5 out of the last 17 calls to <function TensorFlowTrainer.make_predict_function.<locals>.one_step_on_data_distributed at 0x7b87b81128e0> triggered tf.function retracing. Tracing is expensive and the excessive number of tracings could be due to (1) creating @tf.function repeatedly in a loop, (2) passing tensors with different shapes, (3) passing Python objects instead of tensors. For (1), please define your @tf.function outside of the loop. For (2), @tf.function has reduce_retracing=True option that can avoid unnecessary retracing. For (3), please refer to https://www.tensorflow.org/guide/function#controlling_retracing and https://www.tensorflow.org/api_docs/python/tf/function for  more details.
WARNING:tensorflow:5 out of the last 17 calls to <function TensorFlowTrainer.make_predict_function.<locals>.one_step_on_data_distributed at 0x7b871417b740> triggered tf.function retracing. Tracing is expensive and the excessive number of tracings could be due to (1) creating @tf.function repeatedly in a loop, (2) passing tensors with different shapes, (3) passing Python objects instead of tensors. For (1), please define your @tf.function outside of the loop. For (2), @tf.function has reduce_retracing=True option that can avoid unnecessary retracing. For (3), please refer to https://www.tensorflow.org/guide/function#controlling_retracing and https://www.tensorflow.org/api_docs/python/tf/function for  more details.
FedPer 101: {'method': 'fedper', 'dataset': 'FD004', 'seed': 101, 'test_mae': 21.5991, 'nasa_score': 63286.74, 'comm_kb': 27650.0}

INFO flwr 2026-07-08 12:59:50,872 | app.py:225 | app_fit: losses_distributed [(1, 5151.738626509601), (2, 3755.175371018233), (3, 2790.085707277048), (4, 2161.8883457133475), (5, 1813.0317575691422), (6, 1451.7164730156921), (7, 1334.044295493363), (8, 1155.2267879455865), (9, 1034.3156367431088), (10, 1078.5804514329147), (11, 942.3678729079976), (12, 838.2758075796132), (13, 842.9223425198572), (14, 804.9016732209046), (15, 839.0741453282296), (16, 796.7094970726148), (17, 776.6483056044318), (18, 736.9949240783438), (19, 746.2949528357794), (20, 717.4835991616611), (21, 680.4617536380039), (22, 727.2401793892543), (23, 710.0821031867581), (24, 701.5420934273494), (25, 697.837108633645), (26, 696.5168058840745), (27, 708.36939936249), (28, 730.6398891706549), (29, 715.917086836888), (30, 743.4678268634073), (31, 761.2652998628907), (32, 716.4667093628805), (33, 708.8627693294264), (34, 767.5018760079665), (35, 721.7638763232035), (36, 745.1562169786221), (37, 728.8488958841538), (38, 723.2613793325982), (39, 727.9244614194267), (40, 733.9488946834811), (41, 764.1833197997679), (42, 759.8905801791059), (43, 741.048053040679), (44, 724.0952369692819), (45, 727.9606610977709), (46, 746.6407427649281), (47, 762.5596662569568), (48, 769.1658766785014), (49, 741.2650626811024), (50, 747.0539030911832)]
INFO flwr 2026-07-08 12:59:50,873 | app.py:226 | app_fit: metrics_distributed_fit {}
INFO flwr 2026-07-08 12:59:50,874 | app.py:227 | app_fit: metrics_distributed {'mae': [(1, 61.17148250204264), (2, 52.279206911962646), (3, 43.32984003234656), (4, 37.71513721170357), (5, 34.08422375588721), (6, 30.60780963174625), (7, 29.363954744982927), (8, 27.604602374836258), (9, 26.663361406200384), (10, 26.70501506072267), (11, 25.119924931470425), (12, 23.96068108014366), (13, 23.90693728728638), (14, 23.352507240679614), (15, 23.64126770472086), (16, 23.104358962507618), (17, 22.643551572679527), (18, 21.96874394447387), (19, 21.89672855627577), (20, 21.711535001961252), (21, 21.10159489668706), (22, 21.628025818662525), (23, 21.42243682245451), (24, 21.21656055605128), (25, 21.34683288227428), (26, 21.063200200741715), (27, 21.444526097496606), (28, 21.397667507637856), (29, 21.32020761291291), (30, 21.564437244038274), (31, 21.969285519246288), (32, 21.085773837831685), (33, 20.873850748521882), (34, 21.60267268464683), (35, 20.94928312589429), (36, 21.53495536305598), (37, 21.195117133466848), (38, 21.121513872675425), (39, 20.898358709809465), (40, 20.72348114320891), (41, 21.6169165408373), (42, 21.564619570846872), (43, 20.963144777046875), (44, 20.616246905159564), (45, 20.535542786683465), (46, 21.100148000073226), (47, 21.41860428471603), (48, 21.18538489444262), (49, 20.81211519726984), (50, 21.07889511035731)]}
INFO flwr 2026-07-08 12:59:50,874 | app.py:228 | app_fit: losses_centralized []
INFO flwr 2026-07-08 12:59:50,875 | app.py:229 | app_fit: metrics_centralized {}

FedPer 202: {'method': 'fedper', 'dataset': 'FD004', 'seed': 202, 'test_mae': 21.2135, 'nasa_score': 15891.62, 'comm_kb': 27650.0}
INFO flwr 2026-07-08 13:52:52,841 | app.py:225 | app_fit: losses_distributed [(1, 3298.1399805909696), (2, 1945.5095050678024), (3, 1265.8224073590022), (4, 973.0164592216594), (5, 776.5255193652105), (6, 738.4470366021008), (7, 800.8923020135788), (8, 797.8875344205065), (9, 733.3158401976325), (10, 690.5508341301014), (11, 734.4484850186318), (12, 714.0504033441176), (13, 742.4828179061839), (14, 767.8916144817678), (15, 714.7392788176218), (16, 722.4318102575942), (17, 740.32883175368), (18, 722.4684079987163), (19, 733.8756109743703), (20, 675.9914119979297), (21, 725.5603337416823), (22, 762.3779181788651), (23, 760.4852699374271), (24, 763.5539359254569), (25, 749.6392103641336), (26, 732.1262983358407), (27, 748.4339190632307), (28, 785.2853460040742), (29, 768.1592737367884), (30, 783.8274585691273), (31, 825.4527172579018), (32, 734.9191443341659), (33, 757.2374704927544), (34, 770.9088651004022), (35, 763.9297810222972), (36, 796.3051736253772), (37, 776.3806054983467), (38, 739.3343559889275), (39, 740.4767176429992), (40, 759.4016099760468), (41, 752.088723302948), (42, 753.7373598884917), (43, 773.87403163514), (44, 750.2630072114107), (45, 767.0220471270188), (46, 740.1310198837273), (47, 774.361912153621), (48, 746.6630735292539), (49, 754.9286295626148), (50, 738.2663372365172)]
INFO flwr 2026-07-08 13:52:52,841 | app.py:226 | app_fit: metrics_distributed_fit {}
INFO flwr 2026-07-08 13:52:52,842 | app.py:227 | app_fit: metrics_distributed {'mae': [(1, 49.729505895591004), (2, 37.48928021161984), (3, 29.906942976388176), (4, 26.659533523128395), (5, 23.56976548918001), (6, 22.91992877196334), (7, 23.424226777000033), (8, 23.493916607684913), (9, 22.5906764959844), (10, 21.52231319982428), (11, 22.596350749541635), (12, 22.07330458421639), (13, 22.295979957440835), (14, 22.4482070499329), (15, 21.585747049592165), (16, 21.63707414214864), (17, 22.01533911828281), (18, 21.324525474150434), (19, 21.565288272220887), (20, 20.620471475262843), (21, 21.2330805367457), (22, 21.89227629398231), (23, 22.211644554437612), (24, 21.993352365518728), (25, 21.769444020156687), (26, 21.309991427331244), (27, 21.474718386977624), (28, 22.369253460491347), (29, 21.87826058204607), (30, 22.076686608610448), (31, 22.569415521813003), (32, 21.042880464178218), (33, 21.576837416242476), (34, 21.774973231378326), (35, 21.28264649975223), (36, 22.2571398969431), (37, 21.722483004488996), (38, 20.816734143125228), (39, 21.303723148956113), (40, 21.124121704547377), (41, 20.88458061002009), (42, 21.014335390952958), (43, 21.40159795439391), (44, 20.96366461563044), (45, 21.29722303306996), (46, 20.75809137463133), (47, 20.867762694699007), (48, 20.649996770482485), (49, 20.665320409065803), (50, 20.51727818087011)]}
INFO flwr 2026-07-08 13:52:52,843 | app.py:228 | app_fit: losses_centralized []
INFO flwr 2026-07-08 13:52:52,843 | app.py:229 | app_fit: metrics_centralized {}

FedPer 303: {'method': 'fedper', 'dataset': 'FD004', 'seed': 303, 'test_mae': 23.4532, 'nasa_score': 16838INFO flwr 2026-07-08 14:41:09,131 | app.py:225 | app_fit: losses_distributed [(1, 6686.083542933358), (2, 3417.4498056817583), (3, 2995.7130421239954), (4, 2873.1572377251036), (5, 2471.843020531255), (6, 2127.7484842632143), (7, 2014.1614695263427), (8, 1758.1316182667265), (9, 1558.7220822139564), (10, 1524.1835494473473), (11, 1278.1007071412569), (12, 1176.9058682480727), (13, 1124.2374959682363), (14, 1035.440889942519), (15, 951.1221960200654), (16, 834.8462128278453), (17, 858.7712176925286), (18, 847.1116692229295), (19, 772.7013304717692), (20, 700.0342528145268), (21, 692.061229789188), (22, 684.7349056940134), (23, 619.5333609777857), (24, 629.5761700221674), (25, 661.0643324143816), (26, 642.9480103838896), (27, 615.2652904724999), (28, 649.252921649057), (29, 641.4120678829519), (30, 639.5277036042964), (31, 656.4463242492162), (32, 631.8572893803663), (33, 628.0977419249792), (34, 644.918530811044), (35, 654.4301817416699), (36, 632.9696831321039), (37, 661.5012991492066), (38, 682.5346736099126), (39, 647.7640146005717), (40, 649.9625512829857), (41, 642.6034092496049), (42, 649.708497068625), (43, 654.6882768299965), (44, 653.3155493234755), (45, 659.9847774979513), (46, 662.1957372747002), (47, 655.2097001983454), (48, 667.0117920651606), (49, 663.010100135397), (50, 659.8502036753312)]
INFO flwr 2026-07-08 14:41:09,132 | app.py:226 | app_fit: metrics_distributed_fit {}
INFO flwr 2026-07-08 14:41:09,132 | app.py:227 | app_fit: metrics_distributed {'mae': [(1, 70.96746925191525), (2, 47.166761192187806), (3, 43.82306372052639), (4, 43.214174757889225), (5, 39.97973142310701), (6, 34.7726959718091), (7, 35.17427684061331), (8, 32.753422978167976), (9, 30.615490684815708), (10, 31.45224137647384), (11, 28.456479786089506), (12, 27.351103843583495), (13, 26.44613233370668), (14, 25.24359139713777), (15, 24.62591462818547), (16, 23.366246659043526), (17, 23.709344277042508), (18, 23.573698699084616), (19, 22.539487187046884), (20, 21.409548390497342), (21, 21.68946620439472), (22, 20.74872680042651), (23, 20.228837333392722), (24, 20.26147071824839), (25, 20.57515841725829), (26, 20.196154950735348), (27, 19.91305611117096), (28, 20.333145083700543), (29, 20.253439088725564), (30, 20.128467544492953), (31, 20.282407102330076), (32, 20.121597404415844), (33, 19.68932354091685), (34, 20.08805937903319), (35, 20.744012948087324), (36, 19.819928390877774), (37, 20.19820827763481), (38, 20.556166247120757), (39, 19.55100340926044), (40, 19.578991374010997), (41, 19.514710172011476), (42, 19.479192909961903), (43, 19.900827666342693), (44, 19.82231345213219), (45, 19.76079419437311), (46, 19.906151529964546), (47, 19.5660554455437), (48, 19.96471902229798), (49, 19.706763134968295), (50, 19.92570969609931)]}
INFO flwr 2026-07-08 14:41:09,133 | app.py:228 | app_fit: losses_centralized []
INFO flwr 2026-07-08 14:41:09,134 | app.py:229 | app_fit: metrics_centralized {}

FedPer 2026: {'method': 'fedper', 'dataset': 'FD004', 'seed': 2026, 'test_mae': 22.5931, 'nasa_score': 41220.06, 'comm_kb': 27650.0}
0.87, 'comm_kb': 27650.0}    
  [Round 1] Val NASA per client: [455414.3, 44843.4, 32562.6, 29145.4]
  [Round 2] Val NASA per client: [239685.2, 39278.1, 39366.3, 17850.6]
  [Round 3] Val NASA per client: [80990.0, 46515.1, 33342.6, 17787.1]
  [Round 4] Val NASA per client: [48330.9, 43839.0, 43510.9, 18516.0]
  ⚠️ Spectral produced invalid clusters {0: 3, 1: 1}. Falling back to KMeans.
  KMeans fallback result: {0: 2, 1: 2}
  [Round 5] Re-clustered. Changes: {1: (0, 1), 2: (1, 0)}
  [Round 5] Assignments: {'0': 0, '1': 1, '2': 0, '3': 1}
  [Round 5] Cluster 0 val NASA: 65201.40
  [Round 5] Cluster 1 val NASA: 34852.85
  [Round 5] Val NASA per client: [84460.3, 57663.7, 45942.5, 12042.0]
  [Round 6] Val NASA per client: [97642.7, 50074.2, 25612.7, 15228.7]
  [Round 7] Val NASA per client: [50584.9, 47728.7, 31253.4, 13474.7]
  [Round 8] Val NASA per client: [167451.6, 57990.3, 32030.1, 12732.8]
  [Round 9] Val NASA per client: [63127.6, 38367.6, 25606.2, 13352.0]
  ⚠️ Spectral produced invalid clusters {0: 3, 1: 1}. Falling back to KMeans.
  KMeans fallback result: {1: 3, 0: 1}
  [Round 10] Re-clustered. Changes: {0: (0, 1), 1: (1, 0), 2: (0, 1)}
  [Round 10] Assignments: {'0': 1, '1': 0, '2': 1, '3': 1}
  [Round 10] Cluster 0 val NASA: 47341.45
  [Round 10] Cluster 1 val NASA: 35994.78
  [Round 10] Val NASA per client: [68609.4, 47341.5, 23649.7, 15725.2]
  [Round 11] Val NASA per client: [40655.8, 49176.7, 25129.5, 14922.7]
  [Round 12] Val NASA per client: [39325.2, 49563.1, 28095.3, 19823.1]
  [Round 13] Val NASA per client: [51646.9, 53169.2, 25799.9, 20743.8]
  [Round 14] Val NASA per client: [51866.6, 62488.4, 26742.7, 28106.9]
  [Round 15] Re-clustered. Changes: {0: (1, 0), 1: (0, 1), 2: (1, 0)}
  [Round 15] Assignments: {'0': 0, '1': 1, '2': 0, '3': 1}
  [Round 15] Cluster 0 val NASA: 54849.27
  [Round 15] Cluster 1 val NASA: 35191.33
  [Round 15] Val NASA per client: [70012.2, 47628.4, 39686.3, 22754.2]
  [Round 16] Val NASA per client: [50370.5, 49827.1, 25294.1, 24531.5]
  [Round 17] Val NASA per client: [66533.4, 41491.9, 23224.4, 16146.8]
  [Round 18] Val NASA per client: [41411.0, 64332.4, 51109.6, 19085.0]
  [Round 19] Val NASA per client: [97374.8, 84151.5, 31167.6, 14321.1]
  ⚠️ Spectral produced invalid clusters {0: 3, 1: 1}. Falling back to KMeans.
  KMeans fallback result: {1: 2, 0: 2}
  [Round 20] Re-clustered. Changes: {0: (0, 1), 1: (1, 0)}
  [Round 20] Assignments: {'0': 1, '1': 0, '2': 0, '3': 1}
  [Round 20] Cluster 0 val NASA: 62547.05
  [Round 20] Cluster 1 val NASA: 49848.41
  [Round 20] Val NASA per client: [78686.7, 98354.7, 26739.4, 21010.1]
  [Round 21] Val NASA per client: [86794.5, 79690.5, 24469.0, 49143.7]
  [Round 22] Val NASA per client: [110826.4, 51910.8, 35192.0, 14935.6]
  [Round 23] Val NASA per client: [99916.0, 76907.0, 43087.6, 32060.0]
  [Round 24] Val NASA per client: [117987.2, 56183.9, 38529.8, 25442.0]
  ⚠️ Spectral produced invalid clusters {1: 3, 0: 1}. Falling back to KMeans.
  KMeans fallback result: {0: 2, 1: 2}
  [Round 25] Re-clustered. Changes: {0: (1, 0), 1: (0, 1)}
  [Round 25] Assignments: {'0': 0, '1': 1, '2': 0, '3': 1}
  [Round 25] Cluster 0 val NASA: 82078.27
  [Round 25] Cluster 1 val NASA: 40876.93
  [Round 25] Val NASA per client: [129941.9, 41536.5, 34214.7, 40217.3]
  [Round 26] Val NASA per client: [62052.0, 81480.3, 34227.6, 33873.3]
  [Round 27] Val NASA per client: [61509.7, 78979.7, 40334.5, 21998.1]
  [Round 28] Val NASA per client: [81789.7, 86734.1, 34506.2, 71614.2]
  [Round 29] Val NASA per client: [154607.7, 103802.7, 49301.4, 120481.0]
  [Round 30] Re-clustered. Changes: {2: (0, 1), 3: (1, 0)}
  [Round 30] Assignments: {'0': 0, '1': 1, '2': 1, '3': 0}
  [Round 30] Cluster 0 val NASA: 71088.71
  [Round 30] Cluster 1 val NASA: 84033.56
  [Round 30] Val NASA per client: [90627.7, 123968.3, 44098.9, 51549.7]
  [Round 31] Val NASA per client: [75821.6, 91215.8, 49896.6, 17539.2]
  [Round 32] Val NASA per client: [96708.2, 74284.0, 55564.4, 17906.1]
  [Round 33] Val NASA per client: [97718.5, 113593.4, 38053.3, 23321.8]
  [Round 34] Val NASA per client: [94692.3, 121988.4, 54123.9, 29161.7]
  [Round 35] Re-clustered. Changes: {2: (1, 0), 3: (0, 1)}
  [Round 35] Assignments: {'0': 0, '1': 1, '2': 0, '3': 1}
  [Round 35] Cluster 0 val NASA: 103682.16
  [Round 35] Cluster 1 val NASA: 73741.13
  [Round 35] Val NASA per client: [144323.7, 118432.7, 63040.7, 29049.6]
  [Round 36] Val NASA per client: [150966.4, 150914.6, 42302.6, 28721.7]
  [Round 37] Val NASA per client: [97408.3, 96924.7, 47554.3, 33161.7]
  [Round 38] Val NASA per client: [98580.5, 130868.2, 36833.0, 37289.2]
  [Round 39] Val NASA per client: [129179.5, 101162.9, 89327.6, 78510.0]
  [Round 40] Re-clustered. Changes: {2: (0, 1), 3: (1, 0)}
  [Round 40] Assignments: {'0': 0, '1': 1, '2': 1, '3': 0}
  [Round 40] Cluster 0 val NASA: 81217.09
  [Round 40] Cluster 1 val NASA: 98928.90
  [Round 40] Val NASA per client: [95808.6, 125065.2, 72792.6, 66625.6]
  [Round 41] Val NASA per client: [176811.1, 105155.0, 57986.5, 23232.5]
  [Round 42] Val NASA per client: [119103.7, 164221.2, 54170.8, 63202.8]
  [Round 43] Val NASA per client: [134211.2, 127595.3, 65389.8, 23329.3]
  [Round 44] Val NASA per client: [234881.9, 158830.1, 41379.9, 27252.5]
  [Round 45] Re-clustered. Changes: {1: (1, 0), 3: (0, 1)}
  [Round 45] Assignments: {'0': 0, '1': 0, '2': 1, '3': 1}
  [Round 45] Cluster 0 val NASA: 117888.43
  [Round 45] Cluster 1 val NASA: 68543.71
  [Round 45] Val NASA per client: [136266.5, 99510.3, 82335.6, 54751.8]
  [Round 46] Val NASA per client: [147983.7, 111431.4, 54501.8, 36400.3]
  [Round 47] Val NASA per client: [131904.3, 110282.7, 66640.0, 81174.6]
  [Round 48] Val NASA per client: [128325.7, 161982.1, 48138.3, 59266.0]
  [Round 49] Val NASA per client: [145631.5, 111961.7, 59537.3, 53608.9]
  [Round 50] Val NASA per client: [125416.9, 186313.4, 55531.9, 75457.8]
WARNING:tensorflow:5 out of the last 80 calls to <function TensorFlowTrainer.make_predict_function.<locals>.one_step_on_data_distributed at 0x782227185260> triggered tf.function retracing. Tracing is expensive and the excessive number of tracings could be due to (1) creating @tf.function repeatedly in a loop, (2) passing tensors with different shapes, (3) passing Python objects instead of tensors. For (1), please define your @tf.function outside of the loop. For (2), @tf.function has reduce_retracing=True option that can avoid unnecessary retracing. For (3), please refer to https://www.tensorflow.org/guide/function#controlling_retracing and https://www.tensorflow.org/api_docs/python/tf/function for  more details.
WARNING:tensorflow:5 out of the last 17 calls to <function TensorFlowTrainer.make_predict_function.<locals>.one_step_on_data_distributed at 0x782224bd7100> triggered tf.function retracing. Tracing is expensive and the excessive number of tracings could be due to (1) creating @tf.function repeatedly in a loop, (2) passing tensors with different shapes, (3) passing Python objects instead of tensors. For (1), please define your @tf.function outside of the loop. For (2), @tf.function has reduce_retracing=True option that can avoid unnecessary retracing. For (3), please refer to https://www.tensorflow.org/guide/function#controlling_retracing and https://www.tensorflow.org/api_docs/python/tf/function for  more details.

  [Final] MAE: 20.0837 | NASA: 7367.83
AC-PFL: {'method': 'acpfl', 'dataset': 'FD004', 'seed': 42, 'test_mae': 20.0837, 'nasa_score': 7367.83, 'comm_kb': 27650.0}
  [Round 1] Val NASA per client: [162931.2, 47689.9, 310980.4, 127875.0]
  [Round 2] Val NASA per client: [71945.3, 55577.5, 49235.4, 69312.8]
  [Round 3] Val NASA per client: [60940.7, 60294.2, 39324.4, 29601.6]
  [Round 4] Val NASA per client: [62840.3, 50992.1, 44580.6, 28886.9]
  [Round 5] Re-clustered. Changes: {1: (0, 1), 2: (1, 0)}
  [Round 5] Assignments: {'0': 0, '1': 1, '2': 0, '3': 1}
  [Round 5] Cluster 0 val NASA: 37590.88
  [Round 5] Cluster 1 val NASA: 42548.93
  [Round 5] Val NASA per client: [41826.2, 56819.7, 33355.6, 28278.2]
  [Round 6] Val NASA per client: [85048.6, 51055.5, 28176.9, 30771.4]
  [Round 7] Val NASA per client: [58542.0, 55256.2, 24007.5, 24708.1]
  [Round 8] Val NASA per client: [55333.5, 38880.6, 23615.1, 19386.7]
  [Round 9] Val NASA per client: [59606.6, 39843.2, 42936.3, 23496.2]
  ⚠️ Spectral produced invalid clusters {0: 1, 1: 3}. Falling back to KMeans.
  KMeans fallback result: {0: 1, 1: 3}
  [Round 10] Re-clustered. Changes: {2: (0, 1)}
  [Round 10] Assignments: {'0': 0, '1': 1, '2': 1, '3': 1}
  [Round 10] Cluster 0 val NASA: 49376.13
  [Round 10] Cluster 1 val NASA: 28279.00
  [Round 10] Val NASA per client: [49376.1, 33606.1, 30804.2, 20426.6]
  [Round 11] Val NASA per client: [66260.0, 47388.3, 25726.9, 22109.7]
  [Round 12] Val NASA per client: [49499.2, 33646.8, 21581.3, 18561.4]
  [Round 13] Val NASA per client: [65755.3, 38096.6, 21890.5, 21244.8]
  [Round 14] Val NASA per client: [90800.0, 35662.0, 25528.6, 21734.1]
  [Round 15] Re-clustered. Changes: {3: (1, 0)}
  [Round 15] Assignments: {'0': 0, '1': 1, '2': 1, '3': 0}
  [Round 15] Cluster 0 val NASA: 56936.69
  [Round 15] Cluster 1 val NASA: 34127.79
  [Round 15] Val NASA per client: [91582.7, 41284.8, 26970.7, 22290.7]
  [Round 16] Val NASA per client: [98666.8, 60161.6, 28015.5, 40062.0]
  [Round 17] Val NASA per client: [91544.2, 52352.7, 31478.2, 27864.2]
  [Round 18] Val NASA per client: [90701.4, 38815.4, 25428.6, 42023.1]
  [Round 19] Val NASA per client: [99258.6, 44646.0, 25929.5, 39973.2]
  ⚠️ Spectral produced invalid clusters {1: 3, 0: 1}. Falling back to KMeans.
  KMeans fallback result: {0: 2, 1: 2}
  [Round 20] Re-clustered. Changes: {1: (1, 0), 3: (0, 1)}
  [Round 20] Assignments: {'0': 0, '1': 0, '2': 1, '3': 1}
  [Round 20] Cluster 0 val NASA: 60933.96
  [Round 20] Cluster 1 val NASA: 39080.52
  [Round 20] Val NASA per client: [83429.2, 38438.7, 32926.3, 45234.8]
  [Round 21] Val NASA per client: [74868.9, 66779.7, 36942.4, 49518.9]
  [Round 22] Val NASA per client: [80834.8, 109478.0, 33659.5, 32460.0]
  [Round 23] Val NASA per client: [96827.0, 83955.1, 37020.8, 24483.3]
  [Round 24] Val NASA per client: [133221.9, 129888.3, 43225.1, 21114.3]
  ⚠️ Spectral produced invalid clusters {0: 3, 1: 1}. Falling back to KMeans.
  KMeans fallback result: {0: 2, 1: 2}
  [Round 25] Re-clustered. Changes: {1: (0, 1), 2: (1, 0)}
  [Round 25] Assignments: {'0': 0, '1': 1, '2': 0, '3': 1}
  [Round 25] Cluster 0 val NASA: 52569.01
  [Round 25] Cluster 1 val NASA: 107422.95
  [Round 25] Val NASA per client: [69791.3, 190064.2, 35346.7, 24781.7]
  [Round 26] Val NASA per client: [58753.9, 71737.2, 57123.1, 44703.9]
  [Round 27] Val NASA per client: [68428.6, 49892.6, 86586.0, 38568.6]
  [Round 28] Val NASA per client: [94145.4, 51679.2, 105290.2, 42014.4]
  [Round 29] Val NASA per client: [112270.8, 68485.8, 73632.5, 51774.2]
  [Round 30] Re-clustered. Changes: {2: (0, 1), 3: (1, 0)}
  [Round 30] Assignments: {'0': 0, '1': 1, '2': 1, '3': 0}
  [Round 30] Cluster 0 val NASA: 84132.73
  [Round 30] Cluster 1 val NASA: 81118.98
  [Round 30] Val NASA per client: [135871.4, 93107.1, 69130.9, 32394.1]
  [Round 31] Val NASA per client: [59496.8, 76121.5, 43782.4, 74688.1]
  [Round 32] Val NASA per client: [110252.1, 97618.5, 68078.6, 124592.5]
  [Round 33] Val NASA per client: [93791.9, 74082.6, 77861.7, 89254.3]
  [Round 34] Val NASA per client: [75007.2, 68156.9, 47947.3, 80222.2]
  ⚠️ Spectral produced invalid clusters {0: 3, 1: 1}. Falling back to KMeans.
  KMeans fallback result: {0: 2, 1: 2}
  [Round 35] Re-clustered. Changes: {1: (1, 0), 3: (0, 1)}
  [Round 35] Assignments: {'0': 0, '1': 0, '2': 1, '3': 1}
  [Round 35] Cluster 0 val NASA: 84211.51
  [Round 35] Cluster 1 val NASA: 109123.52
  [Round 35] Val NASA per client: [98466.1, 69957.0, 80643.6, 137603.5]
  [Round 36] Val NASA per client: [66936.2, 123093.9, 114856.4, 23515.1]
  [Round 37] Val NASA per client: [96212.2, 119316.3, 69435.7, 32579.2]
  [Round 38] Val NASA per client: [70342.1, 129089.4, 82725.4, 34334.7]
  [Round 39] Val NASA per client: [87379.4, 114325.1, 73167.3, 43338.3]
  ⚠️ Spectral produced invalid clusters {0: 1, 1: 3}. Falling back to KMeans.
  KMeans fallback result: {0: 2, 1: 2}
  [Round 40] Re-clustered. Changes: {1: (0, 1), 2: (1, 0)}
  [Round 40] Assignments: {'0': 0, '1': 1, '2': 0, '3': 1}
  [Round 40] Cluster 0 val NASA: 80477.55
  [Round 40] Cluster 1 val NASA: 80583.82
  [Round 40] Val NASA per client: [87365.2, 117549.5, 73589.9, 43618.1]
  [Round 41] Val NASA per client: [72886.8, 62376.5, 70517.0, 57984.1]
  [Round 42] Val NASA per client: [123915.1, 113597.3, 65931.1, 35472.6]
  [Round 43] Val NASA per client: [83758.0, 93153.9, 84232.5, 41434.9]
  [Round 44] Val NASA per client: [63621.6, 83970.0, 144967.0, 58665.3]
  [Round 45] Re-clustered. Changes: {2: (0, 1), 3: (1, 0)}
  [Round 45] Assignments: {'0': 0, '1': 1, '2': 1, '3': 0}
  [Round 45] Cluster 0 val NASA: 65540.44
  [Round 45] Cluster 1 val NASA: 204373.68
  [Round 45] Val NASA per client: [79854.2, 333566.8, 75180.5, 51226.7]
  [Round 46] Val NASA per client: [69923.6, 224260.3, 106977.1, 96273.7]
  [Round 47] Val NASA per client: [114695.3, 220733.3, 82681.4, 134999.2]
  [Round 48] Val NASA per client: [94976.3, 119842.2, 155966.9, 149569.5]
  [Round 49] Val NASA per client: [119016.8, 106003.4, 209063.0, 196265.0]
  [Round 50] Val NASA per client: [97419.2, 127126.4, 93171.3, 150661.0]
WARNING:tensorflow:5 out of the last 83 calls to <function TensorFlowTrainer.make_predict_function.<locals>.one_step_on_data_distributed at 0x7c36a34a62a0> triggered tf.function retracing. Tracing is expensive and the excessive number of tracings could be due to (1) creating @tf.function repeatedly in a loop, (2) passing tensors with different shapes, (3) passing Python objects instead of tensors. For (1), please define your @tf.function outside of the loop. For (2), @tf.function has reduce_retracing=True option that can avoid unnecessary retracing. For (3), please refer to https://www.tensorflow.org/guide/function#controlling_retracing and https://www.tensorflow.org/api_docs/python/tf/function for  more details.
WARNING:tensorflow:5 out of the last 17 calls to <function TensorFlowTrainer.make_predict_function.<locals>.one_step_on_data_distributed at 0x7c36a3405f80> triggered tf.function retracing. Tracing is expensive and the excessive number of tracings could be due to (1) creating @tf.function repeatedly in a loop, (2) passing tensors with different shapes, (3) passing Python objects instead of tensors. For (1), please define your @tf.function outside of the loop. For (2), @tf.function has reduce_retracing=True option that can avoid unnecessary retracing. For (3), please refer to https://www.tensorflow.org/guide/function#controlling_retracing and https://www.tensorflow.org/api_docs/python/tf/function for  more details.

  [Final] MAE: 21.6026 | NASA: 16886.97
AC-PFL: {'method': 'acpfl', 'dataset': 'FD004', 'seed': 101, 'test_mae': 21.6026, 'nasa_score': 16886.97, 'comm_kb': 27650.0}
[Final] MAE: 22.1669 | NASA: 29550.85
AC-PFL 303: {'method': 'acpfl', 'dataset': 'FD004', 'seed': 303, 'test_mae': 22.1669, 'nasa_score': 29550.85, 'comm_kb': 27650.0}

  [Final] MAE: 22.3246 | NASA: 33922.25
AC-PFL 202: {'method': 'acpfl', 'dataset': 'FD004', 'seed': 202, 'test_mae': 22.3246, 'nasa_score': 33922.25, 'comm_kb': 27650.0}
  [Round 1] Val NASA per client: [42918.4, 384342.1, 34037.3, 73333.4]
  [Round 2] Val NASA per client: [23778.0, 106827.6, 57125.9, 64184.6]
  [Round 3] Val NASA per client: [24243.9, 58505.3, 39440.9, 56037.8]
  [Round 4] Val NASA per client: [16961.2, 69720.4, 40891.3, 51202.7]
  [Round 5] Re-clustered. Changes: {}
  [Round 5] Assignments: {'0': 0, '1': 0, '2': 1, '3': 1}
  [Round 5] Cluster 0 val NASA: 42215.70
  [Round 5] Cluster 1 val NASA: 41809.98
  [Round 5] Val NASA per client: [16524.3, 67907.1, 30685.1, 52934.9]
  [Round 6] Val NASA per client: [17152.7, 72877.4, 34432.9, 43534.0]
  [Round 7] Val NASA per client: [33906.7, 52175.0, 35707.0, 74522.7]
  [Round 8] Val NASA per client: [31119.0, 81174.4, 36739.1, 54219.5]
  [Round 9] Val NASA per client: [21603.4, 81126.0, 42862.1, 55015.6]
  ⚠️ Spectral produced invalid clusters {0: 3, 1: 1}. Falling back to KMeans.
  KMeans fallback result: {1: 2, 0: 2}
  [Round 10] Re-clustered. Changes: {0: (0, 1), 2: (1, 0)}
  [Round 10] Assignments: {'0': 1, '1': 0, '2': 0, '3': 1}
  [Round 10] Cluster 0 val NASA: 56316.41
  [Round 10] Cluster 1 val NASA: 53852.83
  [Round 10] Val NASA per client: [20199.7, 79144.7, 33488.2, 87506.0]
  [Round 11] Val NASA per client: [19732.0, 66058.0, 22210.2, 63025.9]
  [Round 12] Val NASA per client: [19441.7, 91727.1, 25914.4, 81657.7]
  [Round 13] Val NASA per client: [27378.5, 84424.5, 23384.0, 50127.4]
  [Round 14] Val NASA per client: [20590.0, 69676.3, 24036.3, 64845.1]
  [Round 15] Re-clustered. Changes: {0: (1, 0), 1: (0, 1)}
  [Round 15] Assignments: {'0': 0, '1': 1, '2': 0, '3': 1}
  [Round 15] Cluster 0 val NASA: 22835.22
  [Round 15] Cluster 1 val NASA: 56633.20
  [Round 15] Val NASA per client: [24275.9, 65312.9, 21394.6, 47953.6]
  [Round 16] Val NASA per client: [24728.7, 110657.1, 24896.5, 68219.4]
  [Round 17] Val NASA per client: [31834.5, 69823.9, 23565.0, 72108.3]
  [Round 18] Val NASA per client: [31994.9, 107626.3, 17056.4, 70748.0]
  [Round 19] Val NASA per client: [39027.8, 96777.5, 25619.2, 75382.1]
  [Round 20] Re-clustered. Changes: {2: (0, 1), 3: (1, 0)}
  [Round 20] Assignments: {'0': 0, '1': 1, '2': 1, '3': 0}
  [Round 20] Cluster 0 val NASA: 56434.02
  [Round 20] Cluster 1 val NASA: 103674.63
  [Round 20] Val NASA per client: [34292.8, 179919.8, 27429.5, 78575.3]
  [Round 21] Val NASA per client: [37103.0, 169786.6, 21575.9, 56583.6]
  [Round 22] Val NASA per client: [39955.1, 169891.4, 20313.2, 45504.1]
  [Round 23] Val NASA per client: [30472.0, 159487.0, 27773.9, 92061.1]
  [Round 24] Val NASA per client: [37747.9, 307948.5, 29859.9, 45430.8]
  [Round 25] Re-clustered. Changes: {0: (0, 1), 2: (1, 0)}
  [Round 25] Assignments: {'0': 1, '1': 1, '2': 0, '3': 0}
  [Round 25] Cluster 0 val NASA: 37804.57
  [Round 25] Cluster 1 val NASA: 141729.35
  [Round 25] Val NASA per client: [63201.2, 220257.5, 31859.0, 43750.2]
  [Round 26] Val NASA per client: [36758.4, 203154.0, 26120.6, 75886.0]
  [Round 27] Val NASA per client: [50048.7, 187659.6, 26157.6, 44310.9]
  [Round 28] Val NASA per client: [33009.5, 231024.9, 34983.3, 59579.1]
  [Round 29] Val NASA per client: [41221.7, 208954.9, 31327.2, 42057.2]
  [Round 30] Re-clustered. Changes: {0: (1, 0), 2: (0, 1)}
  [Round 30] Assignments: {'0': 0, '1': 1, '2': 1, '3': 0}
  [Round 30] Cluster 0 val NASA: 44173.25
  [Round 30] Cluster 1 val NASA: 135846.70
  [Round 30] Val NASA per client: [49048.6, 248666.7, 23026.7, 39297.9]
  [Round 31] Val NASA per client: [39195.1, 242579.2, 36212.6, 43283.5]
  [Round 32] Val NASA per client: [40983.6, 209939.7, 35689.7, 57476.4]
  [Round 33] Val NASA per client: [46814.9, 258266.6, 26140.5, 67460.7]
  [Round 34] Val NASA per client: [87946.5, 189692.2, 29394.1, 67084.2]
  ⚠️ Spectral produced invalid clusters {0: 3, 1: 1}. Falling back to KMeans.
  KMeans fallback result: {0: 2, 1: 2}
  [Round 35] Re-clustered. Changes: {2: (1, 0), 3: (0, 1)}
  [Round 35] Assignments: {'0': 0, '1': 1, '2': 0, '3': 1}
  [Round 35] Cluster 0 val NASA: 51927.15
  [Round 35] Cluster 1 val NASA: 109017.99
  [Round 35] Val NASA per client: [54146.5, 152938.8, 49707.8, 65097.2]
  [Round 36] Val NASA per client: [62802.2, 164643.2, 27468.2, 57912.8]
  [Round 37] Val NASA per client: [45073.5, 211590.3, 31855.0, 55633.0]
  [Round 38] Val NASA per client: [55982.1, 223560.5, 51990.7, 81121.7]
  [Round 39] Val NASA per client: [90394.3, 163736.1, 25157.4, 63049.6]
  ⚠️ Spectral produced invalid clusters {0: 3, 1: 1}. Falling back to KMeans.
  KMeans fallback result: {1: 2, 0: 2}
  [Round 40] Re-clustered. Changes: {0: (0, 1), 1: (1, 0)}
  [Round 40] Assignments: {'0': 1, '1': 0, '2': 0, '3': 1}
  [Round 40] Cluster 0 val NASA: 156302.29
  [Round 40] Cluster 1 val NASA: 69342.53
  [Round 40] Val NASA per client: [72434.1, 272842.7, 39761.9, 66251.0]
  [Round 41] Val NASA per client: [74793.9, 115749.4, 63845.8, 75769.8]
  [Round 42] Val NASA per client: [29378.3, 144321.8, 32560.6, 74195.5]
  [Round 43] Val NASA per client: [31122.1, 120249.5, 29411.8, 80002.7]
  [Round 44] Val NASA per client: [25181.8, 86754.3, 35460.1, 126800.0]
  ⚠️ Spectral produced invalid clusters {0: 3, 1: 1}. Falling back to KMeans.
  KMeans fallback result: {0: 2, 1: 2}
  [Round 45] Re-clustered. Changes: {0: (1, 0), 1: (0, 1)}
  [Round 45] Assignments: {'0': 0, '1': 1, '2': 0, '3': 1}
  [Round 45] Cluster 0 val NASA: 31399.41
  [Round 45] Cluster 1 val NASA: 114298.63
  [Round 45] Val NASA per client: [36030.0, 104274.8, 26768.8, 124322.5]
  [Round 46] Val NASA per client: [86359.9, 154073.0, 53889.6, 101011.9]
  [Round 47] Val NASA per client: [90405.0, 148052.1, 52078.0, 85737.4]
  [Round 48] Val NASA per client: [65005.3, 294861.1, 43912.3, 112905.5]
  [Round 49] Val NASA per client: [58955.1, 150397.7, 69769.2, 94220.3]
  [Round 50] Val NASA per client: [94879.9, 399496.1, 43222.2, 118736.3]
WARNING:tensorflow:5 out of the last 81 calls to <function TensorFlowTrainer.make_predict_function.<locals>.one_step_on_data_distributed at 0x7cba0eeae340> triggered tf.function retracing. Tracing is expensive and the excessive number of tracings could be due to (1) creating @tf.function repeatedly in a loop, (2) passing tensors with different shapes, (3) passing Python objects instead of tensors. For (1), please define your @tf.function outside of the loop. For (2), @tf.function has reduce_retracing=True option that can avoid unnecessary retracing. For (3), please refer to https://www.tensorflow.org/guide/function#controlling_retracing and https://www.tensorflow.org/api_docs/python/tf/function for  more details.
WARNING:tensorflow:5 out of the last 17 calls to <function TensorFlowTrainer.make_predict_function.<locals>.one_step_on_data_distributed at 0x7cba123db060> triggered tf.function retracing. Tracing is expensive and the excessive number of tracings could be due to (1) creating @tf.function repeatedly in a loop, (2) passing tensors with different shapes, (3) passing Python objects instead of tensors. For (1), please define your @tf.function outside of the loop. For (2), @tf.function has reduce_retracing=True option that can avoid unnecessary retracing. For (3), please refer to https://www.tensorflow.org/guide/function#controlling_retracing and https://www.tensorflow.org/api_docs/python/tf/function for  more details.

  [Final] MAE: 21.7923 | NASA: 43607.72
AC-PFL: {'method': 'acpfl', 'dataset': 'FD004', 'seed': 2026, 'test_mae': 21.7923, 'nasa_score': 43607.72, 'comm_kb': 27650.0}


  [Round 1] Val NASA per client: [67503.7, 486433.4, 548307.0, 66062.9]
  [Round 2] Val NASA per client: [76347.1, 110217.0, 32561.0, 41770.4]
  [Round 3] Val NASA per client: [71365.0, 61964.0, 34599.2, 51388.3]
  [Round 4] Val NASA per client: [84443.2, 58874.1, 31473.6, 100862.9]
  [Round 5] Re-clustered (α=1.0). Changes: {}
  [Round 5] Assignments: {'0': 0, '1': 0, '2': 1, '3': 1}
  [Round 5] Cluster 0 val NASA: 61043.61
  [Round 5] Cluster 1 val NASA: 84500.44
  [Round 5] Val NASA per client: [61885.1, 60202.1, 94551.0, 74449.8]
  [Round 6] Val NASA per client: [46906.4, 40744.2, 24618.5, 47240.8]
  [Round 7] Val NASA per client: [51387.5, 35279.7, 54059.9, 40763.2]
  [Round 8] Val NASA per client: [52699.4, 49591.6, 39779.6, 50216.8]
  [Round 9] Val NASA per client: [47998.8, 113253.4, 33738.0, 40047.7]
  ⚠️ Spectral produced invalid clusters {0: 3, 1: 1}. Falling back to KMeans.
  KMeans fallback result: {1: 2, 0: 2}
  [Round 10] Re-clustered (α=1.0). Changes: {0: (0, 1), 2: (1, 0)}
  [Round 10] Assignments: {'0': 1, '1': 0, '2': 0, '3': 1}
  [Round 10] Cluster 0 val NASA: 73101.20
  [Round 10] Cluster 1 val NASA: 62334.70
  [Round 10] Val NASA per client: [77890.6, 92321.7, 53880.7, 46778.8]
  [Round 11] Val NASA per client: [31535.8, 148770.4, 130640.2, 55291.3]
  [Round 12] Val NASA per client: [54206.3, 183291.1, 152565.8, 100549.2]
  [Round 13] Val NASA per client: [48344.6, 143490.2, 411024.1, 70601.7]
  [Round 14] Val NASA per client: [58064.9, 145482.3, 92843.3, 73716.8]
  ⚠️ Spectral produced invalid clusters {0: 3, 1: 1}. Falling back to KMeans.
  KMeans fallback result: {0: 2, 1: 2}
  [Round 15] Re-clustered (α=1.0). Changes: {0: (1, 0), 1: (0, 1)}
  [Round 15] Assignments: {'0': 0, '1': 1, '2': 0, '3': 1}
  [Round 15] Cluster 0 val NASA: 170687.80
  [Round 15] Cluster 1 val NASA: 124237.86
  [Round 15] Val NASA per client: [96632.9, 162965.5, 244742.7, 85510.2]
  [Round 16] Val NASA per client: [75507.8, 25735.6, 169612.4, 66345.0]
  [Round 17] Val NASA per client: [243811.8, 33718.7, 194928.0, 79748.3]
  [Round 18] Val NASA per client: [145229.4, 49503.7, 281004.7, 56063.5]
  [Round 19] Val NASA per client: [134448.3, 59967.1, 265256.7, 64904.8]
  [Round 20] Re-clustered (α=1.0). Changes: {0: (0, 1), 3: (1, 0)}
  [Round 20] Assignments: {'0': 1, '1': 1, '2': 0, '3': 0}
  [Round 20] Cluster 0 val NASA: 139617.05
  [Round 20] Cluster 1 val NASA: 112395.54
  [Round 20] Val NASA per client: [164653.3, 60137.7, 176587.4, 102646.7]
  [Round 21] Val NASA per client: [53387.4, 49330.8, 266993.2, 102005.1]
  [Round 22] Val NASA per client: [72508.8, 96215.4, 250466.3, 67452.5]
  [Round 23] Val NASA per client: [52513.4, 105178.9, 178428.8, 86403.9]
  [Round 24] Val NASA per client: [39385.4, 81900.5, 224161.3, 83020.4]
  [Round 25] Re-clustered (α=1.0). Changes: {0: (1, 0), 3: (0, 1)}
  [Round 25] Assignments: {'0': 0, '1': 1, '2': 0, '3': 1}
  [Round 25] Cluster 0 val NASA: 225885.17
  [Round 25] Cluster 1 val NASA: 87765.66
  [Round 25] Val NASA per client: [59338.9, 76698.5, 392431.5, 98832.8]
  [Round 26] Val NASA per client: [173615.5, 122300.3, 131820.9, 71079.3]
  [Round 27] Val NASA per client: [137995.6, 114162.2, 112812.4, 67802.1]
  [Round 28] Val NASA per client: [128790.9, 99829.4, 243099.2, 106491.3]
  [Round 29] Val NASA per client: [125944.4, 165684.1, 121879.5, 138540.9]
  [Round 30] Re-clustered (α=1.0). Changes: {0: (0, 1), 3: (1, 0)}
  [Round 30] Assignments: {'0': 1, '1': 1, '2': 0, '3': 0}
  [Round 30] Cluster 0 val NASA: 119103.75
  [Round 30] Cluster 1 val NASA: 126837.58
  [Round 30] Val NASA per client: [170871.8, 82803.3, 144222.1, 93985.4]
  [Round 31] Val NASA per client: [101750.3, 68146.3, 176558.8, 94847.5]
  [Round 32] Val NASA per client: [122070.0, 98840.4, 203169.3, 93814.3]
  [Round 33] Val NASA per client: [120742.9, 234721.4, 194035.5, 111057.9]
  [Round 34] Val NASA per client: [118787.8, 113212.7, 428043.5, 107596.2]
  [Round 35] Re-clustered (α=1.0). Changes: {0: (1, 0), 3: (0, 1)}
  [Round 35] Assignments: {'0': 0, '1': 1, '2': 0, '3': 1}
  [Round 35] Cluster 0 val NASA: 282778.09
  [Round 35] Cluster 1 val NASA: 108602.09
  [Round 35] Val NASA per client: [229587.4, 150534.1, 335968.8, 66670.1]
  [Round 36] Val NASA per client: [117459.5, 166429.6, 215225.2, 118712.9]
  [Round 37] Val NASA per client: [122621.0, 145963.1, 128724.8, 139824.8]
  [Round 38] Val NASA per client: [158222.7, 162456.4, 188069.7, 105070.0]
  [Round 39] Val NASA per client: [99352.5, 238091.6, 330423.0, 101067.7]
  ⚠️ Spectral produced invalid clusters {0: 3, 1: 1}. Falling back to KMeans.
  KMeans fallback result: {0: 2, 1: 2}
  [Round 40] Re-clustered (α=1.0). Changes: {1: (1, 0), 2: (0, 1)}
  [Round 40] Assignments: {'0': 0, '1': 0, '2': 1, '3': 1}
  [Round 40] Cluster 0 val NASA: 170908.03
  [Round 40] Cluster 1 val NASA: 205231.23
  [Round 40] Val NASA per client: [172773.9, 169042.2, 290928.6, 119533.8]
  [Round 41] Val NASA per client: [198797.7, 158940.4, 38143.1, 101435.1]
  [Round 42] Val NASA per client: [184029.8, 136785.8, 92722.6, 57892.3]
  [Round 43] Val NASA per client: [130368.3, 132527.9, 110459.4, 78644.8]
  [Round 44] Val NASA per client: [128716.3, 97596.7, 92961.9, 79780.7]
  [Round 45] Re-clustered (α=1.0). Changes: {1: (0, 1), 2: (1, 0)}
  [Round 45] Assignments: {'0': 0, '1': 1, '2': 0, '3': 1}
  [Round 45] Cluster 0 val NASA: 119988.90
  [Round 45] Cluster 1 val NASA: 119104.68
  [Round 45] Val NASA per client: [165218.4, 138628.5, 74759.3, 99580.9]
  [Round 46] Val NASA per client: [264532.7, 119822.1, 337993.6, 65882.2]
  [Round 47] Val NASA per client: [120846.5, 77062.9, 353608.0, 85466.3]
  [Round 48] Val NASA per client: [144656.0, 101416.9, 274153.2, 77115.0]
  [Round 49] Val NASA per client: [117423.8, 104273.0, 341686.7, 90130.6]
  [Round 50] Val NASA per client: [101675.5, 98311.5, 116001.5, 89417.9]
WARNING:tensorflow:5 out of the last 91 calls to <function TensorFlowTrainer.make_predict_function.<locals>.one_step_on_data_distributed at 0x7c9932d8a2a0> triggered tf.function retracing. Tracing is expensive and the excessive number of tracings could be due to (1) creating @tf.function repeatedly in a loop, (2) passing tensors with different shapes, (3) passing Python objects instead of tensors. For (1), please define your @tf.function outside of the loop. For (2), @tf.function has reduce_retracing=True option that can avoid unnecessary retracing. For (3), please refer to https://www.tensorflow.org/guide/function#controlling_retracing and https://www.tensorflow.org/api_docs/python/tf/function for  more details.
WARNING:tensorflow:5 out of the last 17 calls to <function TensorFlowTrainer.make_predict_function.<locals>.one_step_on_data_distributed at 0x7c9932ce00e0> triggered tf.function retracing. Tracing is expensive and the excessive number of tracings could be due to (1) creating @tf.function repeatedly in a loop, (2) passing tensors with different shapes, (3) passing Python objects instead of tensors. For (1), please define your @tf.function outside of the loop. For (2), @tf.function has reduce_retracing=True option that can avoid unnecessary retracing. For (3), please refer to https://www.tensorflow.org/guide/function#controlling_retracing and https://www.tensorflow.org/api_docs/python/tf/function for  more details.

  [Final] MAE: 21.7972 | NASA: 11401.49
AC-PFL 404: {'method': 'acpfl', 'dataset': 'FD004', 'seed': 404, 'test_mae': 21.7972, 'nasa_score': 11401.49, 'comm_kb': 27650.0}
  [Round 1] Val NASA per client: [435437.4, 63352.5, 126885.5, 53347.0]
  [Round 2] Val NASA per client: [28923.1, 81603.7, 81255.1, 55966.0]
  [Round 3] Val NASA per client: [28192.6, 154947.8, 98607.0, 42345.3]
  [Round 4] Val NASA per client: [35648.0, 55440.3, 153084.1, 50867.6]
  [Round 5] Re-clustered (α=1.0). Changes: {}
  [Round 5] Assignments: {'0': 0, '1': 0, '2': 1, '3': 1}
  [Round 5] Cluster 0 val NASA: 48542.24
  [Round 5] Cluster 1 val NASA: 71850.23
  [Round 5] Val NASA per client: [31867.1, 65217.4, 105356.6, 38343.8]
  [Round 6] Val NASA per client: [89634.4, 77510.2, 109136.2, 51388.5]
  [Round 7] Val NASA per client: [67220.8, 57962.6, 61196.6, 45875.3]
  [Round 8] Val NASA per client: [86364.3, 65603.4, 117448.1, 40054.2]
  [Round 9] Val NASA per client: [60050.2, 148649.6, 119149.1, 34890.9]
  [Round 10] Re-clustered (α=1.0). Changes: {1: (0, 1), 3: (1, 0)}
  [Round 10] Assignments: {'0': 0, '1': 1, '2': 1, '3': 0}
  [Round 10] Cluster 0 val NASA: 45204.58
  [Round 10] Cluster 1 val NASA: 91104.10
  [Round 10] Val NASA per client: [51933.2, 104873.3, 77335.0, 38476.0]
  [Round 11] Val NASA per client: [38580.2, 71582.6, 107330.1, 22223.2]
  [Round 12] Val NASA per client: [70421.6, 73632.3, 83081.6, 32076.6]
  [Round 13] Val NASA per client: [79225.2, 220885.6, 67341.8, 29971.7]
  [Round 14] Val NASA per client: [56856.0, 114773.6, 88502.9, 53409.0]
  [Round 15] Re-clustered (α=1.0). Changes: {2: (1, 0), 3: (0, 1)}
  [Round 15] Assignments: {'0': 0, '1': 1, '2': 0, '3': 1}
  [Round 15] Cluster 0 val NASA: 135528.69
  [Round 15] Cluster 1 val NASA: 80326.68
  [Round 15] Val NASA per client: [120099.0, 125652.4, 150958.4, 35000.9]
  [Round 16] Val NASA per client: [145818.8, 128261.5, 52720.8, 53217.0]
  [Round 17] Val NASA per client: [73403.3, 156422.1, 61779.4, 49654.2]
  [Round 18] Val NASA per client: [281381.2, 201020.8, 74345.1, 59225.4]
  [Round 19] Val NASA per client: [186036.0, 111890.4, 203085.9, 72379.3]
  ⚠️ Spectral produced invalid clusters {0: 1, 1: 3}. Falling back to KMeans.
  KMeans fallback result: {1: 2, 0: 2}
  [Round 20] Re-clustered (α=1.0). Changes: {0: (0, 1), 1: (1, 0)}
  [Round 20] Assignments: {'0': 1, '1': 0, '2': 0, '3': 1}
  [Round 20] Cluster 0 val NASA: 110092.10
  [Round 20] Cluster 1 val NASA: 208633.25
  [Round 20] Val NASA per client: [239211.5, 134009.7, 86174.5, 178055.0]
  [Round 21] Val NASA per client: [28304.9, 72523.5, 66819.2, 140238.1]
  [Round 22] Val NASA per client: [33629.1, 121371.9, 92602.9, 115978.2]
  [Round 23] Val NASA per client: [29680.3, 95596.9, 213891.2, 75632.2]
  [Round 24] Val NASA per client: [49879.5, 92737.1, 284203.6, 132062.9]
  ⚠️ Spectral produced invalid clusters {1: 3, 0: 1}. Falling back to KMeans.
  KMeans fallback result: {0: 2, 1: 2}
  [Round 25] Re-clustered (α=1.0). Changes: {0: (1, 0), 2: (0, 1)}
  [Round 25] Assignments: {'0': 0, '1': 0, '2': 1, '3': 1}
  [Round 25] Cluster 0 val NASA: 71258.19
  [Round 25] Cluster 1 val NASA: 397145.18
  [Round 25] Val NASA per client: [37243.3, 105273.0, 595285.1, 199005.3]
  [Round 26] Val NASA per client: [99126.2, 114468.9, 79340.3, 130112.7]
  [Round 27] Val NASA per client: [91344.4, 133629.9, 111830.5, 160124.8]
  [Round 28] Val NASA per client: [63001.0, 144210.8, 112353.5, 213381.4]
  [Round 29] Val NASA per client: [147385.8, 128265.3, 88998.4, 247482.7]
  [Round 30] Re-clustered (α=1.0). Changes: {1: (0, 1), 2: (1, 0)}
  [Round 30] Assignments: {'0': 0, '1': 1, '2': 0, '3': 1}
  [Round 30] Cluster 0 val NASA: 129523.83
  [Round 30] Cluster 1 val NASA: 164318.25
  [Round 30] Val NASA per client: [93675.6, 131140.3, 165372.1, 197496.2]
  [Round 31] Val NASA per client: [99445.3, 108589.3, 342093.9, 147559.1]
  [Round 32] Val NASA per client: [81049.5, 199617.7, 257975.5, 238760.0]
  [Round 33] Val NASA per client: [124848.4, 134742.4, 381229.2, 220903.4]
  [Round 34] Val NASA per client: [186986.1, 136743.8, 309822.8, 159036.2]
  [Round 35] Re-clustered (α=1.0). Changes: {2: (0, 1), 3: (1, 0)}
  [Round 35] Assignments: {'0': 0, '1': 1, '2': 1, '3': 0}
  [Round 35] Cluster 0 val NASA: 111645.25
  [Round 35] Cluster 1 val NASA: 269694.60
  [Round 35] Val NASA per client: [53250.3, 176799.0, 362590.2, 170040.2]
  [Round 36] Val NASA per client: [121507.4, 110237.7, 299396.2, 148049.6]
  [Round 37] Val NASA per client: [134513.4, 130675.9, 298321.1, 101636.0]
  [Round 38] Val NASA per client: [121771.2, 141415.5, 428159.1, 74098.8]
  [Round 39] Val NASA per client: [114558.2, 176161.4, 403769.4, 80666.6]
  [Round 40] Re-clustered (α=1.0). Changes: {2: (1, 0), 3: (0, 1)}
  [Round 40] Assignments: {'0': 0, '1': 1, '2': 0, '3': 1}
  [Round 40] Cluster 0 val NASA: 204183.58
  [Round 40] Cluster 1 val NASA: 204066.52
  [Round 40] Val NASA per client: [206532.8, 333692.5, 201834.4, 74440.6]
  [Round 41] Val NASA per client: [204247.5, 172174.4, 503971.7, 119582.0]
  [Round 42] Val NASA per client: [108323.0, 244230.0, 426455.4, 128947.0]
  [Round 43] Val NASA per client: [85627.9, 151181.5, 559737.3, 268260.7]
  [Round 44] Val NASA per client: [55056.0, 139092.0, 243349.7, 188656.2]
  [Round 45] Re-clustered (α=1.0). Changes: {2: (0, 1), 3: (1, 0)}
  [Round 45] Assignments: {'0': 0, '1': 1, '2': 1, '3': 0}
  [Round 45] Cluster 0 val NASA: 93799.12
  [Round 45] Cluster 1 val NASA: 350174.81
  [Round 45] Val NASA per client: [63646.8, 203343.5, 497006.2, 123951.4]
  [Round 46] Val NASA per client: [107593.7, 101229.3, 376341.3, 122092.0]
  [Round 47] Val NASA per client: [168405.3, 234181.9, 230675.3, 76025.8]
  [Round 48] Val NASA per client: [114018.2, 214575.8, 417435.3, 57951.0]
  [Round 49] Val NASA per client: [59861.7, 223626.2, 195537.8, 60356.3]
  [Round 50] Val NASA per client: [92903.3, 332959.8, 334055.4, 81198.3]

  [Final] MAE: 22.9940 | NASA: 42648.99
AC-PFL 505: {'method': 'acpfl', 'dataset': 'FD004', 'seed': 505, 'test_mae': 22.994, 'nasa_score': 42648.99, 'comm_kb': 27650.0}
  [Round 1] Val NASA per client: [108172.6, 715697.2, 443234.2, 262375.9]
  [Round 2] Val NASA per client: [121168.1, 192410.5, 56131.1, 65933.5]
  [Round 3] Val NASA per client: [79935.8, 40230.8, 72328.4, 68468.6]
  [Round 4] Val NASA per client: [102672.3, 36214.3, 41649.1, 35484.8]
  [Round 5] Re-clustered (α=1.0). Changes: {}
  [Round 5] Assignments: {'0': 0, '1': 0, '2': 1, '3': 1}
  [Round 5] Cluster 0 val NASA: 73936.76
  [Round 5] Cluster 1 val NASA: 35750.53
  [Round 5] Val NASA per client: [117333.4, 30540.1, 31916.0, 39585.1]
  [Round 6] Val NASA per client: [124613.5, 29986.9, 49754.7, 22342.8]
  [Round 7] Val NASA per client: [178485.1, 33476.8, 45532.0, 31356.1]
  [Round 8] Val NASA per client: [130723.5, 28859.9, 28610.1, 31447.5]
  [Round 9] Val NASA per client: [134091.5, 41812.1, 37280.2, 47901.2]
  [Round 10] Re-clustered (α=1.0). Changes: {1: (0, 1), 3: (1, 0)}
  [Round 10] Assignments: {'0': 0, '1': 1, '2': 1, '3': 0}
  [Round 10] Cluster 0 val NASA: 93268.28
  [Round 10] Cluster 1 val NASA: 36052.33
  [Round 10] Val NASA per client: [144424.4, 31627.6, 40477.0, 42112.2]
  [Round 11] Val NASA per client: [108702.2, 35291.9, 37354.4, 14811.1]
  [Round 12] Val NASA per client: [107829.1, 29694.6, 34179.4, 23633.6]
  [Round 13] Val NASA per client: [149815.4, 28104.7, 26890.3, 24958.0]
  [Round 14] Val NASA per client: [88794.3, 35671.0, 36264.9, 37207.7]
  [Round 15] Re-clustered (α=1.0). Changes: {2: (1, 0), 3: (0, 1)}
  [Round 15] Assignments: {'0': 0, '1': 1, '2': 0, '3': 1}
  [Round 15] Cluster 0 val NASA: 86344.22
  [Round 15] Cluster 1 val NASA: 34874.10
  [Round 15] Val NASA per client: [133446.3, 41762.1, 39242.2, 27986.1]
  [Round 16] Val NASA per client: [89403.2, 35187.8, 26144.2, 26344.2]
  [Round 17] Val NASA per client: [112830.5, 48268.6, 20628.8, 35045.2]
  [Round 18] Val NASA per client: [101133.8, 29936.4, 21715.4, 26846.5]
  [Round 19] Val NASA per client: [178264.2, 26389.3, 33652.0, 39307.6]
  [Round 20] Re-clustered (α=1.0). Changes: {1: (1, 0), 2: (0, 1)}
  [Round 20] Assignments: {'0': 0, '1': 0, '2': 1, '3': 1}
  [Round 20] Cluster 0 val NASA: 110403.02
  [Round 20] Cluster 1 val NASA: 26518.26
  [Round 20] Val NASA per client: [173865.4, 46940.7, 19254.3, 33782.2]
  [Round 21] Val NASA per client: [96180.8, 42204.6, 31339.7, 38589.6]
  [Round 22] Val NASA per client: [96464.3, 45911.2, 37015.3, 33653.0]
  [Round 23] Val NASA per client: [93765.1, 63575.4, 35703.4, 66530.0]
  [Round 24] Val NASA per client: [92027.2, 61748.6, 50399.0, 33013.1]
  ⚠️ Spectral produced invalid clusters {1: 1, 0: 3}. Falling back to KMeans.
  KMeans fallback result: {0: 2, 1: 2}
  [Round 25] Re-clustered (α=1.0). Changes: {1: (0, 1), 2: (1, 0)}
  [Round 25] Assignments: {'0': 0, '1': 1, '2': 0, '3': 1}
  [Round 25] Cluster 0 val NASA: 116399.13
  [Round 25] Cluster 1 val NASA: 52903.89
  [Round 25] Val NASA per client: [134428.1, 60315.2, 98370.2, 45492.6]
  [Round 26] Val NASA per client: [97311.9, 53848.9, 23685.6, 37807.8]
  [Round 27] Val NASA per client: [120633.3, 43412.5, 32017.6, 36492.8]
  [Round 28] Val NASA per client: [111190.6, 48843.9, 27206.9, 37167.8]
  [Round 29] Val NASA per client: [77055.2, 63565.8, 32731.8, 35447.1]
  ⚠️ Spectral produced invalid clusters {0: 3, 1: 1}. Falling back to KMeans.
  KMeans fallback result: {1: 2, 0: 2}
  [Round 30] Re-clustered (α=1.0). Changes: {0: (0, 1), 3: (1, 0)}
  [Round 30] Assignments: {'0': 1, '1': 1, '2': 0, '3': 0}
  [Round 30] Cluster 0 val NASA: 44570.34
  [Round 30] Cluster 1 val NASA: 74177.98
  [Round 30] Val NASA per client: [102887.3, 45468.7, 30014.1, 59126.5]
  [Round 31] Val NASA per client: [155850.7, 81278.4, 58692.6, 28085.7]
  [Round 32] Val NASA per client: [190581.5, 77541.8, 50051.5, 21412.9]
  [Round 33] Val NASA per client: [167011.6, 87219.8, 36362.7, 36115.7]
  [Round 34] Val NASA per client: [159235.7, 76807.9, 31756.3, 34200.9]
  ⚠️ Spectral produced invalid clusters {0: 3, 1: 1}. Falling back to KMeans.
  KMeans fallback result: {1: 2, 0: 2}
  [Round 35] Re-clustered (α=1.0). Changes: {1: (1, 0), 3: (0, 1)}
  [Round 35] Assignments: {'0': 1, '1': 0, '2': 0, '3': 1}
  [Round 35] Cluster 0 val NASA: 77129.56
  [Round 35] Cluster 1 val NASA: 74132.81
  [Round 35] Val NASA per client: [116261.6, 77787.6, 76471.5, 32004.0]
  [Round 36] Val NASA per client: [150882.5, 46983.8, 46043.0, 45085.6]
  [Round 37] Val NASA per client: [161535.1, 68100.3, 95413.9, 29856.7]
  [Round 38] Val NASA per client: [146999.7, 66436.9, 74991.4, 48742.5]
  [Round 39] Val NASA per client: [134434.7, 58341.7, 61654.2, 42868.0]
  [Round 40] Re-clustered (α=1.0). Changes: {0: (1, 0), 1: (0, 1)}
  [Round 40] Assignments: {'0': 0, '1': 1, '2': 0, '3': 1}
  [Round 40] Cluster 0 val NASA: 86957.88
  [Round 40] Cluster 1 val NASA: 54990.45
  [Round 40] Val NASA per client: [102559.9, 66215.5, 71355.9, 43765.4]
  [Round 41] Val NASA per client: [98379.3, 82311.1, 51961.4, 32985.1]
  [Round 42] Val NASA per client: [90186.8, 70299.1, 63585.6, 40590.3]
  [Round 43] Val NASA per client: [113113.1, 87731.0, 66052.2, 38550.6]
  [Round 44] Val NASA per client: [85331.8, 89439.3, 57913.0, 43718.1]
  [Round 45] Re-clustered (α=1.0). Changes: {0: (0, 1), 3: (1, 0)}
  [Round 45] Assignments: {'0': 1, '1': 1, '2': 0, '3': 0}
  [Round 45] Cluster 0 val NASA: 75870.27
  [Round 45] Cluster 1 val NASA: 102586.18
  [Round 45] Val NASA per client: [86743.4, 118429.0, 97585.6, 54155.0]
  [Round 46] Val NASA per client: [123251.9, 112944.6, 65548.9, 49497.0]
  [Round 47] Val NASA per client: [127239.3, 128473.0, 68977.3, 49650.9]
  [Round 48] Val NASA per client: [116564.9, 140973.7, 114435.8, 25181.4]
  [Round 49] Val NASA per client: [110603.4, 164175.3, 60855.3, 41979.2]
  [Round 50] Val NASA per client: [104090.5, 102281.3, 74271.9, 72269.8]

  [Final] MAE: 22.1248 | NASA: 31891.23
AC-PFL 606: {'method': 'acpfl', 'dataset': 'FD004', 'seed': 606, 'test_mae': 22.1248, 'nasa_score': 31891.23, 'comm_kb': 27650.0}
  [Round 1] Val NASA per client: [395105.8, 119554.5, 56349.5, 75891.4]
  [Round 2] Val NASA per client: [114593.1, 122861.3, 49698.6, 35816.6]
  [Round 3] Val NASA per client: [243018.2, 98118.3, 23347.2, 30641.1]
  [Round 4] Val NASA per client: [58950.2, 168299.6, 62810.7, 35405.8]
  [Round 5] Re-clustered (α=1.0). Changes: {}
  [Round 5] Assignments: {'0': 0, '1': 0, '2': 1, '3': 1}
  [Round 5] Cluster 0 val NASA: 134785.77
  [Round 5] Cluster 1 val NASA: 53014.73
  [Round 5] Val NASA per client: [60249.6, 209321.9, 68422.5, 37607.0]
  [Round 6] Val NASA per client: [52872.6, 257467.2, 29247.1, 34288.9]
  [Round 7] Val NASA per client: [62906.6, 287828.3, 59307.0, 28918.6]
  [Round 8] Val NASA per client: [132338.1, 206109.1, 24784.1, 47873.4]
  [Round 9] Val NASA per client: [120029.4, 220091.1, 25988.2, 42979.3]
  ⚠️ Spectral produced invalid clusters {0: 3, 1: 1}. Falling back to KMeans.
  KMeans fallback result: {0: 2, 1: 2}
  [Round 10] Re-clustered (α=1.0). Changes: {1: (0, 1), 2: (1, 0)}
  [Round 10] Assignments: {'0': 0, '1': 1, '2': 0, '3': 1}
  [Round 10] Cluster 0 val NASA: 265521.98
  [Round 10] Cluster 1 val NASA: 148800.92
  [Round 10] Val NASA per client: [496113.3, 263354.7, 34930.7, 34247.1]
  [Round 11] Val NASA per client: [69582.6, 144362.8, 25746.3, 39962.1]
  [Round 12] Val NASA per client: [78990.8, 230168.0, 51928.9, 42730.2]
  [Round 13] Val NASA per client: [132589.8, 229937.2, 36999.0, 47726.7]
  [Round 14] Val NASA per client: [57750.4, 338962.2, 26590.2, 31648.2]
  [Round 15] Re-clustered (α=1.0). Changes: {1: (1, 0), 2: (0, 1)}
  [Round 15] Assignments: {'0': 0, '1': 0, '2': 1, '3': 1}
  [Round 15] Cluster 0 val NASA: 193523.42
  [Round 15] Cluster 1 val NASA: 44575.64
  [Round 15] Val NASA per client: [140458.0, 246588.9, 47468.3, 41683.0]
  [Round 16] Val NASA per client: [75266.5, 353191.5, 22000.5, 48259.3]
  [Round 17] Val NASA per client: [70308.1, 282621.3, 25133.0, 40642.3]
  [Round 18] Val NASA per client: [88460.7, 358225.1, 41511.8, 78678.4]
  [Round 19] Val NASA per client: [66249.1, 289181.8, 40968.5, 55664.9]
  ⚠️ Spectral produced invalid clusters {0: 3, 1: 1}. Falling back to KMeans.
  KMeans fallback result: {0: 2, 1: 2}
  [Round 20] Re-clustered (α=1.0). Changes: {1: (0, 1), 2: (1, 0)}
  [Round 20] Assignments: {'0': 0, '1': 1, '2': 0, '3': 1}
  [Round 20] Cluster 0 val NASA: 51512.14
  [Round 20] Cluster 1 val NASA: 250125.41
  [Round 20] Val NASA per client: [66112.7, 431432.2, 36911.6, 68818.6]
  [Round 21] Val NASA per client: [61198.4, 353701.2, 25357.2, 62499.7]
  [Round 22] Val NASA per client: [67457.9, 345569.4, 51713.7, 75258.2]
  [Round 23] Val NASA per client: [203840.2, 363912.8, 53356.6, 57095.9]
  [Round 24] Val NASA per client: [730954.2, 304619.3, 84338.8, 80891.9]
  [Round 25] Re-clustered (α=1.0). Changes: {0: (0, 1), 3: (1, 0)}
  [Round 25] Assignments: {'0': 1, '1': 1, '2': 0, '3': 0}
  [Round 25] Cluster 0 val NASA: 56048.67
  [Round 25] Cluster 1 val NASA: 194668.32
  [Round 25] Val NASA per client: [79928.0, 309408.7, 38818.6, 73278.7]
  [Round 26] Val NASA per client: [52723.5, 320515.9, 35049.9, 38259.6]
  [Round 27] Val NASA per client: [84811.7, 345120.3, 32502.6, 33205.4]
  [Round 28] Val NASA per client: [86621.9, 270408.9, 51652.2, 33628.7]
  [Round 29] Val NASA per client: [67857.9, 320427.3, 51880.7, 29387.9]
  ⚠️ Spectral produced invalid clusters {0: 3, 1: 1}. Falling back to KMeans.
  KMeans fallback result: {1: 2, 0: 2}
  [Round 30] Re-clustered (α=1.0). Changes: {1: (1, 0), 3: (0, 1)}
  [Round 30] Assignments: {'0': 1, '1': 0, '2': 0, '3': 1}
  [Round 30] Cluster 0 val NASA: 165251.88
  [Round 30] Cluster 1 val NASA: 47001.88
  [Round 30] Val NASA per client: [57365.0, 298366.0, 32137.8, 36638.7]
  [Round 31] Val NASA per client: [61304.6, 308450.8, 51172.0, 89081.5]
  [Round 32] Val NASA per client: [53919.5, 336867.3, 45229.6, 79443.1]
  [Round 33] Val NASA per client: [52025.7, 387802.3, 32851.9, 87948.2]
  [Round 34] Val NASA per client: [56708.8, 360440.3, 39815.1, 81046.6]
  [Round 35] Re-clustered (α=1.0). Changes: {0: (1, 0), 2: (0, 1)}
  [Round 35] Assignments: {'0': 0, '1': 0, '2': 1, '3': 1}
  [Round 35] Cluster 0 val NASA: 207858.96
  [Round 35] Cluster 1 val NASA: 64159.72
  [Round 35] Val NASA per client: [62955.8, 352762.2, 49623.0, 78696.4]
  [Round 36] Val NASA per client: [131677.5, 356762.1, 64293.3, 80379.2]
  [Round 37] Val NASA per client: [353614.8, 353822.5, 67410.5, 82848.1]
  [Round 38] Val NASA per client: [164641.3, 356234.2, 125402.5, 68979.0]
  [Round 39] Val NASA per client: [120359.6, 342025.3, 193712.3, 96030.7]
  ⚠️ Spectral produced invalid clusters {0: 3, 1: 1}. Falling back to KMeans.
  KMeans fallback result: {1: 2, 0: 2}
  [Round 40] Re-clustered (α=1.0). Changes: {0: (0, 1), 2: (1, 0)}
  [Round 40] Assignments: {'0': 1, '1': 0, '2': 0, '3': 1}
  [Round 40] Cluster 0 val NASA: 373435.76
  [Round 40] Cluster 1 val NASA: 96399.18
  [Round 40] Val NASA per client: [77002.2, 463234.0, 283637.6, 115796.2]
  [Round 41] Val NASA per client: [51623.4, 411334.5, 47781.3, 114753.8]
  [Round 42] Val NASA per client: [60213.1, 428297.2, 35228.7, 109340.4]
  [Round 43] Val NASA per client: [56168.4, 441438.2, 42775.7, 135995.8]
  [Round 44] Val NASA per client: [171925.3, 426813.1, 52018.8, 99443.2]
  ⚠️ Spectral produced invalid clusters {0: 3, 1: 1}. Falling back to KMeans.
  KMeans fallback result: {0: 2, 1: 2}
  [Round 45] Re-clustered (α=1.0). Changes: {0: (1, 0), 2: (0, 1)}
  [Round 45] Assignments: {'0': 0, '1': 0, '2': 1, '3': 1}
  [Round 45] Cluster 0 val NASA: 265690.80
  [Round 45] Cluster 1 val NASA: 72579.86
  [Round 45] Val NASA per client: [84793.3, 446588.3, 53589.7, 91570.0]
  [Round 46] Val NASA per client: [134663.1, 442300.7, 175563.9, 130404.1]
  [Round 47] Val NASA per client: [131652.7, 376150.3, 175494.6, 85489.0]
  [Round 48] Val NASA per client: [263442.5, 435133.3, 212165.1, 99993.3]
  [Round 49] Val NASA per client: [249062.2, 462140.1, 175419.9, 122926.5]
  [Round 50] Val NASA per client: [167397.4, 463508.6, 275316.1, 140948.6]

  [Final] MAE: 22.5299 | NASA: 26774.31
AC-PFL 707: {'method': 'acpfl', 'dataset': 'FD004', 'seed': 707, 'test_mae': 22.5299, 'nasa_score': 26774.31, 'comm_kb': 27650.0}
  [Round 1] Val NASA per client: [91727.4, 86760.8, 39765.2, 59572.1]
  [Round 2] Val NASA per client: [127556.6, 109029.4, 108932.1, 38701.8]
  [Round 3] Val NASA per client: [74308.9, 125551.6, 50474.6, 33446.4]
  [Round 4] Val NASA per client: [127375.7, 149741.5, 45733.2, 35588.8]
  [Round 5] Re-clustered (α=1.0). Changes: {1: (0, 1), 3: (1, 0)}
  [Round 5] Assignments: {'0': 0, '1': 1, '2': 1, '3': 0}
  [Round 5] Cluster 0 val NASA: 49804.55
  [Round 5] Cluster 1 val NASA: 85381.49
  [Round 5] Val NASA per client: [75078.5, 140168.3, 30594.7, 24530.7]
  [Round 6] Val NASA per client: [85675.2, 112027.8, 52308.6, 25896.2]
  [Round 7] Val NASA per client: [83003.6, 178142.6, 30969.8, 24676.0]
  [Round 8] Val NASA per client: [77346.6, 101641.6, 30746.3, 40577.0]
  [Round 9] Val NASA per client: [43893.6, 161585.6, 46269.2, 33077.6]
  ⚠️ Spectral produced invalid clusters {0: 1, 1: 3}. Falling back to KMeans.
  KMeans fallback result: {0: 2, 1: 2}
  [Round 10] Re-clustered (α=1.0). Changes: {1: (1, 0), 3: (0, 1)}
  [Round 10] Assignments: {'0': 0, '1': 0, '2': 1, '3': 1}
  [Round 10] Cluster 0 val NASA: 105032.12
  [Round 10] Cluster 1 val NASA: 30282.58
  [Round 10] Val NASA per client: [109196.7, 100867.5, 33824.6, 26740.6]
  [Round 11] Val NASA per client: [80909.7, 183206.6, 37167.8, 19661.0]
  [Round 12] Val NASA per client: [44682.3, 205034.4, 30871.6, 22290.3]
  [Round 13] Val NASA per client: [60720.5, 182947.7, 72893.6, 25503.8]
  [Round 14] Val NASA per client: [110550.4, 279342.8, 61278.1, 33514.4]
  ⚠️ Spectral produced invalid clusters {0: 3, 1: 1}. Falling back to KMeans.
  KMeans fallback result: {1: 2, 0: 2}
  [Round 15] Re-clustered (α=1.0). Changes: {0: (0, 1), 2: (1, 0)}
  [Round 15] Assignments: {'0': 1, '1': 0, '2': 0, '3': 1}
  [Round 15] Cluster 0 val NASA: 163448.23
  [Round 15] Cluster 1 val NASA: 56981.04
  [Round 15] Val NASA per client: [81128.2, 258289.7, 68606.7, 32833.8]
  [Round 16] Val NASA per client: [34142.4, 271956.6, 33539.3, 30581.4]
  [Round 17] Val NASA per client: [30881.4, 225972.2, 193386.7, 49839.2]
  [Round 18] Val NASA per client: [48259.4, 287507.0, 90685.0, 40949.5]
  [Round 19] Val NASA per client: [31093.7, 418725.5, 95177.5, 92096.5]
  ⚠️ Spectral produced invalid clusters {0: 3, 1: 1}. Falling back to KMeans.
  KMeans fallback result: {0: 2, 1: 2}
  [Round 20] Re-clustered (α=1.0). Changes: {0: (1, 0), 2: (0, 1)}
  [Round 20] Assignments: {'0': 0, '1': 0, '2': 1, '3': 1}
  [Round 20] Cluster 0 val NASA: 505901.71
  [Round 20] Cluster 1 val NASA: 201247.67
  [Round 20] Val NASA per client: [106052.2, 905751.2, 338836.8, 63658.5]
  [Round 21] Val NASA per client: [66718.2, 286647.4, 34657.3, 87890.8]
  [Round 22] Val NASA per client: [132128.2, 304000.3, 50045.7, 111343.2]
  [Round 23] Val NASA per client: [94570.8, 385113.3, 47784.3, 62992.7]
  [Round 24] Val NASA per client: [86266.4, 481581.8, 76641.1, 43634.5]
  ⚠️ Spectral produced invalid clusters {0: 1, 1: 3}. Falling back to KMeans.
  KMeans fallback result: {1: 2, 0: 2}
  [Round 25] Re-clustered (α=1.0). Changes: {0: (0, 1), 2: (1, 0)}
  [Round 25] Assignments: {'0': 1, '1': 0, '2': 0, '3': 1}
  [Round 25] Cluster 0 val NASA: 304333.76
  [Round 25] Cluster 1 val NASA: 103809.87
  [Round 25] Val NASA per client: [127918.3, 513924.5, 94743.0, 79701.4]
  [Round 26] Val NASA per client: [55340.9, 612440.4, 148225.7, 70153.0]
  [Round 27] Val NASA per client: [69963.1, 429444.4, 211644.0, 50955.4]
  [Round 28] Val NASA per client: [59976.1, 528481.4, 290449.1, 30062.3]
  [Round 29] Val NASA per client: [95836.9, 606499.2, 338517.8, 56890.3]
  [Round 30] Re-clustered (α=1.0). Changes: {0: (1, 0), 1: (0, 1)}
  [Round 30] Assignments: {'0': 0, '1': 1, '2': 0, '3': 1}
  [Round 30] Cluster 0 val NASA: 194258.70
  [Round 30] Cluster 1 val NASA: 398549.95
  [Round 30] Val NASA per client: [85841.3, 759130.1, 302676.1, 37969.8]
  [Round 31] Val NASA per client: [95782.0, 108557.3, 322228.6, 71431.0]
  [Round 32] Val NASA per client: [191661.9, 116360.3, 373815.0, 60796.1]
  [Round 33] Val NASA per client: [90220.0, 240830.4, 286489.2, 60970.8]
  [Round 34] Val NASA per client: [174296.1, 205478.3, 325975.8, 48196.5]
  [Round 35] Re-clustered (α=1.0). Changes: {1: (1, 0), 2: (0, 1)}
  [Round 35] Assignments: {'0': 0, '1': 0, '2': 1, '3': 1}
  [Round 35] Cluster 0 val NASA: 135234.26
  [Round 35] Cluster 1 val NASA: 158700.92
  [Round 35] Val NASA per client: [128454.8, 142013.7, 266039.3, 51362.6]
  [Round 36] Val NASA per client: [97999.0, 327728.6, 102034.5, 51751.9]
  [Round 37] Val NASA per client: [125309.9, 320860.1, 86787.8, 55671.1]
  [Round 38] Val NASA per client: [85568.7, 298753.9, 68345.1, 73518.5]
  [Round 39] Val NASA per client: [178193.4, 431510.9, 92694.0, 53020.3]
  [Round 40] Re-clustered (α=1.0). Changes: {1: (0, 1), 2: (1, 0)}
  [Round 40] Assignments: {'0': 0, '1': 1, '2': 0, '3': 1}
  [Round 40] Cluster 0 val NASA: 100510.41
  [Round 40] Cluster 1 val NASA: 205404.86
  [Round 40] Val NASA per client: [137862.8, 367361.4, 63158.0, 43448.3]
  [Round 41] Val NASA per client: [162901.9, 371981.5, 281167.6, 51904.2]
  [Round 42] Val NASA per client: [203010.0, 326339.9, 477776.6, 45410.8]
  [Round 43] Val NASA per client: [203624.5, 399363.7, 344576.6, 68917.9]
  [Round 44] Val NASA per client: [198059.6, 394246.3, 413394.0, 40296.6]
  [Round 45] Re-clustered (α=1.0). Changes: {1: (1, 0), 2: (0, 1)}
  [Round 45] Assignments: {'0': 0, '1': 0, '2': 1, '3': 1}
  [Round 45] Cluster 0 val NASA: 300444.64
  [Round 45] Cluster 1 val NASA: 135724.25
  [Round 45] Val NASA per client: [230504.0, 370385.3, 219025.8, 52422.6]
  [Round 46] Val NASA per client: [146458.6, 306541.8, 101654.4, 59949.0]
  [Round 47] Val NASA per client: [225389.2, 527404.5, 68010.7, 48587.9]
  [Round 48] Val NASA per client: [235196.9, 641528.7, 90114.1, 43284.5]
  [Round 49] Val NASA per client: [172431.9, 408304.0, 114189.4, 58202.6]
  [Round 50] Val NASA per client: [229933.2, 310026.5, 119677.1, 53903.0]
WARNING:tensorflow:5 out of the last 83 calls to <function TensorFlowTrainer.make_predict_function.<locals>.one_step_on_data_distributed at 0x7d4d4d1aa200> triggered tf.function retracing. Tracing is expensive and the excessive number of tracings could be due to (1) creating @tf.function repeatedly in a loop, (2) passing tensors with different shapes, (3) passing Python objects instead of tensors. For (1), please define your @tf.function outside of the loop. For (2), @tf.function has reduce_retracing=True option that can avoid unnecessary retracing. For (3), please refer to https://www.tensorflow.org/guide/function#controlling_retracing and https://www.tensorflow.org/api_docs/python/tf/function for  more details.
WARNING:tensorflow:5 out of the last 17 calls to <function TensorFlowTrainer.make_predict_function.<locals>.one_step_on_data_distributed at 0x7d4d4b1c2340> triggered tf.function retracing. Tracing is expensive and the excessive number of tracings could be due to (1) creating @tf.function repeatedly in a loop, (2) passing tensors with different shapes, (3) passing Python objects instead of tensors. For (1), please define your @tf.function outside of the loop. For (2), @tf.function has reduce_retracing=True option that can avoid unnecessary retracing. For (3), please refer to https://www.tensorflow.org/guide/function#controlling_retracing and https://www.tensorflow.org/api_docs/python/tf/function for  more details.

  [Final] MAE: 24.2517 | NASA: 42109.17
AC-PFL 808: {'method': 'acpfl', 'dataset': 'FD004', 'seed': 808, 'test_mae': 24.2517, 'nasa_score': 42109.17, 'comm_kb': 27650.0}
[Round 1] Global MAE: 39.9858
  [Round 2] Global MAE: 19.3225
  [Round 3] Global MAE: 21.2242
  [Round 4] Global MAE: 18.8952
  [Round 5] CFL one-shot clustering: {0: 0, 1: 1, 2: 0, 3: 1}
  [Round 5] Cluster MAEs: [18.57, 18.57] | Avg: 18.5726
  [Round 6] Cluster MAEs: [18.74, 19.81] | Avg: 19.2746
  [Round 7] Cluster MAEs: [19.3, 19.36] | Avg: 19.3276
  [Round 8] Cluster MAEs: [19.29, 20.07] | Avg: 19.6807
  [Round 9] Cluster MAEs: [19.47, 20.37] | Avg: 19.9239
  [Round 10] Cluster MAEs: [20.17, 19.94] | Avg: 20.0529
  [Round 11] Cluster MAEs: [19.95, 20.95] | Avg: 20.4531
  [Round 12] Cluster MAEs: [20.12, 21.41] | Avg: 20.761
  [Round 13] Cluster MAEs: [19.85, 20.62] | Avg: 20.2332
  [Round 14] Cluster MAEs: [19.99, 21.5] | Avg: 20.7458
  [Round 15] Cluster MAEs: [19.58, 21.73] | Avg: 20.6531
  [Round 16] Cluster MAEs: [19.62, 20.88] | Avg: 20.2469
  [Round 17] Cluster MAEs: [20.16, 21.27] | Avg: 20.7187
  [Round 18] Cluster MAEs: [20.07, 21.7] | Avg: 20.8878
  [Round 19] Cluster MAEs: [20.32, 20.6] | Avg: 20.4597
  [Round 20] Cluster MAEs: [20.87, 21.95] | Avg: 21.412
  [Round 21] Cluster MAEs: [21.32, 21.77] | Avg: 21.5407
  [Round 22] Cluster MAEs: [21.46, 22.06] | Avg: 21.7608
  [Round 23] Cluster MAEs: [20.79, 22.51] | Avg: 21.6509
  [Round 24] Cluster MAEs: [21.44, 21.51] | Avg: 21.477
  [Round 25] Cluster MAEs: [21.53, 22.56] | Avg: 22.045
  [Round 26] Cluster MAEs: [22.08, 22.17] | Avg: 22.1251
  [Round 27] Cluster MAEs: [21.84, 22.1] | Avg: 21.9695
  [Round 28] Cluster MAEs: [21.87, 22.52] | Avg: 22.1935
  [Round 29] Cluster MAEs: [21.82, 22.47] | Avg: 22.1443
  [Round 30] Cluster MAEs: [22.13, 23.75] | Avg: 22.9438
  [Round 31] Cluster MAEs: [21.87, 22.41] | Avg: 22.1371
  [Round 32] Cluster MAEs: [22.01, 23.67] | Avg: 22.8415
  [Round 33] Cluster MAEs: [22.56, 21.66] | Avg: 22.1097
  [Round 34] Cluster MAEs: [22.72, 23.03] | Avg: 22.8722
  [Round 35] Cluster MAEs: [22.54, 22.18] | Avg: 22.3583
  [Round 36] Cluster MAEs: [22.59, 22.95] | Avg: 22.7707
  [Round 37] Cluster MAEs: [22.54, 23.68] | Avg: 23.1052
  [Round 38] Cluster MAEs: [23.33, 22.99] | Avg: 23.1595
  [Round 39] Cluster MAEs: [23.23, 22.45] | Avg: 22.8422
  [Round 40] Cluster MAEs: [22.7, 23.0] | Avg: 22.8539
  [Round 41] Cluster MAEs: [23.57, 23.11] | Avg: 23.3395
  [Round 42] Cluster MAEs: [23.16, 23.21] | Avg: 23.185
  [Round 43] Cluster MAEs: [23.17, 24.86] | Avg: 24.0114
  [Round 44] Cluster MAEs: [21.33, 23.89] | Avg: 22.607
  [Round 45] Cluster MAEs: [23.65, 23.19] | Avg: 23.4231
  [Round 46] Cluster MAEs: [22.75, 23.89] | Avg: 23.3204
  [Round 47] Cluster MAEs: [22.87, 23.7] | Avg: 23.2825
  [Round 48] Cluster MAEs: [25.1, 23.6] | Avg: 24.3512
  [Round 49] Cluster MAEs: [23.96, 23.46] | Avg: 23.7088
  [Round 50] Cluster MAEs: [22.47, 24.98] | Avg: 23.7249
CFL: {'method': 'cfl', 'dataset': 'FD004', 'seed': 42, 'test_mae': 24.163, 'nasa_score': 57778.17, 'comm_kb': 27650.0}
  [Round 1] Global MAE: 39.8727
  [Round 2] Global MAE: 20.844
  [Round 3] Global MAE: 20.5339
  [Round 4] Global MAE: 19.87
  [Round 5] CFL one-shot clustering: {0: 0, 1: 0, 2: 0, 3: 1}
  [Round 5] Cluster MAEs: [19.5, 19.5] | Avg: 19.4973
  [Round 6] Cluster MAEs: [19.86, 23.77] | Avg: 21.8147
  [Round 7] Cluster MAEs: [19.95, 19.95] | Avg: 19.9543
  [Round 8] Cluster MAEs: [20.13, 23.23] | Avg: 21.6798
  [Round 9] Cluster MAEs: [19.64, 23.53] | Avg: 21.5831
  [Round 10] Cluster MAEs: [19.47, 25.26] | Avg: 22.3672
  [Round 11] Cluster MAEs: [19.9, 24.97] | Avg: 22.4346
  [Round 12] Cluster MAEs: [19.92, 23.99] | Avg: 21.9559
  [Round 13] Cluster MAEs: [21.05, 24.33] | Avg: 22.6901
  [Round 14] Cluster MAEs: [20.61, 23.62] | Avg: 22.1167
  [Round 15] Cluster MAEs: [20.42, 24.02] | Avg: 22.2173
  [Round 16] Cluster MAEs: [21.28, 27.5] | Avg: 24.3915
  [Round 17] Cluster MAEs: [21.42, 25.12] | Avg: 23.2706
  [Round 18] Cluster MAEs: [21.2, 25.2] | Avg: 23.1987
  [Round 19] Cluster MAEs: [21.24, 24.1] | Avg: 22.6696
  [Round 20] Cluster MAEs: [21.54, 25.2] | Avg: 23.3672
  [Round 21] Cluster MAEs: [21.83, 23.78] | Avg: 22.8061
  [Round 22] Cluster MAEs: [21.97, 25.56] | Avg: 23.7636
  [Round 23] Cluster MAEs: [22.29, 24.58] | Avg: 23.4309
  [Round 24] Cluster MAEs: [21.32, 24.71] | Avg: 23.0171
  [Round 25] Cluster MAEs: [22.03, 24.88] | Avg: 23.4572
  [Round 26] Cluster MAEs: [21.86, 24.33] | Avg: 23.0946
  [Round 27] Cluster MAEs: [22.53, 28.46] | Avg: 25.4946
  [Round 28] Cluster MAEs: [21.88, 24.59] | Avg: 23.239
  [Round 29] Cluster MAEs: [21.58, 24.85] | Avg: 23.2153
  [Round 30] Cluster MAEs: [21.7, 25.4] | Avg: 23.5469
  [Round 31] Cluster MAEs: [21.84, 26.35] | Avg: 24.0934
  [Round 32] Cluster MAEs: [22.29, 25.31] | Avg: 23.7966
  [Round 33] Cluster MAEs: [22.01, 26.15] | Avg: 24.0836
  [Round 34] Cluster MAEs: [22.52, 26.21] | Avg: 24.3689
  [Round 35] Cluster MAEs: [22.12, 25.68] | Avg: 23.9023
  [Round 36] Cluster MAEs: [21.98, 25.92] | Avg: 23.9499
  [Round 37] Cluster MAEs: [21.87, 27.5] | Avg: 24.6868
  [Round 38] Cluster MAEs: [21.92, 25.59] | Avg: 23.7559
  [Round 39] Cluster MAEs: [22.25, 25.74] | Avg: 23.9965
  [Round 40] Cluster MAEs: [23.09, 25.71] | Avg: 24.4014
  [Round 41] Cluster MAEs: [22.36, 24.8] | Avg: 23.5837
  [Round 42] Cluster MAEs: [22.29, 25.72] | Avg: 24.0041
  [Round 43] Cluster MAEs: [22.45, 25.33] | Avg: 23.8908
  [Round 44] Cluster MAEs: [22.74, 26.88] | Avg: 24.8111
  [Round 45] Cluster MAEs: [22.92, 26.01] | Avg: 24.463
  [Round 46] Cluster MAEs: [22.99, 25.21] | Avg: 24.0994
  [Round 47] Cluster MAEs: [23.11, 26.8] | Avg: 24.9542
  [Round 48] Cluster MAEs: [23.23, 26.06] | Avg: 24.6479
  [Round 49] Cluster MAEs: [22.76, 25.32] | Avg: 24.0392
  [Round 50] Cluster MAEs: [23.33, 25.84] | Avg: 24.5836
CFL: {'method': 'cfl', 'dataset': 'FD004', 'seed': 101, 'test_mae': 24.9496, 'nasa_score': 175929.49, 'comm_kb': 27650.0}
  [Round 1] Global MAE: 39.3373
  [Round 2] Global MAE: 19.6833
  [Round 3] Global MAE: 19.2368
  [Round 4] Global MAE: 18.4973
  [Round 5] CFL one-shot clustering: {0: 0, 1: 1, 2: 0, 3: 1}
  [Round 5] Cluster MAEs: [18.97, 18.97] | Avg: 18.9656
  [Round 6] Cluster MAEs: [20.73, 21.28] | Avg: 21.0096
  [Round 7] Cluster MAEs: [21.34, 20.57] | Avg: 20.9523
  [Round 8] Cluster MAEs: [22.47, 20.83] | Avg: 21.6526
  [Round 9] Cluster MAEs: [23.04, 20.48] | Avg: 21.7604
  [Round 10] Cluster MAEs: [23.43, 21.54] | Avg: 22.485
  [Round 11] Cluster MAEs: [23.21, 21.95] | Avg: 22.5791
  [Round 12] Cluster MAEs: [22.37, 21.95] | Avg: 22.1577
  [Round 13] Cluster MAEs: [22.67, 21.78] | Avg: 22.2238
  [Round 14] Cluster MAEs: [23.87, 21.41] | Avg: 22.6403
  [Round 15] Cluster MAEs: [22.67, 23.27] | Avg: 22.9735
  [Round 16] Cluster MAEs: [23.1, 22.88] | Avg: 22.9884
  [Round 17] Cluster MAEs: [22.93, 22.62] | Avg: 22.7751
  [Round 18] Cluster MAEs: [23.03, 22.61] | Avg: 22.8229
  [Round 19] Cluster MAEs: [23.22, 23.19] | Avg: 23.2051
  [Round 20] Cluster MAEs: [23.16, 23.31] | Avg: 23.2359
  [Round 21] Cluster MAEs: [22.52, 23.06] | Avg: 22.7926
  [Round 22] Cluster MAEs: [22.34, 22.87] | Avg: 22.6042
  [Round 23] Cluster MAEs: [23.23, 22.97] | Avg: 23.0978
  [Round 24] Cluster MAEs: [23.17, 22.18] | Avg: 22.6725
  [Round 25] Cluster MAEs: [23.34, 22.77] | Avg: 23.0545
  [Round 26] Cluster MAEs: [23.32, 23.58] | Avg: 23.4466
  [Round 27] Cluster MAEs: [22.47, 23.96] | Avg: 23.2154
  [Round 28] Cluster MAEs: [23.03, 23.29] | Avg: 23.1611
  [Round 29] Cluster MAEs: [23.6, 23.28] | Avg: 23.4358
  [Round 30] Cluster MAEs: [23.12, 24.4] | Avg: 23.7634
  [Round 31] Cluster MAEs: [22.95, 24.06] | Avg: 23.5026
  [Round 32] Cluster MAEs: [23.4, 24.66] | Avg: 24.0331
  [Round 33] Cluster MAEs: [25.6, 24.34] | Avg: 24.9676
  [Round 34] Cluster MAEs: [22.72, 24.55] | Avg: 23.6389
  [Round 35] Cluster MAEs: [22.41, 26.04] | Avg: 24.2238
  [Round 36] Cluster MAEs: [23.06, 24.17] | Avg: 23.6162
  [Round 37] Cluster MAEs: [21.75, 24.33] | Avg: 23.0393
  [Round 38] Cluster MAEs: [22.97, 25.13] | Avg: 24.0483
  [Round 39] Cluster MAEs: [23.59, 25.69] | Avg: 24.6412
  [Round 40] Cluster MAEs: [22.66, 24.55] | Avg: 23.603
  [Round 41] Cluster MAEs: [23.52, 25.0] | Avg: 24.2596
  [Round 42] Cluster MAEs: [23.43, 24.49] | Avg: 23.9614
  [Round 43] Cluster MAEs: [23.0, 24.55] | Avg: 23.774
  [Round 44] Cluster MAEs: [23.85, 26.84] | Avg: 25.3474
  [Round 45] Cluster MAEs: [24.42, 24.7] | Avg: 24.5621
  [Round 46] Cluster MAEs: [23.12, 25.51] | Avg: 24.3148
  [Round 47] Cluster MAEs: [23.04, 26.74] | Avg: 24.8892
  [Round 48] Cluster MAEs: [23.89, 26.18] | Avg: 25.0353
  [Round 49] Cluster MAEs: [23.22, 25.14] | Avg: 24.1794
  [Round 50] Cluster MAEs: [24.23, 25.76] | Avg: 24.9991
CFL: {'method': 'cfl', 'dataset': 'FD004', 'seed': 202, 'test_mae': 24.5501, 'nasa_score': 45596.36, 'comm_kb': 27650.0}
  [Round 1] Global MAE: 39.8604
  [Round 2] Global MAE: 21.463
WARNING:tensorflow:5 out of the last 17 calls to <function TensorFlowTrainer.make_predict_function.<locals>.one_step_on_data_distributed at 0x7add38303e20> triggered tf.function retracing. Tracing is expensive and the excessive number of tracings could be due to (1) creating @tf.function repeatedly in a loop, (2) passing tensors with different shapes, (3) passing Python objects instead of tensors. For (1), please define your @tf.function outside of the loop. For (2), @tf.function has reduce_retracing=True option that can avoid unnecessary retracing. For (3), please refer to https://www.tensorflow.org/guide/function#controlling_retracing and https://www.tensorflow.org/api_docs/python/tf/function for  more details.
  [Round 3] Global MAE: 19.5308
WARNING:tensorflow:5 out of the last 17 calls to <function TensorFlowTrainer.make_predict_function.<locals>.one_step_on_data_distributed at 0x7add20a0d4e0> triggered tf.function retracing. Tracing is expensive and the excessive number of tracings could be due to (1) creating @tf.function repeatedly in a loop, (2) passing tensors with different shapes, (3) passing Python objects instead of tensors. For (1), please define your @tf.function outside of the loop. For (2), @tf.function has reduce_retracing=True option that can avoid unnecessary retracing. For (3), please refer to https://www.tensorflow.org/guide/function#controlling_retracing and https://www.tensorflow.org/api_docs/python/tf/function for  more details.
  [Round 4] Global MAE: 19.3772
  [Round 5] CFL one-shot clustering: {0: 0, 1: 0, 2: 0, 3: 1}
  [Round 5] Cluster MAEs: [19.6, 19.6] | Avg: 19.5978
  [Round 6] Cluster MAEs: [19.9, 20.41] | Avg: 20.1524
  [Round 7] Cluster MAEs: [21.67, 20.61] | Avg: 21.1371
  [Round 8] Cluster MAEs: [19.9, 19.99] | Avg: 19.9406
  [Round 9] Cluster MAEs: [20.37, 20.46] | Avg: 20.4131
  [Round 10] Cluster MAEs: [20.6, 21.75] | Avg: 21.1742
  [Round 11] Cluster MAEs: [21.1, 23.64] | Avg: 22.369
  [Round 12] Cluster MAEs: [21.25, 23.01] | Avg: 22.1264
  [Round 13] Cluster MAEs: [21.82, 21.85] | Avg: 21.8329
  [Round 14] Cluster MAEs: [22.24, 23.97] | Avg: 23.1033
  [Round 15] Cluster MAEs: [22.52, 23.37] | Avg: 22.9429
  [Round 16] Cluster MAEs: [22.2, 23.2] | Avg: 22.7004
  [Round 17] Cluster MAEs: [22.11, 23.5] | Avg: 22.8053
  [Round 18] Cluster MAEs: [22.3, 22.65] | Avg: 22.4784
  [Round 19] Cluster MAEs: [22.6, 23.81] | Avg: 23.2064
  [Round 20] Cluster MAEs: [21.59, 23.37] | Avg: 22.4776
  [Round 21] Cluster MAEs: [22.03, 23.09] | Avg: 22.561
  [Round 22] Cluster MAEs: [22.68, 23.94] | Avg: 23.3126
  [Round 23] Cluster MAEs: [22.14, 24.44] | Avg: 23.2904
  [Round 24] Cluster MAEs: [22.05, 23.22] | Avg: 22.635
  [Round 25] Cluster MAEs: [22.19, 23.77] | Avg: 22.977
  [Round 26] Cluster MAEs: [22.23, 25.2] | Avg: 23.7107
  [Round 27] Cluster MAEs: [22.65, 24.41] | Avg: 23.5344
  [Round 28] Cluster MAEs: [22.07, 24.6] | Avg: 23.3381
  [Round 29] Cluster MAEs: [22.63, 23.93] | Avg: 23.2828
  [Round 30] Cluster MAEs: [22.83, 24.1] | Avg: 23.4677
  [Round 31] Cluster MAEs: [22.26, 24.82] | Avg: 23.5393
  [Round 32] Cluster MAEs: [22.8, 24.69] | Avg: 23.7451
  [Round 33] Cluster MAEs: [22.68, 24.52] | Avg: 23.601
  [Round 34] Cluster MAEs: [22.94, 25.6] | Avg: 24.2719
  [Round 35] Cluster MAEs: [22.74, 25.92] | Avg: 24.3302
  [Round 36] Cluster MAEs: [22.59, 25.17] | Avg: 23.8802
  [Round 37] Cluster MAEs: [23.22, 25.91] | Avg: 24.5609
  [Round 38] Cluster MAEs: [22.82, 24.69] | Avg: 23.7524
  [Round 39] Cluster MAEs: [23.01, 26.82] | Avg: 24.9161
  [Round 40] Cluster MAEs: [22.94, 25.39] | Avg: 24.1649
  [Round 41] Cluster MAEs: [23.18, 25.95] | Avg: 24.5627
  [Round 42] Cluster MAEs: [23.12, 25.79] | Avg: 24.4556
  [Round 43] Cluster MAEs: [22.98, 27.07] | Avg: 25.0267
  [Round 44] Cluster MAEs: [23.68, 26.77] | Avg: 25.2251
  [Round 45] Cluster MAEs: [23.31, 27.29] | Avg: 25.3002
  [Round 46] Cluster MAEs: [23.85, 25.42] | Avg: 24.6336
  [Round 47] Cluster MAEs: [23.84, 25.57] | Avg: 24.7036
  [Round 48] Cluster MAEs: [23.63, 26.95] | Avg: 25.2886
  [Round 49] Cluster MAEs: [23.44, 27.72] | Avg: 25.5782
  [Round 50] Cluster MAEs: [23.63, 26.95] | Avg: 25.2903
CFL: {'method': 'cfl', 'dataset': 'FD004', 'seed': 303, 'test_mae': 24.9089, 'nasa_score': 87211.39, 'comm_kb': 27650.0}
  [Round 1] Global MAE: 39.6341
  [Round 2] Global MAE: 20.4021
  [Round 3] Global MAE: 19.334
  [Round 4] Global MAE: 19.3306
  [Round 5] CFL one-shot clustering: {0: 1, 1: 0, 2: 0, 3: 0}
  [Round 5] Cluster MAEs: [19.65, 19.65] | Avg: 19.6459
  [Round 6] Cluster MAEs: [21.69, 21.86] | Avg: 21.7722
  [Round 7] Cluster MAEs: [19.41, 22.86] | Avg: 21.1366
  [Round 8] Cluster MAEs: [21.35, 25.86] | Avg: 23.6061
  [Round 9] Cluster MAEs: [22.78, 24.92] | Avg: 23.8506
  [Round 10] Cluster MAEs: [22.41, 24.95] | Avg: 23.6789
  [Round 11] Cluster MAEs: [21.83, 23.22] | Avg: 22.5233
  [Round 12] Cluster MAEs: [21.66, 25.69] | Avg: 23.676
  [Round 13] Cluster MAEs: [22.05, 26.39] | Avg: 24.2184
  [Round 14] Cluster MAEs: [22.47, 23.88] | Avg: 23.1782
  [Round 15] Cluster MAEs: [22.38, 26.28] | Avg: 24.3275
  [Round 16] Cluster MAEs: [21.6, 25.35] | Avg: 23.4716
  [Round 17] Cluster MAEs: [22.94, 26.25] | Avg: 24.5934
  [Round 18] Cluster MAEs: [22.15, 25.97] | Avg: 24.063
  [Round 19] Cluster MAEs: [22.54, 28.78] | Avg: 25.6628
  [Round 20] Cluster MAEs: [23.05, 26.99] | Avg: 25.0202
  [Round 21] Cluster MAEs: [23.01, 26.1] | Avg: 24.554
  [Round 22] Cluster MAEs: [22.59, 25.23] | Avg: 23.9117
  [Round 23] Cluster MAEs: [22.39, 25.6] | Avg: 23.9954
  [Round 24] Cluster MAEs: [22.86, 26.7] | Avg: 24.7802
  [Round 25] Cluster MAEs: [22.84, 27.39] | Avg: 25.1118
  [Round 26] Cluster MAEs: [22.61, 26.7] | Avg: 24.6555
  [Round 27] Cluster MAEs: [22.35, 25.9] | Avg: 24.1289
  [Round 28] Cluster MAEs: [23.4, 27.22] | Avg: 25.3081
  [Round 29] Cluster MAEs: [22.99, 26.18] | Avg: 24.5872
  [Round 30] Cluster MAEs: [23.15, 27.36] | Avg: 25.2584
  [Round 31] Cluster MAEs: [22.78, 26.06] | Avg: 24.4221
  [Round 32] Cluster MAEs: [23.39, 27.04] | Avg: 25.2158
  [Round 33] Cluster MAEs: [23.37, 27.41] | Avg: 25.3912
  [Round 34] Cluster MAEs: [22.93, 27.18] | Avg: 25.0502
  [Round 35] Cluster MAEs: [22.83, 28.87] | Avg: 25.851
  [Round 36] Cluster MAEs: [23.05, 30.59] | Avg: 26.8172
  [Round 37] Cluster MAEs: [22.95, 26.21] | Avg: 24.5793
  [Round 38] Cluster MAEs: [22.67, 27.29] | Avg: 24.9812
  [Round 39] Cluster MAEs: [23.2, 27.13] | Avg: 25.1645
  [Round 40] Cluster MAEs: [23.32, 25.75] | Avg: 24.5375
  [Round 41] Cluster MAEs: [23.9, 28.67] | Avg: 26.2822
  [Round 42] Cluster MAEs: [22.91, 28.61] | Avg: 25.7564
  [Round 43] Cluster MAEs: [23.1, 27.52] | Avg: 25.3099
  [Round 44] Cluster MAEs: [22.64, 27.73] | Avg: 25.1852
  [Round 45] Cluster MAEs: [23.23, 28.38] | Avg: 25.8072
  [Round 46] Cluster MAEs: [23.55, 27.4] | Avg: 25.4764
  [Round 47] Cluster MAEs: [22.57, 31.04] | Avg: 26.8047
  [Round 48] Cluster MAEs: [22.99, 26.92] | Avg: 24.9573
  [Round 49] Cluster MAEs: [22.93, 29.23] | Avg: 26.0803
  [Round 50] Cluster MAEs: [23.44, 29.68] | Avg: 26.558
CFL: {'method': 'cfl', 'dataset': 'FD004', 'seed': 2026, 'test_mae': 26.3722, 'nasa_score': 133383.88, 'comm_kb': 27650.0}
INFO flwr 2026-07-09 10:28:30,951 | app.py:225 | app_fit: losses_distributed [(1, 715.5659739488661), (2, 698.686590504308), (3, 690.3113657362182), (4, 756.2568642715219), (5, 793.2395115779705), (6, 822.7382789712395), (7, 873.1278280953209), (8, 796.3179009571826), (9, 847.1947077624188), (10, 871.1328140232685), (11, 864.0917476206055), (12, 970.2325612479225), (13, 924.8637558586871), (14, 951.1541017185122), (15, 964.3561498844085), (16, 921.497895524765), (17, 989.9316430511735), (18, 1007.9401831022748), (19, 922.1911717035094), (20, 1008.9727868088489), (21, 1025.3011076594066), (22, 946.7326785334521), (23, 947.6120257819575), (24, 966.6239631455513), (25, 958.5591138479059), (26, 979.6266526357261), (27, 1010.555948704868), (28, 1019.4892518668393), (29, 969.8419810307869), (30, 994.0862073273537), (31, 997.9840345986355), (32, 1015.8695007305793), (33, 996.1715102877621), (34, 1036.8906720370562), (35, 968.016595260591), (36, 1037.5847006060053), (37, 962.5658106397452), (38, 1005.9321032440901), (39, 994.0217913443071), (40, 1024.1029850116279), (41, 949.5770599343737), (42, 1026.0072713097397), (43, 958.6378179540382), (44, 1030.0425966425394), (45, 994.2052055881743), (46, 978.9017167407598), (47, 954.2693262905425), (48, 1003.1609875369122), (49, 972.6709952510386), (50, 1027.224258101921)]
INFO flwr 2026-07-09 10:28:30,952 | app.py:226 | app_fit: metrics_distributed_fit {}
INFO flwr 2026-07-09 10:28:30,954 | app.py:227 | app_fit: metrics_distributed {'mae': [(1, 21.637122680642566), (2, 21.155257937245246), (3, 20.920160390318934), (4, 21.34788317995627), (5, 22.0651983059759), (6, 22.2067158508915), (7, 23.01446303541996), (8, 21.815082648708103), (9, 22.4410990549667), (10, 22.732365091981645), (11, 22.387694461419812), (12, 23.80878542366193), (13, 23.21388073971397), (14, 23.957347231466933), (15, 23.89842675420088), (16, 22.987022902412026), (17, 23.641730911333195), (18, 24.142087397038416), (19, 23.399494959648987), (20, 23.9678528086933), (21, 23.588909609835788), (22, 23.295078489302245), (23, 23.519371343664304), (24, 23.351055371949666), (25, 23.632627958597354), (26, 23.694379063694843), (27, 23.917511340081123), (28, 23.684038826166127), (29, 23.48639574556676), (30, 23.732457017087597), (31, 23.700369431337407), (32, 24.007968280880913), (33, 23.726101278454962), (34, 23.772395321213647), (35, 23.459093376605747), (36, 24.062098767515806), (37, 23.38374506948555), (38, 24.10036072525158), (39, 23.969553736598126), (40, 23.792619048367445), (41, 23.137948276603847), (42, 24.170444603499913), (43, 23.602229489854995), (44, 24.122735902698537), (45, 23.825268425355556), (46, 23.552844494104363), (47, 23.246140565936493), (48, 23.784880095016696), (49, 23.107421723939986), (50, 24.112475047303935)]}
INFO flwr 2026-07-09 10:28:30,954 | app.py:228 | app_fit: losses_centralized []
INFO flwr 2026-07-09 10:28:30,955 | app.py:229 | app_fit: metrics_centralized {}

Ditto: {'method': 'ditto', 'dataset': 'FD004', 'seed': 42, 'test_mae': 23.2696, 'nasa_score': 45122.9, 'comm_kb': 28900.78}
INFO flwr 2026-07-09 12:05:45,264 | app.py:225 | app_fit: losses_distributed [(1, 831.2250631915701), (2, 703.6627416121612), (3, 794.130635201756), (4, 799.4606971905405), (5, 838.5599994399226), (6, 817.781928516797), (7, 971.1304034346889), (8, 910.3390284021002), (9, 957.7379680693489), (10, 903.093588284766), (11, 909.9889267776692), (12, 900.6067028279502), (13, 860.8820438902112), (14, 831.3503747860028), (15, 901.1521977968238), (16, 883.828074694215), (17, 885.1482547686891), (18, 845.1981128606334), (19, 883.6200595461135), (20, 921.730845221294), (21, 832.0326994084216), (22, 907.1400182213814), (23, 880.0816457356799), (24, 864.1275847561309), (25, 858.0583228860736), (26, 832.1258427878979), (27, 830.4832575855179), (28, 808.3669408562064), (29, 870.9552735249791), (30, 850.8025034458356), (31, 849.0770282801353), (32, 803.1292772986403), (33, 800.9173038030119), (34, 807.3521664118318), (35, 825.8731645344659), (36, 824.2868319395972), (37, 786.403275513686), (38, 804.3066163943275), (39, 823.3974181043321), (40, 904.1557262475329), (41, 821.6996236098613), (42, 831.8682057995435), (43, 927.3378687235918), (44, 849.2927047421207), (45, 842.5873385999018), (46, 820.4908400100658), (47, 836.1757978552303), (48, 798.407276620603), (49, 814.7656389650462), (50, 840.0940467018967)]
INFO flwr 2026-07-09 12:05:45,265 | app.py:226 | app_fit: metrics_distributed_fit {}
INFO flwr 2026-07-09 12:05:45,265 | app.py:227 | app_fit: metrics_distributed {'mae': [(1, 24.021851257511297), (2, 22.075271112892917), (3, 23.147887337621558), (4, 22.667166732955405), (5, 23.348131566977298), (6, 22.57055781085634), (7, 24.36499212146773), (8, 23.8193706709411), (9, 24.3336232145346), (10, 24.14687247614728), (11, 23.967708630463843), (12, 23.556542222641063), (13, 22.935357065156342), (14, 22.405279708925544), (15, 23.225370703038312), (16, 23.16598951398678), (17, 22.987807176866962), (18, 22.498807219556525), (19, 23.430437050465166), (20, 23.609119459253336), (21, 21.839530437603205), (22, 23.23681289572066), (23, 22.816429490768073), (24, 22.685017686375186), (25, 22.52174217205677), (26, 22.12944991484431), (27, 21.725651318288758), (28, 21.765618606380304), (29, 22.02823687167885), (30, 22.16787687399457), (31, 21.868373784720845), (32, 21.513167748198445), (33, 21.300226335882872), (34, 21.24403730078572), (35, 21.743339021142912), (36, 21.54878800398244), (37, 21.362547676502743), (38, 21.52014683680797), (39, 21.63825495530031), (40, 22.82396432678639), (41, 21.762115280732367), (42, 22.3890361072815), (43, 23.411279848461383), (44, 21.820447452244128), (45, 22.043571798073938), (46, 21.57023250614088), (47, 21.873808256889372), (48, 21.349683524289706), (49, 21.891447346561666), (50, 21.742675727234257)]}
INFO flwr 2026-07-09 12:05:45,266 | app.py:228 | app_fit: losses_centralized []
INFO flwr 2026-07-09 12:05:45,267 | app.py:229 | app_fit: metrics_centralized {}

Ditto: {'method': 'ditto', 'dataset': 'FD004', 'seed': 101, 'test_mae': 23.8484, 'nasa_score': 38520.75, 'comm_kb': 28900.78}
INFO flwr 2026-07-09 13:42:22,245 | app.py:225 | app_fit: losses_distributed [(1, 944.6076897240189), (2, 1226.6874242298381), (3, 728.2713523528029), (4, 651.1536363294465), (5, 752.4975633941385), (6, 771.3749813855436), (7, 741.105230635762), (8, 780.7622767289779), (9, 910.1375048222608), (10, 807.5270285187286), (11, 858.157785496951), (12, 908.3030627066124), (13, 912.1164628024912), (14, 873.424037166381), (15, 911.2288400944293), (16, 1006.2137775399558), (17, 932.7369430582283), (18, 936.9278394943001), (19, 958.6099384815816), (20, 948.0624909920766), (21, 911.3266590511246), (22, 911.4590408515139), (23, 1001.1290469232572), (24, 920.5393992179028), (25, 953.2981163378888), (26, 946.7957278452743), (27, 977.4226161995639), (28, 915.5826083096591), (29, 941.104810101003), (30, 944.3739644917215), (31, 1003.9019213963886), (32, 1021.5339622195376), (33, 918.2905447840106), (34, 928.2805150340341), (35, 930.933254131143), (36, 890.8898618130448), (37, 1028.3044179990488), (38, 940.575227620151), (39, 950.8005056535915), (40, 920.2303267183595), (41, 931.9419908383261), (42, 941.627308503406), (43, 942.5144990613801), (44, 944.9202116135605), (45, 907.858736600124), (46, 948.9248405695412), (47, 929.21397364216), (48, 947.9000733561536), (49, 909.0180788331552), (50, 964.5849007887464)]
INFO flwr 2026-07-09 13:42:22,246 | app.py:226 | app_fit: metrics_distributed_fit {}
INFO flwr 2026-07-09 13:42:22,247 | app.py:227 | app_fit: metrics_distributed {'mae': [(1, 24.47732724319625), (2, 27.42093905715482), (3, 21.3095290161717), (4, 19.631526396257478), (5, 21.430732104698247), (6, 21.76356519604125), (7, 20.855236311401345), (8, 21.303577049324442), (9, 23.16184757359295), (10, 21.914619214127352), (11, 22.37212197261682), (12, 23.195261234159695), (13, 23.381653478486456), (14, 22.349577884321526), (15, 22.835942756360723), (16, 24.32739117891102), (17, 23.35252431094624), (18, 23.821946911072562), (19, 23.834103195589023), (20, 23.464287949795544), (21, 22.571930657598667), (22, 22.785976778646994), (23, 23.989124634453866), (24, 22.928470995416284), (25, 23.580787040835638), (26, 22.98640515155857), (27, 23.661192248605953), (28, 22.86540028123485), (29, 23.19872451628977), (30, 22.575044565945472), (31, 23.439359806475213), (32, 23.764080579844748), (33, 22.948827931135387), (34, 22.467452545878302), (35, 22.84887883511187), (36, 22.28629977187765), (37, 24.048869333011794), (38, 22.910563014040168), (39, 22.57598088148269), (40, 22.391325344818128), (41, 22.48293215047634), (42, 22.967603325529037), (43, 22.8391149812984), (44, 22.843544648126223), (45, 22.573349139502433), (46, 22.943081997152277), (47, 23.042128005508026), (48, 23.48983734628022), (49, 22.662660868201154), (50, 22.844995996359383)]}
INFO flwr 2026-07-09 13:42:22,248 | app.py:228 | app_fit: losses_centralized []
INFO flwr 2026-07-09 13:42:22,250 | app.py:229 | app_fit: metrics_centralized {}

Ditto: {'method': 'ditto', 'dataset': 'FD004', 'seed': 202, 'test_mae': 22.9055, 'nasa_score': 27405.26, 'comm_kb': 28900.78}
INFO flwr 2026-07-09 15:22:02,094 | app.py:225 | app_fit: losses_distributed [(1, 831.4805327128848), (2, 830.2354186820086), (3, 836.8278130265653), (4, 792.0199665606552), (5, 796.8824286907521), (6, 800.1771430749659), (7, 781.7949374292235), (8, 903.3092374457295), (9, 861.9123264634129), (10, 842.4473841607456), (11, 880.7905738041411), (12, 951.1898440566131), (13, 875.9664910285028), (14, 881.6212036995162), (15, 947.582507202851), (16, 936.5469889791353), (17, 862.3145716447762), (18, 883.0946929628221), (19, 891.7628735047078), (20, 916.4035955615719), (21, 859.1631773731252), (22, 887.8090160668635), (23, 856.7107250001362), (24, 914.9702861791877), (25, 938.5590023065391), (26, 867.796918367645), (27, 858.3512879376134), (28, 893.9777467821814), (29, 907.0231576623788), (30, 894.2603390765361), (31, 879.9718364753503), (32, 877.5894232536514), (33, 861.0000469714128), (34, 836.9477988974536), (35, 889.0797398339469), (36, 873.4358397969063), (37, 844.2292884654988), (38, 855.7237263081815), (39, 889.4589582277222), (40, 988.8329320854695), (41, 891.4538160131466), (42, 836.2760497738133), (43, 820.602883906342), (44, 827.8429145753103), (45, 837.6774673555069), (46, 804.7824496926801), (47, 843.3123487375719), (48, 911.483471087754), (49, 831.8369514096704), (50, 834.7553287747642)]
INFO flwr 2026-07-09 15:22:02,095 | app.py:226 | app_fit: metrics_distributed_fit {}
INFO flwr 2026-07-09 15:22:02,096 | app.py:227 | app_fit: metrics_distributed {'mae': [(1, 23.96807310100045), (2, 23.845712895129708), (3, 23.40166380749351), (4, 22.916289806781837), (5, 23.124235656235243), (6, 22.941988850854234), (7, 22.668039410230318), (8, 24.144584948867273), (9, 24.019137001902607), (10, 23.44325389825464), (11, 23.797230397970832), (12, 24.647103409772974), (13, 23.65347001657797), (14, 23.779289223647503), (15, 24.88002760348344), (16, 24.377972685020257), (17, 23.348518903230925), (18, 23.050416764426185), (19, 23.53906460613475), (20, 23.74714846937897), (21, 23.008736873575472), (22, 23.802683568928185), (23, 23.015006833731057), (24, 23.87933497659286), (25, 23.90136389413804), (26, 22.831008133621257), (27, 23.08688315217374), (28, 23.629252840331894), (29, 23.511780818012316), (30, 23.193399166823806), (31, 22.683871475830557), (32, 23.109554247520947), (33, 22.841214944196377), (34, 22.03370431586957), (35, 22.977763362440704), (36, 22.66899250598763), (37, 22.440532099113152), (38, 22.634976045511042), (39, 22.751474819486102), (40, 24.104274026972867), (41, 23.142180166672023), (42, 22.584467963067812), (43, 21.60076754916178), (44, 21.4665197634934), (45, 21.719918892642664), (46, 21.619971800823603), (47, 22.175946924837394), (48, 22.881098038277326), (49, 22.025412497295044), (50, 22.171294396488783)]}
INFO flwr 2026-07-09 15:22:02,097 | app.py:228 | app_fit: losses_centralized []
INFO flwr 2026-07-09 15:22:02,097 | app.py:229 | app_fit: metrics_centralized {}

Ditto: {'method': 'ditto', 'dataset': 'FD004', 'seed': 303, 'test_mae': 23.1979, 'nasa_score': 25200.19, 'comm_kb': 28900.78}
INFO flwr 2026-07-09 17:03:49,298 | app.py:225 | app_fit: losses_distributed [(1, 710.2023191033358), (2, 767.7221622677266), (3, 729.0765200764047), (4, 750.8568668062611), (5, 718.1552138675067), (6, 786.9651615877542), (7, 820.418028257282), (8, 840.6092655973614), (9, 870.7005731934323), (10, 837.2387581862134), (11, 875.9038600511869), (12, 891.3260701231349), (13, 894.1919042115877), (14, 953.3091612754749), (15, 865.042666584359), (16, 920.5696313531292), (17, 919.0286171533851), (18, 982.0868563396383), (19, 994.8644415963905), (20, 940.1965155698597), (21, 950.252719713108), (22, 932.8579957229098), (23, 908.1206177658574), (24, 928.3690951650397), (25, 912.3500772009781), (26, 950.5942863750832), (27, 891.0081050936227), (28, 948.0299411704557), (29, 972.7366139515079), (30, 963.3588132040536), (31, 989.7711917870784), (32, 947.6920348619403), (33, 931.1586749245914), (34, 975.9154412639981), (35, 924.9882908790285), (36, 965.1301611307601), (37, 908.698345592662), (38, 904.722256978828), (39, 923.6708446996537), (40, 946.6876211353447), (41, 904.5988427070776), (42, 958.4972140581034), (43, 937.9947194784083), (44, 885.3808576076827), (45, 886.8581984056929), (46, 938.3778058213651), (47, 871.6666263186239), (48, 931.4843439750308), (49, 907.434466183308), (50, 919.9090920798737)]
INFO flwr 2026-07-09 17:03:49,299 | app.py:226 | app_fit: metrics_distributed_fit {}
INFO flwr 2026-07-09 17:03:49,300 | app.py:227 | app_fit: metrics_distributed {'mae': [(1, 22.342339238295615), (2, 22.599007702889274), (3, 22.085588112960636), (4, 21.801653024483546), (5, 21.154383857829668), (6, 22.426100417161553), (7, 22.767049631759782), (8, 22.90475173364415), (9, 23.282208322432027), (10, 22.571470718839873), (11, 23.22273988686342), (12, 23.484931027579705), (13, 22.846815249284315), (14, 24.29269431502757), (15, 22.76442897375468), (16, 23.741889499134825), (17, 24.07401247628488), (18, 24.427056108214977), (19, 24.678677007681227), (20, 23.862122290917874), (21, 23.85318786301124), (22, 24.073768369866023), (23, 23.600521301078548), (24, 23.93306113812671), (25, 23.446870474420752), (26, 23.92495970776788), (27, 23.07723041180248), (28, 24.009363742759245), (29, 23.972210796619162), (30, 24.079307223176947), (31, 24.30226270457239), (32, 23.686785707023017), (33, 23.529665563744786), (34, 23.873284888093814), (35, 23.581857211474457), (36, 24.085636340233403), (37, 23.673233236216305), (38, 23.50324237420139), (39, 23.60738721170894), (40, 23.827075941861512), (41, 23.467583204504933), (42, 23.80049323821856), (43, 23.282372938769345), (44, 22.71509283555015), (45, 22.81186340520165), (46, 23.730388068226414), (47, 22.49820876785156), (48, 23.520803619896434), (49, 23.247794659944333), (50, 23.09550145058549)]}
INFO flwr 2026-07-09 17:03:49,301 | app.py:228 | app_fit: losses_centralized []
INFO flwr 2026-07-09 17:03:49,301 | app.py:229 | app_fit: metrics_centralized {}

Ditto: {'method': 'ditto', 'dataset': 'FD004', 'seed': 2026, 'test_mae': 22.4209, 'nasa_score': 21909.05, 'comm_kb': 28900.78}
INFO flwr 2026-07-09 18:23:50,551 | app.py:225 | app_fit: losses_distributed [(1, 2005.9630908242434), (2, 622.8361835754216), (3, 641.2505258900113), (4, 540.6861129320039), (5, 554.6562505128746), (6, 549.7937843067084), (7, 560.0672762021339), (8, 581.5304760475616), (9, 604.7439208566705), (10, 618.7261957669746), (11, 649.8580686007393), (12, 631.2290869735191), (13, 649.124832680015), (14, 668.1026742955719), (15, 630.8072313030589), (16, 659.9566047286872), (17, 650.6065515420489), (18, 648.9202508702776), (19, 666.5280211376595), (20, 674.4742189883178), (21, 665.1063627796033), (22, 699.725879492217), (23, 686.6005920367161), (24, 677.1830743031686), (25, 688.3815020591642), (26, 729.044103253328), (27, 683.407265147873), (28, 708.1321128038281), (29, 702.8794391175637), (30, 703.9590488252259), (31, 701.4259284665267), (32, 719.075717474189), (33, 708.1139186272934), (34, 716.1486051639489), (35, 695.3283345968272), (36, 736.5766901732379), (37, 724.6305808687014), (38, 725.5790524985141), (39, 703.0507756237342), (40, 724.5018790253598), (41, 716.7122318052461), (42, 720.6182296551772), (43, 727.5068049316161), (44, 734.8712114532001), (45, 737.9225062596506), (46, 727.2668798599635), (47, 744.0027647752619), (48, 741.859779956008), (49, 719.2476236581971), (50, 723.2275638463236)]
INFO flwr 2026-07-09 18:23:50,552 | app.py:226 | app_fit: metrics_distributed_fit {}
INFO flwr 2026-07-09 18:23:50,553 | app.py:227 | app_fit: metrics_distributed {'mae': [(1, 37.73727259214128), (2, 20.631760136467165), (3, 20.65569617674602), (4, 18.65879224831158), (5, 18.592337531847676), (6, 18.778917368669752), (7, 18.711104832077524), (8, 18.745363261194143), (9, 19.10592443434132), (10, 18.82519558889952), (11, 19.880128188093412), (12, 19.806631414561824), (13, 19.874011938512187), (14, 20.03969296672952), (15, 19.589282559931032), (16, 19.909553614398824), (17, 19.915534423224653), (18, 19.589092093789507), (19, 19.929550723697478), (20, 20.035165475793704), (21, 19.93211869962189), (22, 20.505326290539458), (23, 20.508861062655544), (24, 20.313835165924598), (25, 20.515300396979423), (26, 21.020254682748384), (27, 20.272370514548662), (28, 20.549506398481515), (29, 20.809316212087015), (30, 20.77593275981733), (31, 20.602594295953544), (32, 20.96151370316957), (33, 20.628812131356746), (34, 20.604964669062433), (35, 20.48464500874092), (36, 20.906213928902908), (37, 20.787191038965712), (38, 20.81346861467019), (39, 20.612678417656113), (40, 20.81984499842753), (41, 20.695669432359164), (42, 20.580171672417578), (43, 20.650562916337527), (44, 20.911535935249802), (45, 20.894297427714584), (46, 20.65214086315504), (47, 20.889313902907226), (48, 21.003733354614354), (49, 20.690954660786293), (50, 20.66978832259077)]}
INFO flwr 2026-07-09 18:23:50,553 | app.py:228 | app_fit: losses_centralized [(0, 0.0), (1, 0.0), (2, 0.0), (3, 0.0), (4, 0.0), (5, 0.0), (6, 0.0), (7, 0.0), (8, 0.0), (9, 0.0), (10, 0.0), (11, 0.0), (12, 0.0), (13, 0.0), (14, 0.0), (15, 0.0), (16, 0.0), (17, 0.0), (18, 0.0), (19, 0.0), (20, 0.0), (21, 0.0), (22, 0.0), (23, 0.0), (24, 0.0), (25, 0.0), (26, 0.0), (27, 0.0), (28, 0.0), (29, 0.0), (30, 0.0), (31, 0.0), (32, 0.0), (33, 0.0), (34, 0.0), (35, 0.0), (36, 0.0), (37, 0.0), (38, 0.0), (39, 0.0), (40, 0.0), (41, 0.0), (42, 0.0), (43, 0.0), (44, 0.0), (45, 0.0), (46, 0.0), (47, 0.0), (48, 0.0), (49, 0.0), (50, 0.0)]
INFO flwr 2026-07-09 18:23:50,554 | app.py:229 | app_fit: metrics_centralized {'mae': [(0, 78.79354745251757), (1, 39.57946152840891), (2, 20.709436520453423), (3, 20.89390843722128), (4, 19.727420987621432), (5, 20.025868934969747), (6, 19.814595633937465), (7, 20.939878871363977), (8, 20.659256912046864), (9, 21.02276918195909), (10, 21.058797893985624), (11, 22.035241096250473), (12, 22.11813077618999), (13, 21.880375108411236), (14, 21.329318204233722), (15, 21.14257501017663), (16, 21.014110884358807), (17, 21.789918972599892), (18, 20.959334150437385), (19, 21.370010529795), (20, 21.447609982182904), (21, 21.59344325527068), (22, 21.883488462817283), (23, 21.909840599183113), (24, 21.62404186494889), (25, 21.581056202611617), (26, 22.667442137195216), (27, 21.16299905315522), (28, 22.18521704981404), (29, 21.954648271683723), (30, 22.07026147073315), (31, 21.279704932243593), (32, 21.500611166800223), (33, 22.426269546631843), (34, 22.332488167670466), (35, 21.824571863297493), (36, 21.84008321454448), (37, 22.877374172210693), (38, 22.958550699295536), (39, 22.77489334537137), (40, 22.65833322463497), (41, 22.670671893704323), (42, 22.387653050884122), (43, 22.372278405774026), (44, 22.48346148767779), (45, 22.384900146915065), (46, 22.130706702509233), (47, 22.00154226826083), (48, 22.243825820184522), (49, 22.16988520468435), (50, 22.574443724847608)], 'nasa_score': [(0, 1667418.293348175), (1, 258634.4751952449), (2, 10288.748117347086), (3, 17255.25823077038), (4, 9050.184633951747), (5, 9840.79651345585), (6, 10534.555271226885), (7, 18181.147496731486), (8, 21733.47123855602), (9, 40958.84309457467), (10, 57795.41817732956), (11, 59815.64842777424), (12, 57775.84702264752), (13, 51496.39927539831), (14, 46468.93471840075), (15, 39067.874978928434), (16, 60360.239692399), (17, 55619.00189368907), (18, 44920.18029394433), (19, 38026.07310317831), (20, 46513.02652478958), (21, 42631.20933007425), (22, 60667.033478003985), (23, 38400.183794242796), (24, 30362.137349275057), (25, 51153.37880485707), (26, 26510.21993601639), (27, 37343.71343520662), (28, 38217.81020697793), (29, 26693.370822200726), (30, 67674.5486885161), (31, 64033.4846297352), (32, 62554.4190285975), (33, 45389.48302208822), (34, 69187.55761753477), (35, 40576.51722140089), (36, 98503.7544729337), (37, 54518.10359471725), (38, 49165.08133900054), (39, 54965.11300244997), (40, 56135.20696193126), (41, 49274.486037413575), (42, 96492.31994218625), (43, 92629.19182296845), (44, 93973.827343535), (45, 140300.792686521), (46, 101173.27129085915), (47, 101586.2149938053), (48, 99985.51316991387), (49, 83911.10859276215), (50, 86212.3472803817)]}
{'method': 'fedprox', 'dataset': 'FD004', 'seed': 42,'test_mae': 22.5744, 'nasa_score': 86212.35, 'comm_kb': 28900.78}
INFO flwr 2026-07-09 19:49:14,154 | app.py:225 | app_fit: losses_distributed [(1, 1751.0338625175887), (2, 642.9843308335655), (3, 638.4828492422998), (4, 611.3044015749031), (5, 534.1926386099861), (6, 501.00212426268774), (7, 466.93536965592995), (8, 478.1085671826855), (9, 507.00682812761386), (10, 504.49932630509625), (11, 479.7405265843677), (12, 528.2371307462633), (13, 511.21990875628836), (14, 524.6116558740925), (15, 558.3059407759363), (16, 533.1619943425437), (17, 536.0309691919067), (18, 628.2816413269412), (19, 580.8985258434087), (20, 542.7936921710076), (21, 574.0742582210171), (22, 580.6190361559154), (23, 582.3621079753335), (24, 591.5205333711693), (25, 581.3850756226745), (26, 572.721876046588), (27, 592.7006974902883), (28, 581.0178511653658), (29, 597.1606629282221), (30, 588.7231572209976), (31, 591.9251206716999), (32, 615.1622941404648), (33, 585.6950870883463), (34, 584.7982358384104), (35, 597.4572208110089), (36, 609.9161080683355), (37, 589.288424813836), (38, 575.9736234163954), (39, 584.1600470802282), (40, 607.2212391983267), (41, 589.1524618521315), (42, 606.9934723738294), (43, 612.4998882954405), (44, 645.3021359332504), (45, 613.5565454413536), (46, 608.8790975869412), (47, 615.2457155923607), (48, 610.5966663284842), (49, 609.0991046729637), (50, 619.1922775002429)]
INFO flwr 2026-07-09 19:49:14,155 | app.py:226 | app_fit: metrics_distributed_fit {}
INFO flwr 2026-07-09 19:49:14,156 | app.py:227 | app_fit: metrics_distributed {'mae': [(1, 35.64946807956185), (2, 21.414672313545925), (3, 20.828449484269), (4, 20.29971754676504), (5, 19.143075788191947), (6, 18.81859630501717), (7, 17.994049438683405), (8, 17.52667942139341), (9, 18.23723968021035), (10, 18.496913098852534), (11, 17.529553997024646), (12, 18.21656856642262), (13, 18.199480445577247), (14, 18.21581722207482), (15, 18.45562581418195), (16, 17.999985695543984), (17, 18.15846025196511), (18, 19.773809230589038), (19, 18.719082748842578), (20, 18.124346619791943), (21, 18.721375066203542), (22, 18.779897771336998), (23, 19.137371428497424), (24, 19.013109661346682), (25, 18.535882329800817), (26, 18.49999263524968), (27, 18.84727569458872), (28, 18.440203119942282), (29, 18.89981236241268), (30, 18.284718330691586), (31, 18.425268359473282), (32, 19.16969205200559), (33, 18.31955187235486), (34, 18.625180518476895), (35, 18.33239876209115), (36, 18.81099947061672), (37, 18.163563213700808), (38, 17.73345086636722), (39, 18.35202428389246), (40, 18.156543753921543), (41, 18.61131695345716), (42, 18.36094686178485), (43, 18.852118476975708), (44, 18.889480666244737), (45, 18.25359814337057), (46, 18.393477683115904), (47, 17.66442894264528), (48, 18.560315145974414), (49, 18.073401161928988), (50, 18.577500086747968)]}
INFO flwr 2026-07-09 19:49:14,157 | app.py:228 | app_fit: losses_centralized [(0, 0.0), (1, 0.0), (2, 0.0), (3, 0.0), (4, 0.0), (5, 0.0), (6, 0.0), (7, 0.0), (8, 0.0), (9, 0.0), (10, 0.0), (11, 0.0), (12, 0.0), (13, 0.0), (14, 0.0), (15, 0.0), (16, 0.0), (17, 0.0), (18, 0.0), (19, 0.0), (20, 0.0), (21, 0.0), (22, 0.0), (23, 0.0), (24, 0.0), (25, 0.0), (26, 0.0), (27, 0.0), (28, 0.0), (29, 0.0), (30, 0.0), (31, 0.0), (32, 0.0), (33, 0.0), (34, 0.0), (35, 0.0), (36, 0.0), (37, 0.0), (38, 0.0), (39, 0.0), (40, 0.0), (41, 0.0), (42, 0.0), (43, 0.0), (44, 0.0), (45, 0.0), (46, 0.0), (47, 0.0), (48, 0.0), (49, 0.0), (50, 0.0)]
INFO flwr 2026-07-09 19:49:14,157 | app.py:229 | app_fit: metrics_centralized {'mae': [(0, 79.46847114687965), (1, 39.012699127197266), (2, 21.595389823759756), (3, 21.45049182445772), (4, 20.9835425634538), (5, 20.092556584265925), (6, 19.81624214879928), (7, 19.579317523587136), (8, 19.397955967533974), (9, 19.703676835183174), (10, 19.946565551142537), (11, 19.85585610712728), (12, 20.192310706261665), (13, 19.60171046564656), (14, 19.167808328905412), (15, 20.104625405803805), (16, 19.953039188538828), (17, 20.121837212193398), (18, 20.94878972345783), (19, 20.407777351717794), (20, 21.523693115480484), (21, 20.84470606619312), (22, 21.234639398513302), (23, 21.42721204603872), (24, 21.40305801360838), (25, 21.151920110948623), (26, 22.033314074239424), (27, 21.82136308762335), (28, 21.548523979802287), (29, 20.97852373892261), (30, 21.83648790082624), (31, 21.01066279411316), (32, 21.460606805739864), (33, 21.37122161926762), (34, 21.90143858232806), (35, 21.423740848418205), (36, 21.531995227259973), (37, 21.814670255107263), (38, 22.067229786226825), (39, 21.954010186656827), (40, 21.680155507979855), (41, 21.6881027683135), (42, 21.974469738621867), (43, 21.848674128132483), (44, 21.937526810553766), (45, 22.236723146130963), (46, 22.284676105745376), (47, 22.503300482226955), (48, 22.273993845908873), (49, 21.70358071788665), (50, 22.939454493984098)], 'nasa_score': [(0, 1757656.3616033474), (1, 234553.18000897672), (2, 7444.452711931448), (3, 7723.795360705554), (4, 9791.961614512496), (5, 10226.490445244805), (6, 6964.862833269407), (7, 12603.834092867774), (8, 20134.21511188024), (9, 16429.96058793004), (10, 30563.42665399544), (11, 32510.118940811895), (12, 18643.169643926216), (13, 33101.59753748853), (14, 23971.751519030455), (15, 24473.438110815885), (16, 35936.930116272575), (17, 25451.815350197852), (18, 18908.31375101443), (19, 27299.528068593936), (20, 51552.22190659765), (21, 34667.63802383408), (22, 37490.37987088078), (23, 30566.087727897142), (24, 38809.02887430446), (25, 42217.85674875212), (26, 54622.65862631334), (27, 51183.18074955416), (28, 47785.510352695914), (29, 40083.13854681229), (30, 59749.43857728431), (31, 31825.700201222484), (32, 33386.67322815832), (33, 30567.683611060842), (34, 62701.463534043825), (35, 28940.43670291225), (36, 30882.88820246519), (37, 35007.10195411541), (38, 85873.17403082448), (39, 40544.44791223177), (40, 27182.964922205145), (41, 30503.928243336788), (42, 44493.991620546585), (43, 19983.259981165575), (44, 20952.86617045918), (45, 48860.660652186896), (46, 38484.564082225836), (47, 70826.56458940938), (48, 30560.853234977054), (49, 32559.656829668624), (50, 47992.80927792285)]}

FedProx: {'method': 'fedprox', 'dataset': 'FD004', 'seed': 101, 'test_mae': 22.9395, 'nasa_score': 47992.81, 'comm_kb': 28900.78}
INFO flwr 2026-07-09 20:43:25,068 | app.py:225 | app_fit: losses_distributed [(1, 2152.7753116776025), (2, 827.5023335989625), (3, 698.9771689260649), (4, 653.2653351463223), (5, 612.9775672316866), (6, 539.2106346812441), (7, 577.3153261999867), (8, 605.0528426024654), (9, 551.6290638253447), (10, 584.2768376658701), (11, 551.0274223146328), (12, 534.7547236399038), (13, 617.6311611145319), (14, 621.2469247582723), (15, 608.9496959051695), (16, 652.0601944263276), (17, 615.1605210565073), (18, 619.3102070374202), (19, 638.4176427149764), (20, 618.1581761069857), (21, 628.5407780748366), (22, 622.3378416541296), (23, 638.4037700237216), (24, 692.0862486618773), (25, 647.2617661552761), (26, 657.8565930654669), (27, 660.7749116394665), (28, 674.3318246663719), (29, 678.1793489517332), (30, 666.7531162810209), (31, 685.1895818490885), (32, 676.8854435849127), (33, 682.2169644453983), (34, 671.713560756941), (35, 698.2346867029283), (36, 705.7193790696243), (37, 723.5567271701348), (38, 700.1464703825005), (39, 693.6845701398241), (40, 682.9996214082042), (41, 688.1479381214489), (42, 684.9460931905303), (43, 758.9919450573542), (44, 707.1199904491838), (45, 700.2353628497445), (46, 684.7904509231757), (47, 706.6831868854122), (48, 708.5394223564663), (49, 690.5772044995919), (50, 701.3948768779765)]
INFO flwr 2026-07-09 20:43:25,068 | app.py:226 | app_fit: metrics_distributed_fit {}
INFO flwr 2026-07-09 20:43:25,069 | app.py:227 | app_fit: metrics_distributed {'mae': [(1, 41.96568622358877), (2, 23.383390424117554), (3, 21.821441685645276), (4, 20.485357322858352), (5, 19.650936118255064), (6, 18.955798789088746), (7, 19.017164980767134), (8, 19.582815508984567), (9, 18.903608838732133), (10, 19.589717817144635), (11, 18.576228229201817), (12, 17.965138602103885), (13, 19.146124877735428), (14, 19.062577742443853), (15, 18.805791158579016), (16, 19.819325413446702), (17, 19.258998345087626), (18, 19.125099944780565), (19, 19.366863857256337), (20, 18.807752666271934), (21, 19.182879923335204), (22, 19.103871488337337), (23, 19.11769374529401), (24, 19.913807459931604), (25, 19.488597708888793), (26, 19.314511417308335), (27, 19.454722213817064), (28, 19.637100978960678), (29, 19.865233086046747), (30, 19.647191007197556), (31, 20.074867851461658), (32, 19.578667063660912), (33, 19.727753203034805), (34, 19.48263830996513), (35, 19.772960667338563), (36, 20.175712160774555), (37, 20.161678378422817), (38, 19.836854103689866), (39, 19.971976426807004), (40, 19.423413005427385), (41, 19.7284040879142), (42, 19.61812091476285), (43, 20.5587731731563), (44, 19.79462108878269), (45, 19.68295130878968), (46, 19.59083505631932), (47, 19.83530085260398), (48, 20.126151295348592), (49, 19.344977328661297), (50, 19.7495569675565)]}
INFO flwr 2026-07-09 20:43:25,070 | app.py:228 | app_fit: losses_centralized [(0, 0.0), (1, 0.0), (2, 0.0), (3, 0.0), (4, 0.0), (5, 0.0), (6, 0.0), (7, 0.0), (8, 0.0), (9, 0.0), (10, 0.0), (11, 0.0), (12, 0.0), (13, 0.0), (14, 0.0), (15, 0.0), (16, 0.0), (17, 0.0), (18, 0.0), (19, 0.0), (20, 0.0), (21, 0.0), (22, 0.0), (23, 0.0), (24, 0.0), (25, 0.0), (26, 0.0), (27, 0.0), (28, 0.0), (29, 0.0), (30, 0.0), (31, 0.0), (32, 0.0), (33, 0.0), (34, 0.0), (35, 0.0), (36, 0.0), (37, 0.0), (38, 0.0), (39, 0.0), (40, 0.0), (41, 0.0), (42, 0.0), (43, 0.0), (44, 0.0), (45, 0.0), (46, 0.0), (47, 0.0), (48, 0.0), (49, 0.0), (50, 0.0)]
INFO flwr 2026-07-09 20:43:25,070 | app.py:229 | app_fit: metrics_centralized {'mae': [(0, 79.99762530889242), (1, 40.1396817545737), (2, 21.676869650040903), (3, 20.6246894521098), (4, 20.717142818435544), (5, 20.39332607869179), (6, 18.818350326630377), (7, 19.07214552356351), (8, 20.26633399148141), (9, 19.42595607619132), (10, 20.04348861017535), (11, 19.566248228473047), (12, 19.807083249092102), (13, 20.660761079480572), (14, 20.126220910779892), (15, 20.02109925208553), (16, 20.844912786637583), (17, 20.33855110983695), (18, 20.63473416143848), (19, 20.370604830403483), (20, 20.234505115016812), (21, 20.28831974921688), (22, 19.88537255410225), (23, 19.810923684027888), (24, 20.511842004714474), (25, 20.541795107626147), (26, 20.08786171482455), (27, 19.968813965397498), (28, 20.016610099423318), (29, 20.05320785122533), (30, 20.201734150609663), (31, 20.015287207018943), (32, 19.670345237178186), (33, 20.344999759427964), (34, 20.22490563700276), (35, 20.200610045463808), (36, 20.314705218038252), (37, 20.24476364351088), (38, 20.279109431851296), (39, 20.359342298200055), (40, 20.052490326666064), (41, 20.49308406153033), (42, 20.536896920973255), (43, 20.90273812509352), (44, 20.64826036268665), (45, 20.975610240813225), (46, 20.9451747709705), (47, 21.33049391162011), (48, 21.20371852382537), (49, 20.79743254569269), (50, 21.666047511562223)], 'nasa_score': [(0, 1828224.4400731223), (1, 22613.599592012055), (2, 6434.862190435085), (3, 4374.313642711424), (4, 9062.702200272422), (5, 16991.080672457807), (6, 10664.811300015297), (7, 11718.34911100773), (8, 17637.84543245393), (9, 11654.373609140088), (10, 8713.330507216313), (11, 13014.858133878399), (12, 8997.345220413641), (13, 11725.407856189753), (14, 10659.450159015545), (15, 10044.067883086442), (16, 9740.225426842731), (17, 11344.269368826406), (18, 17613.923035115662), (19, 13040.921494203045), (20, 14906.450389559679), (21, 11951.54953326685), (22, 21628.306143139707), (23, 11976.915867755353), (24, 10701.02547628685), (25, 15379.647612249944), (26, 11942.613411578976), (27, 14765.734186289941), (28, 14837.443647177795), (29, 16261.746967380028), (30, 13454.74759054131), (31, 11290.059698339577), (32, 14280.514906048822), (33, 14986.658746174362), (34, 14788.399470933717), (35, 12753.35230957613), (36, 13101.737193073703), (37, 14340.94267320374), (38, 16944.37782276101), (39, 14007.562810294363), (40, 21694.5111907291), (41, 14183.499061902576), (42, 14886.469474840567), (43, 11666.156364148712), (44, 11384.492823389868), (45, 15866.2588554318), (46, 14425.911867566876), (47, 14883.371747370784), (48, 14418.901555549808), (49, 21003.560394222448), (50, 23256.657402333723)]}

FedProx: {'method': 'fedprox', 'dataset': 'FD004', 'seed': 202, 'test_mae': 21.666, 'nasa_score': 23256.66, 'comm_kb': 28900.78}
INFO flwr 2026-07-09 21:41:35,940 | app.py:225 | app_fit: losses_distributed [(1, 1853.1980680994352), (2, 587.6725169816775), (3, 661.878252328513), (4, 571.1596157114564), (5, 736.2888088469186), (6, 740.657236846812), (7, 739.179621743216), (8, 751.0921339204376), (9, 813.8462228926402), (10, 699.6300748608488), (11, 781.3722311193233), (12, 754.3216321497048), (13, 793.1783622609952), (14, 793.8287513635763), (15, 790.3398153137707), (16, 738.4304832193669), (17, 763.9513795893582), (18, 818.999125482149), (19, 834.0600539200306), (20, 818.4907286234932), (21, 915.5355915021006), (22, 785.9355581760324), (23, 852.3688954357159), (24, 767.7585541468816), (25, 879.2331846015275), (26, 755.1525521191048), (27, 737.9761251718736), (28, 776.2590698582869), (29, 778.2274153047512), (30, 786.608880421472), (31, 803.7628604257458), (32, 793.945482686201), (33, 779.0382781828051), (34, 761.9411270884179), (35, 753.8155978775224), (36, 769.4592733897194), (37, 810.3504508680726), (38, 774.6533679386594), (39, 780.340514625697), (40, 779.6964076940621), (41, 780.0776329339955), (42, 760.6046090038705), (43, 762.2537129773284), (44, 763.5481256990352), (45, 756.3065918064567), (46, 733.6293403789175), (47, 748.0194450683168), (48, 763.4118804798562), (49, 758.1018842999565), (50, 746.573496649699)]
INFO flwr 2026-07-09 21:41:35,941 | app.py:226 | app_fit: metrics_distributed_fit {}
INFO flwr 2026-07-09 21:41:35,942 | app.py:227 | app_fit: metrics_distributed {'mae': [(1, 36.248826629928786), (2, 20.245749356129938), (3, 20.99315193188912), (4, 19.789525915851524), (5, 21.77573803126989), (6, 21.52803640666691), (7, 21.654621424526105), (8, 21.665392250534794), (9, 22.53261632085907), (10, 20.763344763711384), (11, 22.072845043280186), (12, 21.56399154213946), (13, 22.144284387585508), (14, 22.302194479724903), (15, 21.91670153824297), (16, 21.43355456135482), (17, 22.154691046577213), (18, 22.826749327876026), (19, 22.712237578504645), (20, 22.58492149833441), (21, 23.588438218704137), (22, 21.914838496956257), (23, 22.89052017118094), (24, 21.64214337144496), (25, 23.36111234508217), (26, 21.672281003759394), (27, 20.6916604180954), (28, 21.788588817635695), (29, 21.6369943192923), (30, 21.883948397307876), (31, 21.715584214977543), (32, 21.610816508256057), (33, 21.85198997349176), (34, 21.161937268641573), (35, 20.699839460564892), (36, 21.155509402276582), (37, 22.12309875801016), (38, 21.33977487668221), (39, 21.470902168457574), (40, 21.49864926447154), (41, 21.77985118468062), (42, 21.19063682562806), (43, 21.310031705058183), (44, 21.00264279671454), (45, 21.112538585233665), (46, 20.716076015823074), (47, 21.00882747962216), (48, 21.12640240711004), (49, 20.760217575467156), (50, 21.010005309988063)]}
INFO flwr 2026-07-09 21:41:35,943 | app.py:228 | app_fit: losses_centralized [(0, 0.0), (1, 0.0), (2, 0.0), (3, 0.0), (4, 0.0), (5, 0.0), (6, 0.0), (7, 0.0), (8, 0.0), (9, 0.0), (10, 0.0), (11, 0.0), (12, 0.0), (13, 0.0), (14, 0.0), (15, 0.0), (16, 0.0), (17, 0.0), (18, 0.0), (19, 0.0), (20, 0.0), (21, 0.0), (22, 0.0), (23, 0.0), (24, 0.0), (25, 0.0), (26, 0.0), (27, 0.0), (28, 0.0), (29, 0.0), (30, 0.0), (31, 0.0), (32, 0.0), (33, 0.0), (34, 0.0), (35, 0.0), (36, 0.0), (37, 0.0), (38, 0.0), (39, 0.0), (40, 0.0), (41, 0.0), (42, 0.0), (43, 0.0), (44, 0.0), (45, 0.0), (46, 0.0), (47, 0.0), (48, 0.0), (49, 0.0), (50, 0.0)]
INFO flwr 2026-07-09 21:41:35,944 | app.py:229 | app_fit: metrics_centralized {'mae': [(0, 78.9104992480528), (1, 39.71637805815666), (2, 20.355866286062426), (3, 20.707011349739567), (4, 20.431724829058492), (5, 21.007702942817442), (6, 21.24614736341661), (7, 21.15940014585372), (8, 21.578190326690674), (9, 22.33067640566057), (10, 23.016859689066486), (11, 22.929518861155355), (12, 23.085323852877462), (13, 23.245874893280767), (14, 23.09887976415696), (15, 23.63368973808904), (16, 23.872732766212955), (17, 23.445213529371447), (18, 23.389528924419032), (19, 23.837042235559032), (20, 23.753019548231556), (21, 23.787331111969486), (22, 23.56848619830224), (23, 23.53231090884055), (24, 22.955279688681326), (25, 23.51751709753467), (26, 23.379681325727894), (27, 23.035682062948904), (28, 23.392641452050977), (29, 22.945809187427646), (30, 22.57540738967157), (31, 22.721732016532652), (32, 22.687331599573934), (33, 23.144187927246094), (34, 22.55549833851476), (35, 22.891797527190178), (36, 23.18914281937384), (37, 22.644299830159834), (38, 23.18887129906685), (39, 23.11361393620891), (40, 22.823621234586163), (41, 22.795844324173466), (42, 22.58405654661117), (43, 23.11263636619814), (44, 22.479173444932506), (45, 22.57352389058759), (46, 23.820444245492258), (47, 22.667182291707686), (48, 22.747463533955237), (49, 22.987309671217396), (50, 22.910509863207416)], 'nasa_score': [(0, 1682217.2817350316), (1, 286590.2088108405), (2, 8730.048191879612), (3, 11677.9195924414), (4, 21280.330632743942), (5, 22559.653691666525), (6, 28652.86475399654), (7, 21764.00609562393), (8, 24467.321815509124), (9, 14885.298049927824), (10, 37721.815653133), (11, 22168.353336734162), (12, 23153.71132033517), (13, 15069.390695680564), (14, 16320.84869627215), (15, 17270.21299459698), (16, 51618.36234452225), (17, 33740.233363940846), (18, 14980.72510763085), (19, 19015.123715437534), (20, 13825.144298988489), (21, 13525.028356339777), (22, 30202.39657609799), (23, 19835.29354862285), (24, 30544.740411967825), (25, 18047.595233451804), (26, 76216.25938700735), (27, 60900.099399420986), (28, 36724.98267927308), (29, 38844.72411353251), (30, 23253.48669406073), (31, 39235.46883177466), (32, 62117.7353772696), (33, 40054.526693084445), (34, 58971.68026712895), (35, 76962.7050584284), (36, 74685.73236098413), (37, 46863.34388198902), (38, 91381.3316341278), (39, 54765.26332802444), (40, 60205.47023914741), (41, 72404.26321272121), (42, 116657.25962774972), (43, 105400.87396646892), (44, 129849.61595023554), (45, 100586.94628368565), (46, 109112.90695997718), (47, 59223.003231608396), (48, 88003.59462984493), (49, 131731.37762559764), (50, 126335.6259190471)]}

FedProx: {'method': 'fedprox', 'dataset': 'FD004', 'seed': 303, 'test_mae': 22.9105, 'nasa_score': 126335.63, 'comm_kb': 28900.78}
INFO flwr 2026-07-20 11:20:12,679 | app.py:225 | app_fit: losses_distributed [(1, 1241.5504547232588), (2, 533.4460405456089), (3, 502.1584056386274), (4, 489.22009419154057), (5, 453.5934577204481), (6, 459.8932467974695), (7, 460.7514118293847), (8, 470.10599884827343), (9, 486.5454083410781), (10, 497.2596129463508), (11, 492.5103832230692), (12, 506.5721291609413), (13, 546.8064522073172), (14, 551.0046819637256), (15, 536.7256197791118), (16, 555.7763099188255), (17, 523.2221055580337), (18, 545.3133454191641), (19, 549.5278876719422), (20, 562.2480313779696), (21, 611.9785660016936), (22, 563.8944689045165), (23, 554.1860479475397), (24, 571.235245596166), (25, 583.0779629788877), (26, 615.4013603976225), (27, 598.5832147818072), (28, 635.9285534996968), (29, 596.4512182923497), (30, 616.9414973375966), (31, 598.4490696676602), (32, 641.656310371484), (33, 674.9208354907408), (34, 659.7470381953016), (35, 636.0675295833319), (36, 593.6933381942125), (37, 621.9825308562212), (38, 639.9337273920336), (39, 624.5084178825293), (40, 626.421338937185), (41, 620.4501011079129), (42, 628.0128896521813), (43, 645.5815564719275), (44, 642.5779755376085), (45, 666.5685136419247), (46, 668.6933034903941), (47, 660.817234966746), (48, 700.4296173889841), (49, 684.5506586181186), (50, 675.0157909747836)]
INFO flwr 2026-07-20 11:20:12,680 | app.py:226 | app_fit: metrics_distributed_fit {}
INFO flwr 2026-07-20 11:20:12,681 | app.py:227 | app_fit: metrics_distributed {'mae': [(1, 30.005144741809943), (2, 19.397473450841513), (3, 18.791988977623696), (4, 18.259979414673985), (5, 17.31326467060245), (6, 17.885530238878328), (7, 17.626779856912265), (8, 17.530436966321727), (9, 18.15391471696166), (10, 17.29562707213221), (11, 17.552596989883366), (12, 17.650461088060002), (13, 18.476192618302697), (14, 18.453042802491595), (15, 17.94702493656967), (16, 18.785881052052666), (17, 17.920226141422656), (18, 17.955266763020624), (19, 17.918209155696033), (20, 18.205529764416493), (21, 19.084569960633175), (22, 18.10728671382351), (23, 18.022992124167516), (24, 18.381185867529375), (25, 18.859957209484286), (26, 19.050207111117565), (27, 18.840944189830342), (28, 19.268749330300825), (29, 19.155845703068277), (30, 19.263144458536765), (31, 18.6628728437601), (32, 19.07301445485934), (33, 19.80715297801787), (34, 19.545857630520505), (35, 19.342207030115517), (36, 18.636293102817465), (37, 18.893603550545787), (38, 19.47856666891105), (39, 19.069545257667627), (40, 19.069762787588466), (41, 18.815069317729055), (42, 19.166591114271085), (43, 19.43505484570358), (44, 19.07661311298498), (45, 19.378350970647592), (46, 19.249367557227835), (47, 19.202926743695283), (48, 19.75622797384581), (49, 19.569763018207478), (50, 19.547706328537384)]}
INFO flwr 2026-07-20 11:20:12,681 | app.py:228 | app_fit: losses_centralized [(0, 0.0), (1, 0.0), (2, 0.0), (3, 0.0), (4, 0.0), (5, 0.0), (6, 0.0), (7, 0.0), (8, 0.0), (9, 0.0), (10, 0.0), (11, 0.0), (12, 0.0), (13, 0.0), (14, 0.0), (15, 0.0), (16, 0.0), (17, 0.0), (18, 0.0), (19, 0.0), (20, 0.0), (21, 0.0), (22, 0.0), (23, 0.0), (24, 0.0), (25, 0.0), (26, 0.0), (27, 0.0), (28, 0.0), (29, 0.0), (30, 0.0), (31, 0.0), (32, 0.0), (33, 0.0), (34, 0.0), (35, 0.0), (36, 0.0), (37, 0.0), (38, 0.0), (39, 0.0), (40, 0.0), (41, 0.0), (42, 0.0), (43, 0.0), (44, 0.0), (45, 0.0), (46, 0.0), (47, 0.0), (48, 0.0), (49, 0.0), (50, 0.0)]
INFO flwr 2026-07-20 11:20:12,682 | app.py:229 | app_fit: metrics_centralized {'mae': [(0, 78.55757300898192), (1, 32.67088479380454), (2, 20.01508043658349), (3, 19.261210729998925), (4, 18.762353731739907), (5, 18.04526157148423), (6, 18.536661970999933), (7, 19.616316733821744), (8, 18.718189727875494), (9, 19.823759663489557), (10, 19.27432329423966), (11, 19.14233976025735), (12, 19.67831474734891), (13, 19.962063993177107), (14, 19.945674380948468), (15, 19.825621078091284), (16, 20.11190645156368), (17, 19.736026944652682), (18, 19.686362558795558), (19, 19.83456084420604), (20, 21.2705291048173), (21, 21.780707113204464), (22, 20.731280784453116), (23, 19.969165809692875), (24, 20.49749759704836), (25, 21.474106057997673), (26, 21.652719936063214), (27, 20.876470958032915), (28, 22.329557257313883), (29, 21.392690973897135), (30, 21.547108104152063), (31, 21.147010726313436), (32, 22.03721087978732), (33, 22.625789880752563), (34, 21.858237212704076), (35, 21.708683736862675), (36, 21.621311372326268), (37, 21.93847317080344), (38, 22.41415480644472), (39, 22.651162878159553), (40, 22.40082267791994), (41, 22.171691233111964), (42, 22.637663018318914), (43, 22.825611352920532), (44, 22.440412452144006), (45, 22.893545996758245), (46, 22.674458334522864), (47, 22.651366126152777), (48, 23.19457020298127), (49, 23.13032482516381), (50, 22.797521837296024)], 'nasa_score': [(0, 1639345.8014829908), (1, 78939.96550442162), (2, 6723.127515344335), (3, 5236.575053089603), (4, 7446.021993744949), (5, 5667.762695063405), (6, 5054.647638273558), (7, 6305.07037629355), (8, 6593.0868983218825), (9, 8440.99887762119), (10, 22556.41546503792), (11, 18312.906915059604), (12, 30753.03982431812), (13, 29505.78287430308), (14, 26320.057709862525), (15, 26602.42368974447), (16, 20279.813034647203), (17, 11293.94513147895), (18, 16459.772813620053), (19, 12070.633826733432), (20, 13178.25345252368), (21, 17968.94656310804), (22, 13470.5544659671), (23, 9127.380339540525), (24, 13074.08540169712), (25, 13756.184473107784), (26, 14783.955954378298), (27, 14961.677297531449), (28, 18224.196150807176), (29, 11071.410755206925), (30, 13162.6162965308), (31, 11450.44571405313), (32, 18836.78558384685), (33, 18568.20342213227), (34, 19189.915578016135), (35, 19566.484125567695), (36, 12387.990451460442), (37, 16157.488714169574), (38, 14446.453111125204), (39, 15097.29693691546), (40, 14648.509524225761), (41, 14293.493201721813), (42, 14054.557371911946), (43, 19535.41672738381), (44, 13256.617728954252), (45, 16949.829484871636), (46, 21130.372078858087), (47, 17498.41006397218), (48, 30384.67263280054), (49, 16866.478476366352), (50, 11425.869471752409)]}

FedProx: {'method': 'fedprox', 'dataset': 'FD004', 'seed': 404, 'test_mae': 22.7975, 'nasa_score': 11425.87, 'comm_kb': 28900.78}

INFO flwr 2026-07-20 12:18:40,708 | app.py:225 | app_fit: losses_distributed [(1, 1873.625850588999), (2, 741.4613941074753), (3, 622.9476819432588), (4, 569.3194051972324), (5, 562.2517098535725), (6, 604.9867125836179), (7, 609.7194634963299), (8, 626.5171535302319), (9, 651.4941662307924), (10, 704.225367315201), (11, 722.8029415282656), (12, 734.1958468651163), (13, 738.3270997679078), (14, 748.2021032282978), (15, 741.5177342142805), (16, 799.7554302647783), (17, 773.0957489464671), (18, 773.9177760560258), (19, 815.6168833738157), (20, 800.091246990062), (21, 789.2000926979978), (22, 814.0590512048061), (23, 827.5235643754986), (24, 854.8232296743363), (25, 790.9848196081767), (26, 808.6506610984819), (27, 825.7313827084149), (28, 835.9641583905218), (29, 806.6899602771285), (30, 844.3544524832151), (31, 845.6603716032419), (32, 825.1453010364332), (33, 842.2159481282625), (34, 843.099661444849), (35, 830.7122182378841), (36, 829.8822637247922), (37, 839.8757192527132), (38, 862.3304065012472), (39, 847.6461513247663), (40, 859.7544858516517), (41, 835.1145702589268), (42, 868.333816286421), (43, 849.3431436281593), (44, 828.3879567550748), (45, 857.1168655634674), (46, 864.8172112471311), (47, 842.8248294076949), (48, 840.0246328487985), (49, 848.7883352331767), (50, 849.3586158188693)]
INFO flwr 2026-07-20 12:18:40,709 | app.py:226 | app_fit: metrics_distributed_fit {}
INFO flwr 2026-07-20 12:18:40,709 | app.py:227 | app_fit: metrics_distributed {'mae': [(1, 36.76191089662585), (2, 22.67235175925843), (3, 20.73571570977682), (4, 19.361356825258397), (5, 18.991304372641412), (6, 19.948980485682952), (7, 19.514551571864374), (8, 19.50197568313455), (9, 20.066908250151865), (10, 20.842652249368275), (11, 21.134818529879837), (12, 21.75298148230806), (13, 21.027780183312927), (14, 21.519587390112118), (15, 21.169774578827354), (16, 22.20168314044165), (17, 21.776070715139333), (18, 21.308690683627095), (19, 22.2874766087137), (20, 21.822627400433703), (21, 21.386137185137315), (22, 22.127920029636353), (23, 21.986053097627114), (24, 22.3250209217268), (25, 20.928658876534378), (26, 21.7379883389915), (27, 22.114815847530956), (28, 22.46048591928102), (29, 21.618868416368933), (30, 22.14294446662462), (31, 21.846322723402338), (32, 21.546376111055775), (33, 21.889368695482457), (34, 21.536510750257644), (35, 21.46509228342059), (36, 21.561706247598774), (37, 21.83180604927005), (38, 22.013861356804416), (39, 21.846525804183965), (40, 21.977892879685957), (41, 21.550014127363177), (42, 21.810644837211612), (43, 21.70249249910593), (44, 21.06249941916835), (45, 21.520997050755557), (46, 21.705645343833474), (47, 21.152229495289824), (48, 21.62121853535879), (49, 21.902993451198334), (50, 21.488467894954315)]}
INFO flwr 2026-07-20 12:18:40,710 | app.py:228 | app_fit: losses_centralized [(0, 0.0), (1, 0.0), (2, 0.0), (3, 0.0), (4, 0.0), (5, 0.0), (6, 0.0), (7, 0.0), (8, 0.0), (9, 0.0), (10, 0.0), (11, 0.0), (12, 0.0), (13, 0.0), (14, 0.0), (15, 0.0), (16, 0.0), (17, 0.0), (18, 0.0), (19, 0.0), (20, 0.0), (21, 0.0), (22, 0.0), (23, 0.0), (24, 0.0), (25, 0.0), (26, 0.0), (27, 0.0), (28, 0.0), (29, 0.0), (30, 0.0), (31, 0.0), (32, 0.0), (33, 0.0), (34, 0.0), (35, 0.0), (36, 0.0), (37, 0.0), (38, 0.0), (39, 0.0), (40, 0.0), (41, 0.0), (42, 0.0), (43, 0.0), (44, 0.0), (45, 0.0), (46, 0.0), (47, 0.0), (48, 0.0), (49, 0.0), (50, 0.0)]
INFO flwr 2026-07-20 12:18:40,712 | app.py:229 | app_fit: metrics_centralized {'mae': [(0, 78.24281335862413), (1, 39.48393504850326), (2, 21.645310663407848), (3, 21.142320244543015), (4, 20.40491097973239), (5, 20.684746580739176), (6, 20.191751214765734), (7, 20.338755084622292), (8, 20.04675902089765), (9, 20.180508778941245), (10, 20.864122136946648), (11, 21.22731094975625), (12, 21.58686936670734), (13, 21.808938880120554), (14, 21.703172333778873), (15, 21.564085560460246), (16, 21.34354877471924), (17, 21.364605845943576), (18, 21.35402293743626), (19, 21.404138911154963), (20, 21.620942538784398), (21, 21.40533664918715), (22, 21.996453031416863), (23, 21.72630556937187), (24, 21.430128351334602), (25, 22.024159762167162), (26, 21.634471716419345), (27, 21.375138075120987), (28, 21.958349443251088), (29, 21.49503534839999), (30, 22.132026433944702), (31, 21.972742111452163), (32, 21.502099414025583), (33, 20.916054856392645), (34, 21.54405480046426), (35, 21.947420197148478), (36, 21.51503422183375), (37, 22.101435945880027), (38, 21.982849690221972), (39, 21.88378418645551), (40, 21.46277020054479), (41, 21.970208244939005), (42, 21.87009279189571), (43, 21.7938227499685), (44, 21.455499003010413), (45, 21.393415651013775), (46, 21.200696929808586), (47, 21.683202420511552), (48, 22.00924857970207), (49, 21.70633243745373), (50, 21.896699167067005)], 'nasa_score': [(0, 1598592.4402636122), (1, 250347.07410243875), (2, 10367.785214308726), (3, 12302.555541761578), (4, 11978.517903058111), (5, 26764.642783978183), (6, 15778.653352515801), (7, 28381.753725568007), (8, 20182.559723558144), (9, 17658.563895818), (10, 12569.592088476116), (11, 20688.13157509133), (12, 18971.37065799078), (13, 33268.7081044678), (14, 34537.909036948426), (15, 24906.46842175925), (16, 19104.399231682895), (17, 22617.992934361704), (18, 30292.26600117811), (19, 20229.13972893087), (20, 36817.755181395034), (21, 22687.8899060865), (22, 57385.57682930256), (23, 41148.93275589215), (24, 28216.01656492906), (25, 77607.86021358057), (26, 51572.968094560725), (27, 50551.09098326962), (28, 53110.82792974303), (29, 50885.25145181689), (30, 57833.59976407903), (31, 55842.968661444116), (32, 57851.478521477206), (33, 61396.71132631936), (34, 55757.10253847605), (35, 73536.5787742179), (36, 85236.9936095939), (37, 74010.71527185934), (38, 86574.75978291321), (39, 65882.91728760772), (40, 59146.73361186809), (41, 87640.70605812423), (42, 97739.46151630834), (43, 76121.30070355075), (44, 87821.12589184362), (45, 89434.70036806003), (46, 77620.06841393195), (47, 101255.63079043201), (48, 79316.19792200968), (49, 30231.538364672724), (50, 82048.1157632474)]}

FedProx: {'method': 'fedprox', 'dataset': 'FD004', 'seed': 505, 'test_mae': 21.8967, 'nasa_score': 82048.12, 'comm_kb': 28900.78}

INFO flwr 2026-07-20 13:12:37,153 | app.py:225 | app_fit: losses_distributed [(1, 1876.6100689514997), (2, 629.6168981799524), (3, 455.1485772071846), (4, 438.3374094876943), (5, 417.11022965008004), (6, 436.5369926259426), (7, 441.8986808400822), (8, 417.39410820052336), (9, 427.09680814276464), (10, 444.5338412961175), (11, 451.9933647743704), (12, 450.32604081312365), (13, 490.0049863179756), (14, 505.7788120812358), (15, 508.4085758233813), (16, 524.0942855603662), (17, 538.4079728401366), (18, 532.8679292403041), (19, 532.5696357477054), (20, 535.3826685906582), (21, 547.3084359294957), (22, 571.2652917248893), (23, 592.0194831841912), (24, 585.2248562191883), (25, 600.3910858522713), (26, 584.7538551814631), (27, 593.2789431514223), (28, 601.5304350917456), (29, 633.7104715619274), (30, 604.7844461713024), (31, 601.1729963804163), (32, 640.6474034313802), (33, 645.8202020749537), (34, 598.8499361405065), (35, 605.9188638399569), (36, 611.8634092759078), (37, 653.4874926350062), (38, 693.9311585486493), (39, 631.7805584805992), (40, 659.4907627498712), (41, 644.6012295683748), (42, 648.9746684988256), (43, 693.6368236681982), (44, 651.7318228252183), (45, 699.2733975005602), (46, 665.0049587227942), (47, 659.0113314645654), (48, 677.6055632306712), (49, 690.0054193146813), (50, 675.3753096466328)]
INFO flwr 2026-07-20 13:12:37,154 | app.py:226 | app_fit: metrics_distributed_fit {}
INFO flwr 2026-07-20 13:12:37,155 | app.py:227 | app_fit: metrics_distributed {'mae': [(1, 38.54687678390853), (2, 20.670640968979946), (3, 16.488545992310147), (4, 17.142985509702946), (5, 16.329238639354404), (6, 16.833677169988167), (7, 16.67293216611487), (8, 16.08212457487022), (9, 16.343521224464514), (10, 16.428542797195615), (11, 16.661071261076742), (12, 16.88285533735018), (13, 17.46472746682944), (14, 17.27244585166558), (15, 17.54384755244259), (16, 17.719859762677395), (17, 17.656108763577816), (18, 17.67274528992331), (19, 17.95064422865036), (20, 17.625374939000853), (21, 17.962129627867316), (22, 18.384278337503396), (23, 18.29668468410592), (24, 18.462953163770926), (25, 18.488923845224484), (26, 17.698049321260754), (27, 18.235101112752837), (28, 18.8129981891791), (29, 19.011836511681707), (30, 18.412266303203797), (31, 18.735441453900304), (32, 18.59012842451021), (33, 18.703309786712516), (34, 18.55406653899468), (35, 18.236985727632025), (36, 18.638123532956836), (37, 18.54959179574482), (38, 19.3540653930966), (39, 18.78677881643713), (40, 18.855292162618632), (41, 19.05192334775084), (42, 18.67049829871358), (43, 19.1373972998802), (44, 19.333602843986206), (45, 19.37130790679979), (46, 19.05038078123205), (47, 18.733645394394422), (48, 18.712154250271773), (49, 19.342225006642288), (50, 19.053640190568412)]}
INFO flwr 2026-07-20 13:12:37,156 | app.py:228 | app_fit: losses_centralized [(0, 0.0), (1, 0.0), (2, 0.0), (3, 0.0), (4, 0.0), (5, 0.0), (6, 0.0), (7, 0.0), (8, 0.0), (9, 0.0), (10, 0.0), (11, 0.0), (12, 0.0), (13, 0.0), (14, 0.0), (15, 0.0), (16, 0.0), (17, 0.0), (18, 0.0), (19, 0.0), (20, 0.0), (21, 0.0), (22, 0.0), (23, 0.0), (24, 0.0), (25, 0.0), (26, 0.0), (27, 0.0), (28, 0.0), (29, 0.0), (30, 0.0), (31, 0.0), (32, 0.0), (33, 0.0), (34, 0.0), (35, 0.0), (36, 0.0), (37, 0.0), (38, 0.0), (39, 0.0), (40, 0.0), (41, 0.0), (42, 0.0), (43, 0.0), (44, 0.0), (45, 0.0), (46, 0.0), (47, 0.0), (48, 0.0), (49, 0.0), (50, 0.0)]
INFO flwr 2026-07-20 13:12:37,157 | app.py:229 | app_fit: metrics_centralized {'mae': [(0, 79.08028621217537), (1, 39.086007548916726), (2, 22.619049114565694), (3, 18.994814815059787), (4, 18.73318002685424), (5, 18.644572019577026), (6, 19.55835166285115), (7, 18.680078425715045), (8, 18.37842006068076), (9, 18.609196674439215), (10, 18.986050736519598), (11, 18.61015163698504), (12, 18.838097749217862), (13, 18.651199517711515), (14, 18.77339510763845), (15, 18.65273170317373), (16, 19.232998125014767), (17, 19.228575875682214), (18, 19.621461433749044), (19, 19.52847073924157), (20, 19.502545214468434), (21, 19.75968599704004), (22, 20.102616325501472), (23, 20.271986461454823), (24, 20.18554602130767), (25, 20.605257395775087), (26, 20.595685197461037), (27, 20.91054271113488), (28, 21.068739398833245), (29, 21.76491897336898), (30, 21.3256892465776), (31, 21.067000758263372), (32, 21.75895356362866), (33, 22.405665759117372), (34, 21.25415374386695), (35, 21.634424809486635), (36, 21.49041651141259), (37, 22.16083904235594), (38, 22.827868523136264), (39, 21.889425869910948), (40, 22.484732089504117), (41, 22.268439354435092), (42, 21.928901572381296), (43, 21.987032451937274), (44, 21.924012114924768), (45, 22.792493197225756), (46, 22.606582541619577), (47, 22.522570040918165), (48, 22.591928205182477), (49, 22.070895041188887), (50, 21.921727780372866)], 'nasa_score': [(0, 1704972.0147733018), (1, 114083.86587617), (2, 8834.589029867966), (3, 13963.887753302768), (4, 6884.242013357382), (5, 11402.090339608936), (6, 14870.40296668896), (7, 13199.898606082314), (8, 12555.499024791809), (9, 17186.198515089116), (10, 26402.24741775601), (11, 23146.277237480685), (12, 33046.00519876533), (13, 32159.734952779847), (14, 46805.436279056616), (15, 44779.67988423396), (16, 42667.877159294054), (17, 42602.75577581006), (18, 40053.95393246815), (19, 40459.62570176339), (20, 37869.3160787557), (21, 39424.233184608835), (22, 42517.600528087816), (23, 56821.0242020454), (24, 38326.71940492878), (25, 47649.80761542446), (26, 52996.96732478135), (27, 54191.31492190415), (28, 44333.41962767216), (29, 49528.384186468116), (30, 43190.04958335661), (31, 39111.20776152652), (32, 60851.91711512472), (33, 64203.60721878659), (34, 34399.76327396327), (35, 42711.54295778918), (36, 42221.27928844145), (37, 49823.220684568085), (38, 58228.61871635991), (39, 37574.106788232544), (40, 39954.006847670884), (41, 32950.1101441187), (42, 39166.36433212193), (43, 45909.519542249225), (44, 28930.15731199308), (45, 45027.78976777372), (46, 37099.576093449024), (47, 41131.395547011605), (48, 42170.23309524683), (49, 43282.4823885294), (50, 29881.527839846596)]}

FedProx: {'method': 'fedprox', 'dataset': 'FD004', 'seed': 606, 'test_mae': 21.9217, 'nasa_score': 29881.53, 'comm_kb': 28900.78}

INFO flwr 2026-07-20 14:06:56,918 | app.py:225 | app_fit: losses_distributed [(1, 2557.203312100401), (2, 643.0630035836923), (3, 615.2879049961733), (4, 574.5621822970638), (5, 559.6261233987465), (6, 582.9624862584915), (7, 521.8753355319747), (8, 546.7308369160731), (9, 577.1337430440558), (10, 583.4823903256182), (11, 590.0119822938256), (12, 599.9742755521155), (13, 599.9964088575531), (14, 625.610043296599), (15, 621.4384552226834), (16, 620.8894048365877), (17, 660.9439851507047), (18, 626.600296291687), (19, 634.7526205379518), (20, 646.2224895740206), (21, 669.517553086564), (22, 680.1809610526387), (23, 674.0562225116917), (24, 679.4117108342137), (25, 737.2231305675068), (26, 706.6226196553628), (27, 705.2138429480505), (28, 697.3589805176416), (29, 703.3260492279358), (30, 738.6794167282574), (31, 712.1928823959688), (32, 750.1105652199403), (33, 735.3864049388156), (34, 742.0053778560326), (35, 752.528860850638), (36, 777.2610991280783), (37, 753.5190035750146), (38, 795.4914350452597), (39, 762.355188247555), (40, 754.3516485577184), (41, 758.5125306313411), (42, 766.5964281866754), (43, 767.8358389018985), (44, 747.0752162131387), (45, 775.4562600693457), (46, 777.8323020005774), (47, 768.5395433840113), (48, 798.90755849639), (49, 795.5163504373578), (50, 782.3006388505094)]
INFO flwr 2026-07-20 14:06:56,918 | app.py:226 | app_fit: metrics_distributed_fit {}
INFO flwr 2026-07-20 14:06:56,919 | app.py:227 | app_fit: metrics_distributed {'mae': [(1, 45.788626709116656), (2, 20.384477690426777), (3, 19.686363413347326), (4, 19.27873769593952), (5, 18.590479308989433), (6, 19.253861209288996), (7, 17.97374293298808), (8, 18.060133129991286), (9, 18.827685541583698), (10, 18.820988004839055), (11, 18.631317488228444), (12, 18.925478450839634), (13, 18.293550579796946), (14, 18.859086623272443), (15, 19.17442497299717), (16, 18.88631179587997), (17, 19.519445092904398), (18, 19.05334982787266), (19, 19.332296214870524), (20, 19.33774158641483), (21, 19.708156804455584), (22, 19.834275635982625), (23, 19.538807523452103), (24, 19.99415299936864), (25, 20.97711790801645), (26, 20.26718082800023), (27, 20.495803356460023), (28, 20.04210419193924), (29, 20.337630205191623), (30, 20.665691883862664), (31, 20.55786431374155), (32, 20.312603693293656), (33, 20.697545637668963), (34, 20.701901442548852), (35, 20.81181760985561), (36, 20.843375753560622), (37, 20.64473763504326), (38, 21.182611072575007), (39, 20.889986483173345), (40, 20.581315050592245), (41, 20.38999364776016), (42, 20.61148432585704), (43, 21.0492073398056), (44, 20.638729615494654), (45, 20.63773193408981), (46, 20.98280152121198), (47, 20.657370621970994), (48, 21.28967914027366), (49, 20.576511488221247), (50, 20.557371724049766)]}
INFO flwr 2026-07-20 14:06:56,921 | app.py:228 | app_fit: losses_centralized [(0, 0.0), (1, 0.0), (2, 0.0), (3, 0.0), (4, 0.0), (5, 0.0), (6, 0.0), (7, 0.0), (8, 0.0), (9, 0.0), (10, 0.0), (11, 0.0), (12, 0.0), (13, 0.0), (14, 0.0), (15, 0.0), (16, 0.0), (17, 0.0), (18, 0.0), (19, 0.0), (20, 0.0), (21, 0.0), (22, 0.0), (23, 0.0), (24, 0.0), (25, 0.0), (26, 0.0), (27, 0.0), (28, 0.0), (29, 0.0), (30, 0.0), (31, 0.0), (32, 0.0), (33, 0.0), (34, 0.0), (35, 0.0), (36, 0.0), (37, 0.0), (38, 0.0), (39, 0.0), (40, 0.0), (41, 0.0), (42, 0.0), (43, 0.0), (44, 0.0), (45, 0.0), (46, 0.0), (47, 0.0), (48, 0.0), (49, 0.0), (50, 0.0)]
INFO flwr 2026-07-20 14:06:56,922 | app.py:229 | app_fit: metrics_centralized {'mae': [(0, 79.64424244032031), (1, 41.78633768327774), (2, 20.074413011150977), (3, 19.649706223318653), (4, 20.47359347727991), (5, 19.224249914769203), (6, 20.150408652520948), (7, 19.399731155364744), (8, 19.6643538436582), (9, 20.06719978778593), (10, 21.12370338363032), (11, 21.211210143181585), (12, 20.927558560525217), (13, 20.9683216656408), (14, 20.681073969410313), (15, 20.8513688618137), (16, 20.6713981820691), (17, 20.750655274237356), (18, 21.27195509787529), (19, 20.725945757281394), (20, 20.545089152551466), (21, 20.720621855028213), (22, 20.49464908722908), (23, 20.69943625696244), (24, 20.947334589496737), (25, 21.23335443004485), (26, 21.451927908005253), (27, 21.322557656995713), (28, 21.14132874242721), (29, 21.45339443606715), (30, 21.213899873918102), (31, 21.89796213180788), (32, 20.755615657375706), (33, 21.161107832385646), (34, 21.637460754763694), (35, 21.06590211006903), (36, 21.3319925262082), (37, 20.811613698159494), (38, 21.668155293310843), (39, 21.364458376361476), (40, 20.904009388339134), (41, 21.30201352796247), (42, 21.719704504935972), (43, 21.951749770872055), (44, 21.911824710907474), (45, 22.350996202038182), (46, 21.25485203343053), (47, 21.84613683146815), (48, 22.09581825810094), (49, 22.1988690745446), (50, 22.226022228117913)], 'nasa_score': [(0, 1778321.989025702), (1, 20512.591935820412), (2, 17828.386972875946), (3, 8990.407103158494), (4, 15710.452389732789), (5, 13696.753834586005), (6, 11403.86904443788), (7, 15974.416028059559), (8, 33735.820623296466), (9, 29093.465636680437), (10, 45481.75783491855), (11, 61521.21219654135), (12, 58510.22183729017), (13, 71540.72834516321), (14, 35627.50091056926), (15, 48202.19684831337), (16, 40878.32768166861), (17, 35267.280318855126), (18, 48427.63990545546), (19, 30862.30296862246), (20, 38129.204171167345), (21, 43736.828197244235), (22, 12121.827155993802), (23, 19247.60808266211), (24, 59427.45152165731), (25, 12159.93558080371), (26, 29311.6824262729), (27, 33070.1700707294), (28, 40759.18376400534), (29, 53852.62169180965), (30, 36305.27423417589), (31, 56792.01196831372), (32, 37969.62436981241), (33, 30379.51653162654), (34, 66673.39790706795), (35, 60029.56501091875), (36, 63188.83165944335), (37, 72369.96083357673), (38, 49076.14315929885), (39, 65844.03546163387), (40, 70934.46526428827), (41, 86516.90687191868), (42, 97286.9085134505), (43, 75919.15649813847), (44, 82396.36467748121), (45, 107026.4696964074), (46, 65736.71750513435), (47, 84766.68354604398), (48, 69115.54520943828), (49, 94541.40445390642), (50, 92152.63373165789)]}

FedProx: {'method': 'fedprox', 'dataset': 'FD004', 'seed': 707, 'test_mae': 22.226, 'nasa_score': 92152.63, 'comm_kb': 28900.78}

INFO flwr 2026-07-20 15:01:41,846 | app.py:225 | app_fit: losses_distributed [(1, 1875.619459183054), (2, 582.6404828072191), (3, 567.0368648255479), (4, 613.654685966626), (5, 637.7381959877515), (6, 655.4596037643663), (7, 688.4662768633183), (8, 754.2519680117564), (9, 773.3018161166914), (10, 751.9320946465414), (11, 757.6077233658866), (12, 765.2570716998955), (13, 749.719701700363), (14, 797.4697979110005), (15, 805.1219695120973), (16, 789.9427047937994), (17, 783.0527784629114), (18, 807.4549726149094), (19, 803.6611913510856), (20, 805.8633357929824), (21, 835.942298534162), (22, 802.3223837705726), (23, 809.6706453789939), (24, 824.3458808721086), (25, 843.923412287907), (26, 828.6938661352336), (27, 844.2057305257896), (28, 834.0592994618397), (29, 837.6785353380963), (30, 842.3777010005383), (31, 837.6974589238904), (32, 818.7441012794826), (33, 853.4192185670635), (34, 837.9813169189955), (35, 816.1810736472643), (36, 835.3532469165935), (37, 834.8584654796887), (38, 810.784718494325), (39, 830.8289580478448), (40, 863.5437295499248), (41, 826.7526282674768), (42, 838.4482882268793), (43, 843.2790504940026), (44, 829.0659997450664), (45, 814.2208588990163), (46, 827.109124536183), (47, 828.4917739741428), (48, 824.3340230772961), (49, 829.0329303065187), (50, 827.8871744395559)]
INFO flwr 2026-07-20 15:01:41,846 | app.py:226 | app_fit: metrics_distributed_fit {}
INFO flwr 2026-07-20 15:01:41,847 | app.py:227 | app_fit: metrics_distributed {'mae': [(1, 38.083943492633544), (2, 19.83262466317555), (3, 18.831719340666538), (4, 19.72335834252767), (5, 19.516621344619917), (6, 19.393764060448778), (7, 20.360645546810513), (8, 21.368007680694152), (9, 21.91075846232654), (10, 21.248826735464924), (11, 21.712710111835573), (12, 21.5173606400704), (13, 20.971949707900688), (14, 21.97158324366075), (15, 21.99609250478088), (16, 21.75438716043859), (17, 21.645733087118412), (18, 21.988061858403146), (19, 21.93181397415138), (20, 21.767950416558808), (21, 22.1516163464773), (22, 21.659852788737282), (23, 22.061195266729083), (24, 22.491121450875436), (25, 22.75990401262299), (26, 21.520619937242266), (27, 22.22656807878608), (28, 22.288280219960193), (29, 22.142444023588165), (30, 22.091470162890005), (31, 22.02925720020651), (32, 21.948354795509932), (33, 22.22475215768435), (34, 22.101879956605785), (35, 22.174013637267787), (36, 22.278070703983264), (37, 22.13269127749264), (38, 21.64792717990465), (39, 22.019054340445336), (40, 22.647491498686346), (41, 21.765167303103212), (42, 21.99816488157141), (43, 22.380420802692925), (44, 22.22712965949344), (45, 22.13631939255596), (46, 21.83648466546482), (47, 21.684827102745622), (48, 21.99621086004771), (49, 21.861996144687126), (50, 21.49979185404347)]}
INFO flwr 2026-07-20 15:01:41,848 | app.py:228 | app_fit: losses_centralized [(0, 0.0), (1, 0.0), (2, 0.0), (3, 0.0), (4, 0.0), (5, 0.0), (6, 0.0), (7, 0.0), (8, 0.0), (9, 0.0), (10, 0.0), (11, 0.0), (12, 0.0), (13, 0.0), (14, 0.0), (15, 0.0), (16, 0.0), (17, 0.0), (18, 0.0), (19, 0.0), (20, 0.0), (21, 0.0), (22, 0.0), (23, 0.0), (24, 0.0), (25, 0.0), (26, 0.0), (27, 0.0), (28, 0.0), (29, 0.0), (30, 0.0), (31, 0.0), (32, 0.0), (33, 0.0), (34, 0.0), (35, 0.0), (36, 0.0), (37, 0.0), (38, 0.0), (39, 0.0), (40, 0.0), (41, 0.0), (42, 0.0), (43, 0.0), (44, 0.0), (45, 0.0), (46, 0.0), (47, 0.0), (48, 0.0), (49, 0.0), (50, 0.0)]
INFO flwr 2026-07-20 15:01:41,848 | app.py:229 | app_fit: metrics_centralized {'mae': [(0, 79.00290993120402), (1, 39.22194336306664), (2, 20.585371252029173), (3, 20.347784765305057), (4, 20.27909774934092), (5, 21.655479715716453), (6, 21.225366869280414), (7, 21.95239027853935), (8, 21.227088843622514), (9, 21.558731855884677), (10, 21.631313796966307), (11, 22.959551307462878), (12, 22.49189251853574), (13, 23.454221967727907), (14, 22.750977227764746), (15, 22.996302823866568), (16, 23.95543009235013), (17, 23.453210949897766), (18, 24.043191902099117), (19, 23.710817917700737), (20, 24.13454306894733), (21, 23.059254254064253), (22, 23.491929069642097), (23, 23.91543545646052), (24, 23.821974016004994), (25, 23.92604648682379), (26, 24.288300006620346), (27, 24.14939965740327), (28, 23.90565246920432), (29, 24.11527315262825), (30, 24.876849920518936), (31, 24.16270564448449), (32, 24.97850496538224), (33, 24.787364767443748), (34, 24.302586716990316), (35, 24.009876266602546), (36, 24.751094995006437), (37, 24.552887132090905), (38, 23.80495127554863), (39, 24.24105208919894), (40, 24.715125383869296), (41, 24.602481726677187), (42, 25.350373106618083), (43, 24.535414072775072), (44, 24.494222125699444), (45, 24.85478340425799), (46, 25.32369322930613), (47, 24.93830398590334), (48, 25.315181970596313), (49, 24.145004557025047), (50, 24.560671360261978)], 'nasa_score': [(0, 1697344.1771104275), (1, 144197.20944131422), (2, 8590.37691965813), (3, 12192.211982020886), (4, 12382.871458596162), (5, 48902.518196026394), (6, 50686.25410169859), (7, 60368.92359825367), (8, 57907.629950934286), (9, 50919.48426194911), (10, 57945.81711790637), (11, 53448.01125372809), (12, 61917.490366412), (13, 71331.66891462739), (14, 58333.73626145956), (15, 62427.64698435333), (16, 72717.60893034283), (17, 70741.88683111643), (18, 63292.259717463865), (19, 67686.30670399583), (20, 64109.70441019652), (21, 44001.678392571455), (22, 59352.3452616981), (23, 50187.163232094645), (24, 44095.42200561626), (25, 54485.75840349104), (26, 79060.93781895732), (27, 66631.79633162108), (28, 57878.563850282335), (29, 63173.20355411171), (30, 66994.72588535199), (31, 56156.35784723705), (32, 66944.70694602518), (33, 71000.32951003604), (34, 63425.44162155819), (35, 65714.95335796951), (36, 65492.63211699318), (37, 72154.28143740953), (38, 73877.74449670746), (39, 70246.51106277987), (40, 75692.09582397372), (41, 79374.41195402658), (42, 88093.74456767693), (43, 69867.70961608825), (44, 62370.435436578744), (45, 65558.23567525127), (46, 78994.58475348052), (47, 72756.55228522523), (48, 65099.444419670515), (49, 73181.15790466403), (50, 95467.79005061771)]}

FedProx: {'method': 'fedprox', 'dataset': 'FD004', 'seed': 808, 'test_mae': 24.5607, 'nasa_score': 95467.79, 'comm_kb': 28900.78}

INFO flwr 2026-07-09 22:35:04,014 | app.py:225 | app_fit: losses_distributed [(1, 2228.290747380448), (2, 609.4559113381177), (3, 500.3090265232359), (4, 508.94515226133603), (5, 440.06013315743473), (6, 431.0063504411999), (7, 472.65578424919437), (8, 474.58697949599576), (9, 505.49313729904577), (10, 465.9509111729021), (11, 527.0578380793517), (12, 525.0438159847847), (13, 536.7465342709266), (14, 545.2615462313316), (15, 550.0114634154156), (16, 573.5622428923973), (17, 594.9327777653749), (18, 594.7361407010061), (19, 595.3285294762064), (20, 575.2403532470383), (21, 592.9109663255144), (22, 607.0940083760804), (23, 617.1120226265181), (24, 604.8051583760256), (25, 607.1969146557485), (26, 597.5312249525538), (27, 616.6109309660571), (28, 665.9540780856858), (29, 623.212348451976), (30, 623.4839057858227), (31, 649.3486798031852), (32, 643.9164527338642), (33, 640.6224243973608), (34, 634.8070938307037), (35, 630.29973650041), (36, 632.5137312141018), (37, 654.0676257587606), (38, 647.7573559877028), (39, 652.5368390581261), (40, 661.8964293088152), (41, 641.9049327329411), (42, 656.3887707535495), (43, 702.3113821718418), (44, 647.3766627234208), (45, 680.0835418102564), (46, 656.1199027121502), (47, 681.6831222155062), (48, 708.4382555138702), (49, 670.9301043702312), (50, 707.9500885636878)]
INFO flwr 2026-07-09 22:35:04,015 | app.py:226 | app_fit: metrics_distributed_fit {}
INFO flwr 2026-07-09 22:35:04,015 | app.py:227 | app_fit: metrics_distributed {'mae': [(1, 42.714963406998045), (2, 20.88913817060967), (3, 18.488132992749257), (4, 18.344409319433836), (5, 17.60528880699581), (6, 16.92798211065471), (7, 17.82933313112136), (8, 17.340127516300594), (9, 17.569225036383077), (10, 17.418737563823242), (11, 18.270204706368393), (12, 17.631639330226328), (13, 18.033025421785368), (14, 18.7450184215458), (15, 18.245987709361817), (16, 18.72667762361552), (17, 19.131649405894358), (18, 18.83682182493019), (19, 18.814929710066075), (20, 18.657485939466284), (21, 18.64053000126423), (22, 19.03411766392882), (23, 19.194085341178656), (24, 18.817827604205814), (25, 18.802873042773115), (26, 18.71408847281137), (27, 18.71410476900853), (28, 19.78733596324297), (29, 19.222212752960964), (30, 19.102300473602824), (31, 19.514971430048238), (32, 18.890134722946428), (33, 19.053604335132857), (34, 19.006848934229883), (35, 19.30550349139508), (36, 19.09736605713173), (37, 19.10802461819049), (38, 18.68886250699544), (39, 19.407025708676542), (40, 19.333692484919254), (41, 19.40675978559925), (42, 18.90121007032446), (43, 19.836802562062992), (44, 19.040231592740252), (45, 19.70750785430703), (46, 19.522605708396792), (47, 19.421142796723615), (48, 19.90474273083746), (49, 19.221602952527082), (50, 19.651562991463845)]}
INFO flwr 2026-07-09 22:35:04,016 | app.py:228 | app_fit: losses_centralized [(0, 0.0), (1, 0.0), (2, 0.0), (3, 0.0), (4, 0.0), (5, 0.0), (6, 0.0), (7, 0.0), (8, 0.0), (9, 0.0), (10, 0.0), (11, 0.0), (12, 0.0), (13, 0.0), (14, 0.0), (15, 0.0), (16, 0.0), (17, 0.0), (18, 0.0), (19, 0.0), (20, 0.0), (21, 0.0), (22, 0.0), (23, 0.0), (24, 0.0), (25, 0.0), (26, 0.0), (27, 0.0), (28, 0.0), (29, 0.0), (30, 0.0), (31, 0.0), (32, 0.0), (33, 0.0), (34, 0.0), (35, 0.0), (36, 0.0), (37, 0.0), (38, 0.0), (39, 0.0), (40, 0.0), (41, 0.0), (42, 0.0), (43, 0.0), (44, 0.0), (45, 0.0), (46, 0.0), (47, 0.0), (48, 0.0), (49, 0.0), (50, 0.0)]
INFO flwr 2026-07-09 22:35:04,017 | app.py:229 | app_fit: metrics_centralized {'mae': [(0, 78.86969875568344), (1, 40.748546200413855), (2, 21.97854379300148), (3, 21.01207709696985), (4, 19.46664736347814), (5, 19.442983450428134), (6, 19.173711919015453), (7, 19.286703448141775), (8, 20.092836503059633), (9, 20.873022052549548), (10, 20.21556665051368), (11, 21.18801159627976), (12, 20.132031379207486), (13, 20.839306631395893), (14, 21.11872942216935), (15, 20.22122012030694), (16, 20.672017301282576), (17, 20.760970246407293), (18, 21.04952242297511), (19, 20.988412749382757), (20, 21.11982701670739), (21, 21.372526291877993), (22, 21.293335314719908), (23, 21.227756638680734), (24, 20.873103064875448), (25, 20.77735452498159), (26, 20.34484900197675), (27, 21.011179824029245), (28, 21.77872754681495), (29, 21.022306396115212), (30, 20.969426285836004), (31, 21.89654334898918), (32, 21.012533295539118), (33, 21.558024321832963), (34, 21.20104645144555), (35, 21.514348737655148), (36, 20.899358649407663), (37, 21.647286930391864), (38, 21.49768627843549), (39, 21.5748074746901), (40, 21.777129511679373), (41, 21.376039105076945), (42, 21.135964608961537), (43, 22.25928911855144), (44, 21.24469140268141), (45, 21.19925126721782), (46, 21.46600383327853), (47, 21.92636594464702), (48, 22.141416826555805), (49, 21.583594675986998), (50, 22.177349721231767)], 'nasa_score': [(0, 1677290.4855145384), (1, 23215.79572963911), (2, 5984.603419716021), (3, 8780.672981978782), (4, 15018.1493525845), (5, 6942.806403940582), (6, 11605.658423553275), (7, 10418.491872241739), (8, 26697.729218974666), (9, 43732.49941847737), (10, 35847.21188179597), (11, 36944.63989943355), (12, 35983.87344755565), (13, 31767.250561225086), (14, 36638.95765884398), (15, 46721.371146658465), (16, 50124.38218304228), (17, 45509.211373304526), (18, 48611.87375941322), (19, 55445.23935342088), (20, 45131.71149037437), (21, 60597.657318437596), (22, 51382.92382629667), (23, 51726.186379789564), (24, 51128.92573198945), (25, 56486.76503624054), (26, 35912.71315196275), (27, 67280.88519346747), (28, 83237.97388080953), (29, 64785.51473189734), (30, 55134.55220392835), (31, 66088.77329155014), (32, 63074.97998829041), (33, 74534.98409724321), (34, 58095.144159426374), (35, 55887.13211022572), (36, 49499.99333736076), (37, 81730.15151710075), (38, 73987.5701365701), (39, 72903.7736907342), (40, 66275.44641695022), (41, 38299.284818238986), (42, 86464.60485198542), (43, 42256.47535556478), (44, 51122.1189889185), (45, 42135.6258974535), (46, 44815.60224373458), (47, 88603.99559349295), (48, 80637.78222717525), (49, 69583.04091336345), (50, 84984.47651319983)]}

FedProx: {'method': 'fedprox', 'dataset': 'FD004', 'seed': 2026, 'test_mae': 22.1773, 'nasa_score': 84984.48, 'comm_kb': 28900.78}

